序号,抽样层,签名ID,PMCID,链接,指标,被采用字段,年份,原文声称值,我方重算值,偏倚,抽取方式,置信度,语境,原文原句,你的核对结果,备注
1,① 主结论支柱(5年AUC配对),SIG261,PMC10281280,https://europepmc.org/article/PMC/PMC10281280,AUC,claim_auc5,5,0.782,0.5459,0.2361,seq_post,sent,unk,"In the TCGA-colon cancer dataset, the area under curve (AUC) for 1-year, 3-year and 5-year was 0.710, 0.708 and 0.782, respectively ( Figure 3A ).",,
2,① 主结论支柱(5年AUC配对),SIG284,PMC10367930,https://europepmc.org/article/PMC/PMC10367930,AUC,claim_auc5,5,0.609,0.6367,-0.0277,seq_pre,sent,unk,"The TCGA-COAD dataset had AUCs of 0.632, 0.621, and 0.609 for predicting 1-, 3-, and 5-year survival.",,
3,① 主结论支柱(5年AUC配对),SIG219,PMC11331578,https://europepmc.org/article/PMC/PMC11331578,AUC,claim_auc5,5,0.54,0.52,0.02,seq_post,sent,train,"ROC curves also revealed that the AUC value of 1-, 3-, 5-years in training set were 0.75, 0.69, and 0.75, and the AUC value of 1-, 3-, 5-years in test set were 0.72, 0.7, and 0.54 ( Figure 4G -H).",,
4,① 主结论支柱(5年AUC配对),SIG214,PMC12436457,https://europepmc.org/article/PMC/PMC12436457,AUC,claim_auc5,5,0.583881,0.57,0.0139,seq_post,win,valid,"1, 3, and 5-year survival probabilities based on age and RiskScore. D. Calibration plot comparing observed and predicted overall survival (OS) for different years. E. Decision curve analysis indicating standard net benefit across different ",,
5,① 主结论支柱(5年AUC配对),SIG157,PMC12778156,https://europepmc.org/article/PMC/PMC12778156,AUC,claim_auc5,5,0.697,0.5715,0.1255,seq_post,sent,train,"The AUC values for the 1-year, 3-year, and 5-year OS were 0.698, 0.678, and 0.697, respectively, in the TCGA training cohort (Fig.",,
6,① 主结论支柱(5年AUC配对),SIG195,PMC12855974,https://europepmc.org/article/PMC/PMC12855974,AUC,claim_auc5,5,0.774,0.5313,0.2427,seq_post,sent,unk,"The area under the curve (AUC) for 1-year, 3-year, and 5-year survival rates were 0.76, 0.753, and 0.774, respectively, indicating the robustness of the model.",,
7,① 主结论支柱(5年AUC配对),SIG188,PMC13059483,https://europepmc.org/article/PMC/PMC13059483,AUC,claim_auc5,5,0.981,0.5567,0.4243,seq_post,sent,unk,"The results suggested that in the GSE39582 cohort, the model exhibited excellent discriminative ability, with 1-, 3-, and 5-year time-dependent AUC values of 0.943, 0.961, and 0.981, respectively (Fig.",,
8,① 主结论支柱(5年AUC配对),SIG216,PMC13187096,https://europepmc.org/article/PMC/PMC13187096,AUC,claim_auc5,5,0.824,0.6067,0.2173,seq_pre,sent,unk,"Moreover, the model achieved AUC values of 0.791, 0.793, and 0.824 for 1-, 3-, and 5-year OS predictions, respectively, demonstrating its robust and consistent prognostic capability.",,
9,① 主结论支柱(5年AUC配对),SIG148,PMC13480840,https://europepmc.org/article/PMC/PMC13480840,AUC,claim_auc5,5,0.645,0.5833,0.0617,seq_post,sent,unk,"9 C) showed 1-, 3-, and 5-year area under the curves (AUCs) of 0.698, 0.711, and 0.645, respectively.",,
10,① 主结论支柱(5年AUC配对),SIG267,PMC9485806,https://europepmc.org/article/PMC/PMC9485806,AUC,claim_auc5,5,0.796,0.5456,0.2504,seq_post,sent,unk,"The area under the curve (AUC) values of the ROC curve for 3-years and 5-years OS were 0.775 and 0.796, respectively ( Figure 3E ).",,
11,① 主结论支柱(5年AUC配对),SIG283,PMC9636133,https://europepmc.org/article/PMC/PMC9636133,AUC,claim_auc5,5,0.64,0.5456,0.0944,seq_post,sent,unk,"Then time-dependent ROC curve was used to verify the accuracy of the mitophagy gene signature and showed that the AUC of 1-, 3- and 5-year survival were 0.66, 0.66 and 0.64, respectively (Fig.",,
12,① 主结论支柱(5年AUC配对),SIG077,PMC9932052,https://europepmc.org/article/PMC/PMC9932052,AUC,claim_auc5,5,0.77,0.5464,0.2236,seq_post,sent,train,"Furthermore, the area under the curve (AUC) values of the patients' 1-, 3-, 5-year survival rates were predicted as 0.681, 0.684 and 0.770 in the entire group, respectively.",,
13,② C-index配对,SIG275,PMC12328357,https://europepmc.org/article/PMC/PMC12328357,C-index,claim_c,,0.4606,0.5199,-0.0593,,win,unk," × GP1BA + (0.4606) × TIMP1 + (-0.2331) × MMP10 + (-0.3357) × F2RL2 ( Figures 7E, F ). Time-dependent C-index curves were generated for various factors, revealing that the combined model had the highest C-index compared to individual variab",,
14,② C-index配对,SIG139,PMC12686144,https://europepmc.org/article/PMC/PMC12686144,C-index,claim_c,,0.793,0.5321,0.2609,,sent,unk,"Calibration curves demonstrated excellent concordance between predicted and observed outcomes across all time points, with a C-index of 0.793 (95% CI:",,
15,② C-index配对,SIG005,PMC12830534,https://europepmc.org/article/PMC/PMC12830534,C-index,claim_c,,0.7,0.5298,0.1702,,sent,unk,"Meanwhile, according to cox regression analysis, the C index of the model was 0.7, and 6 risk genes which include PTGS2 , P4HA1 , P4HA3 , PXDNL , DLAT and GLRX were screened (Fig.",,
16,② C-index配对,SIG245,PMC13150367,https://europepmc.org/article/PMC/PMC13150367,C-index,claim_c,,0.66,0.5414,0.1186,,sent,valid,"[ 17 ] reported a 5-gene m6A model with C-index 0.66 in single-cohort validation, and Wang et al.",,
17,② C-index配对,SIG062,PMC13223593,https://europepmc.org/article/PMC/PMC13223593,C-index,claim_c_train,,0.6,0.517,0.12,,sent,train,"We created a pool of robust candidates by filtering for model combinations with a mean C-index ≥ 0.6 across all four (training, test and two validation) datasets.",,
18,② C-index配对,SIG022,PMC13512344,https://europepmc.org/article/PMC/PMC13512344,C-index,claim_c,,0.653,0.5499,0.1031,,sent,train,"As reflected in our results, the C-index of the GAT model drops sharply from 0.906 in the TCGA training set to 0.653 in the external GSE39582 test cohort, which clearly reveals mild overfitting of the 16-head GAT architecture.",,
19,③ 高风险绑定/窗口级,SIG221,PMC10644708,https://europepmc.org/article/PMC/PMC10644708,AUC,claim_auc3,3,0.805,,,one_nearest,sent,unk,"Specifically, the 3-year Area AUC value for the four-gene risk score model was an impressive 0.805, surpassing the predictive potential of individual clinical factors, including the AJCC TNM stage (AUC = 0.688), patient’s age (AUC = 0.643),",,
20,③ 高风险绑定/窗口级,SIG235,PMC11089903,https://europepmc.org/article/PMC/PMC11089903,C-index,claim_c,,0.5236,0.5772,-0.0479,,win,unk,PK2 + (0.3129) × VIP + (0.2508) × RGS16 + (0.1581) × MARCO + (−0.1568) × SLC28A2 + (0.2054) × CCL24 + (−0.4771) × CMKLR1 + (−0.5236) × SLAMF1 + (−0.5293) × SRI + (−0.7741) × NOD2 ( Figure 6D ). We conducted time-dependent C-index curves of ,,
21,③ 高风险绑定/窗口级,SIG070,PMC11330954,https://europepmc.org/article/PMC/PMC11330954,AUC,claim_auc1,1,0.576,,,seq_post,win,unk," survival curves, the high-risk group had worse clinical outcomes in terms of OS compared to the low-risk group (Fig. 3 D). When comparing the area under the curve (AUC) values of the prognostic markers of the three genes with each individu",,
22,③ 高风险绑定/窗口级,SIG141,PMC12605350,https://europepmc.org/article/PMC/PMC12605350,AUC,claim_auc5_max,5,0.707,0.4997,0.1983,one_nearest,sent,valid,"Validation in independent GEO datasets ( GSE39582 , GSE38832 , GSE17536 ) confirmed the model’s robustness (AUC 0.642–0.707 for 1/3/5-year OS).",,
23,③ 高风险绑定/窗口级,SIG025,PMC12714941,https://europepmc.org/article/PMC/PMC12714941,C-index,（未采用）,,0.882,,,,win,unk," closely aligned with the actual outcomes ( Figure 6C ), indicating excellent predictive performance. To compare the sensitivity and specificity of the nomogram, risk score, and conventional clinicopathological features in predicting progno",,
24,③ 高风险绑定/窗口级,SIG025,PMC12714941,https://europepmc.org/article/PMC/PMC12714941,C-index,（未采用）,,0.842,,,,win,unk," closely aligned with the actual outcomes ( Figure 6C ), indicating excellent predictive performance. To compare the sensitivity and specificity of the nomogram, risk score, and conventional clinicopathological features in predicting progno",,
25,③ 高风险绑定/窗口级,SIG025,PMC12714941,https://europepmc.org/article/PMC/PMC12714941,C-index,（未采用）,,0.842,,,,win,unk,"the actual outcomes ( Figure 6C ), indicating excellent predictive performance. To compare the sensitivity and specificity of the nomogram, risk score, and conventional clinicopathological features in predicting prognosis, we conducted time",,
26,③ 高风险绑定/窗口级,SIG135,PMC13546553,https://europepmc.org/article/PMC/PMC13546553,AUC,claim_auc3,3,0.83,,,one_nearest,sent,unk,"Their three-gene signature robustly stratified patients into high- and low-risk subsets [3-year area under the curve (AUC) 0.83–0.85, P 0.001].",,
27,"④ 多年份连排(1-,3-,5-)",SIG059,PMC11153738,https://europepmc.org/article/PMC/PMC11153738,AUC,claim_auc5,5,0.746,0.5121,0.2339,seq_post,sent,unk,"The model’s AUC values for 1-, 3-, and 5-year overall survival (OS) were 0.704, 0.737, and 0.746.",,
28,"④ 多年份连排(1-,3-,5-)",SIG262,PMC12117421,https://europepmc.org/article/PMC/PMC12117421,AUC,claim_auc5,5,0.734,0.523,0.211,seq_post,sent,unk,"(E) Time-dependent receiver operating characteristic curves for 1-, 3- and 5-year survival predictions, with AUC values of 0.733, 0.733 and 0.734, respectively.",,
29,"④ 多年份连排(1-,3-,5-)",SIG216,PMC13187096,https://europepmc.org/article/PMC/PMC13187096,AUC,claim_auc5,5,0.824,0.6067,0.2173,seq_pre,sent,unk,"However, ROC curve analyses demonstrated that the IMRG-based model exhibited superior predictive accuracy, achieving AUC values of 0.791, 0.793, and 0.824 for 1-, 3-, and 5-year OS, respectively (Fig.",,
30,"④ 多年份连排(1-,3-,5-)",SIG129,PMC13190658,https://europepmc.org/article/PMC/PMC13190658,AUC,claim_auc5,5,0.837,0.5564,0.2806,seq_post,sent,unk,"The AUCs for 1-, 3- and 5-year of the nomogram were 0.823, 0.826 and 0.837, respectively ( Figure 6B ).",,
