sig_id,year,journal,title,pmcid,url,n_gene,genes,sig_type
SIG001,2026,Asian Pacific journal of cancer prevention : APJCP,Identification and Validation of Prognostic Biomarker Signatures Associated with Overall Survival in Colorectal Cancer: Evidence from Bioinformatics Analysis and an in vivo Study,PMC13380873,https://europepmc.org/article/PMC/PMC13380873,4,SPP1;CHEK1;KIF18A;MAD2L1,pure_mRNA
SIG002,2026,Discover oncology,RNF research trends and an RNF43-based prognostic model for colorectal cancer with immune microenvironment analysis,PMC13530082,https://europepmc.org/article/PMC/PMC13530082,4,LGR4;RSPO4;AKAP8L;RNF43,pure_mRNA
SIG003,2025,Frontiers in immunology,A mitochondrial lipid metabolism-related gene signature predicts prognosis and immune landscape in colorectal cancer,PMC12640859,https://europepmc.org/article/PMC/PMC12640859,13,ABHD4;ABHD8;HDHD5;PNPLA4;GK5;CPT2;YJEFN3;CRYAB;HSPA1A;MAPK1;ATG7;HDAC3;ACAT2,pure_mRNA
SIG004,2025,Scientific reports,"Comprehensive analysis of mitochondrial-related gene signature for prognosis, tumor immune microenvironment evaluation, and candidate drug development in colon cancer",PMC11842742,https://europepmc.org/article/PMC/PMC11842742,9,PPARGC1A;HSPA1A;MTUS1;MSRA;GLYATL1;TRAP1;OSBPL1A;MMP1;KCNJ11,pure_mRNA
SIG005,2025,Discover oncology,Machine learning-based construction of an oxidative stress-related model reveals molecular subtypes and tumor microenvironment infiltration signatures in colon cancer,PMC12830534,https://europepmc.org/article/PMC/PMC12830534,6,PXDNL;PTGS2;DLAT;GLRX;P4HA1;P4HA3,pure_mRNA
SIG006,2026,Cancer medicine,Identification of an Immune Cell Gene Signature for Predicting Response and Prognosis in Rectal Cancer Patients Undergoing Neoadjuvant Chemoradiotherapy,PMC13392207,https://europepmc.org/article/PMC/PMC13392207,8,RNF183;CHEK2;IFRD2;PPFIA2;BMP2;PACSIN2;SETD5;LITAF,pure_mRNA
SIG007,2026,Discover oncology,Up-regulation of SLC26A3 enhances oxaliplatin sensitivity in colorectal cancer,PMC13407781,https://europepmc.org/article/PMC/PMC13407781,15,SYTL2;SLC26A2;SLC4A4;CLMN;RPS15A;MIF;KLF4;ZG16;CA2;CCDC68;CEACAM7;PLCE1;NR5A2;NR3C2;SLC26A3,pure_mRNA
SIG009,2026,Discover oncology,Identification of pyroptosis and hypoxia related molecular subtypes and a prognostic signature in colorectal cancer,PMC13234113,https://europepmc.org/article/PMC/PMC13234113,6,HLA-DQB2;GAL;OXCT1;HES4;SHROOM2;TM4SF4,pure_mRNA
SIG010,2025,BMC gastroenterology,Identification and validation of a CD4&lt;sup&gt;+&lt;/sup&gt; T cell-related prognostic model to predict immune responses in stage III-IV colorectal cancer,PMC11895157,https://europepmc.org/article/PMC/PMC11895157,6,CD2;CD9;ANXA2;RORA;RGS1;HLA-DRA,pure_mRNA
SIG011,2025,Discover oncology,Immunological characterization and prognostic of colon cancer evaluated by angiogenesis-related features: a computational analysis and in vitro experiments,PMC11780071,https://europepmc.org/article/PMC/PMC11780071,3,CD36;ERAP1;TNFRSF1B,pure_mRNA
SIG012,2025,European journal of medical research,Construction and validation of a prognostic model for colorectal cancer based on bioinformatics and basement membrane-related genes,PMC12629019,https://europepmc.org/article/PMC/PMC12629019,3,GPC2;SPOCK3;UNC5D,pure_mRNA
SIG013,2025,Frontiers in immunology,Intratumor heterogeneity score reveals immune landscape and survival stratification in colorectal cancer,PMC12813002,https://europepmc.org/article/PMC/PMC12813002,9,IL20RB;PCOLCE2;SIX4;HOXC4;UPK3B;HOXC8;NGF;MPP2;PTH1R,pure_mRNA
SIG014,2025,Frontiers in pharmacology,Multi-omics integration and machine learning-driven construction of an immunogenic cell death prognostic model for colon cancer and functional validation of FCGR2A,PMC12872855,https://europepmc.org/article/PMC/PMC12872855,15,FCGR2A;CTSD;VIM;COTL1;CCL5;VAMP2;ITM2A;LCK;IL2RB;BATF;ARL4C;CD52;ISG15;RGS1;GBP2,pure_mRNA
SIG015,2026,Scientific reports,A pseudouridine-related prognostic model of colorectal cancer based on single-cell sequencing analysis and transcriptome analysis,PMC12873357,https://europepmc.org/article/PMC/PMC12873357,3,BCL10;TAF1B;WWTR1,pure_mRNA
SIG016,2026,Communications biology,A nucleolar stress gene signature enables quantitative scoring across multi-omics contexts,PMC13379586,https://europepmc.org/article/PMC/PMC13379586,57,ACTA2;ATM;ATR;BAX;BBC3;BLOC1S2;CDKN1A;CDKN2A;CYP1A1;DDB2;FAS;FDXR;HIF1A;MAPK14;PHLDA3;RPL22;RPL26;RPL3;RPL5;RPS2;RPS27L;SRSF1;TNFRSF10B;TNFSF9;TP53;ZMAT3;AKT1;BCL2;BOP1;CHAC1;E2F1;FBXO5;FTO;GNL3;GRWD1;HEATR1;IMPDH2;MDM4;NEDD4;NOLC1;NOP53;NPM1;PIM1;POLR1A;PPAN;RIOK1;RPL27A;RPL9;RPS15A;RPS19;RPS6;RRP15;SBDS;SIRT1;TAF1B;TRIM24;UBTF,pure_mRNA
SIG018,2025,Heliyon,A novel gene signature for predicting outcome in colorectal cancer patients based on tumor cell-endothelial cell interaction via single-cell sequencing and machine learning,PMC11815678,https://europepmc.org/article/PMC/PMC11815678,9,AHNAK2;AKAP12;CA3;GAL;HOXC6;RUNX3;FOXC1;GABRD;KCNMB3,pure_mRNA
SIG019,2025,Discover oncology,A ferroptosis-related risk model for non-coding RNA AC002331.1 in colon cancer: construction via competing endogenous RNA network analysis,PMC12325823,https://europepmc.org/article/PMC/PMC12325823,12,KRAS;NRAS;MAPK1;HMGB1;CDKN1A;TP53;MAPK9;MAPK8;EGLN2;SLC2A3;VEGFA;ELAVL1,pure_mRNA
SIG020,2025,Genes,Identifying CDCA4 as a Radiotherapy Resistance-Associated Gene in Colorectal Cancer by an Integrated Bioinformatics Analysis Approach,PMC12193651,https://europepmc.org/article/PMC/PMC12193651,5,CDCA4;FANCA;PBRM1;RPL13;C12ORF43,pure_mRNA
SIG021,2026,Journal of Cancer,An integrated bulk and single-cell transcriptomic analysis reveals stemness-driven immune regulation and therapeutic vulnerability in colorectal cancer,PMC13104719,https://europepmc.org/article/PMC/PMC13104719,10,SLC2A3;SERPINE1;MT-ND2;LTBP1;CPNE7;SFRP2;CCN1;MMP1;SMIM22;CPA3,pure_mRNA
SIG022,2026,Genes,Graph-Based Multi-Omics Integration Reveals Prognostic Histone Modification Reader Genes and Candidate Drug Targets in Colorectal Cancer,PMC13512344,https://europepmc.org/article/PMC/PMC13512344,4,CUL7;GPC1;NFYA;SLC25A5,pure_mRNA
SIG023,2026,Journal of gastrointestinal oncology,Construction of taurine metabolism-related risk model and subtype identification in colorectal cancer to predict prognosis and immunological features,PMC12972033,https://europepmc.org/article/PMC/PMC12972033,9,GABRD;ELANE;TIMP1;KPNA2;OVGP1;LEP;TERT;PHGDH;GABRB1,pure_mRNA
SIG024,2026,Frontiers in immunology,Integrated single-cell and spatial transcriptomics reveal immune landscape and NKT-Th1 signatures in colorectal cancer,PMC13291139,https://europepmc.org/article/PMC/PMC13291139,7,BGN;COL1A1;COL1A2;IGFBP7;KLRC1;LUM;SPARC,pure_mRNA
SIG025,2025,Frontiers in immunology,Integration of single-cell and bulk RNA-seq via machine learning to reveal ferroptosis- and lipid metabolism-driven immune landscape heterogeneity and predict immunotherapy response in colon cancer,PMC12714941,https://europepmc.org/article/PMC/PMC12714941,13,CPA3;NMRAL2P;CDC25C;SHH;DAPK1;ANKRD22;SERPINA1;ASPG;WDR72;SEZ6L2;NOS2;EPOP;ANGPTL4,pure_mRNA
SIG026,2025,Discover oncology,Constructing a mitochondrial-related genes model based on machine learning for predicting the prognosis and therapeutic effect in colorectal cancer,PMC12049353,https://europepmc.org/article/PMC/PMC12049353,31,ATP2A1;CPT2;HSPA1A;TERT;TAMM41;ABHD6;CDC25C;ACOT11;DNLZ;ABHD4;ACADL;MTUS1;TRAP1;CLYBL;UQCC4;PPARGC1A;PAGE4;P4HA1;NOL3;REXO2;CHDH;TFAP2C;COX19;PPP2CB;DNAJC28;BDNF;MSRA;AGBL4;DUSP18;OSBPL1A;RAB3A,pure_mRNA
SIG027,2025,Translational cancer research,Constructing and validating a novel prognostic risk score model for rectal cancer based on four immune-related genes,PMC11912041,https://europepmc.org/article/PMC/PMC11912041,4,CYBB;CCR4;FOXP3;CD80,pure_mRNA
SIG028,2025,Scientific reports,Development and validation of a cancer-associated fibroblast gene signature-based model for predicting immunotherapy response in colon cancer,PMC12075585,https://europepmc.org/article/PMC/PMC12075585,4,VEGFC;QKI;VIM;ITGA5,pure_mRNA
SIG029,2025,Scientific reports,Nucleotide metabolism-associated drug resistance gene NDUFA4L2 promotes colon cancer progression and 5-FU resistance,PMC11695588,https://europepmc.org/article/PMC/PMC11695588,5,SPINK4;CXCL8;NXPH4;HES4;COXFA4L2,pure_mRNA
SIG030,2026,Cancer cell international,Construction of a risk scoring model based on machine learning and validation of the role of the key gene SERPINE1 in the progression of colon cancer,PMC13227730,https://europepmc.org/article/PMC/PMC13227730,7,CAMK2B;KIF1A;OPCML;SCN5A;SERPINE1;TH;UCHL1,pure_mRNA
SIG031,2025,Oncology reports,Chromosome 20q gene signature associated with colorectal cancer progression,PMC12308843,https://europepmc.org/article/PMC/PMC12308843,4,BMP7;DNMT3B;UBE2C;YWHAB,pure_mRNA
SIG032,2026,Current medicinal chemistry,"The Risk Genes S1PR5, CMC1, and ASAH1 as Potential Targets for the Diagnosis, Immunotherapy, and Treatment of Colon Adenocarcinoma by Single-Cell and Bulk RNA Sequencing Analysis",PMC13555847,https://europepmc.org/article/PMC/PMC13555847,10,CMC1;S1PR5;ETS2;ANGPTL4;SERPINA1;TIMP1;ASAH1;SNAI1;ALDH2;ADAM9,pure_mRNA
SIG033,2026,Journal of translational medicine,An epithelial cell fate-driven predictive model for liver metastasis risk in primary colorectal cancer through single-cell and multi-omics integration,PMC13474844,https://europepmc.org/article/PMC/PMC13474844,10,CXCL1;CTSD;NEK9;ANGPTL4;HSPA1A;SNAI1;CALB2;CD24;FKBP4;CCNA2,pure_mRNA
SIG034,2025,International journal of genomics,Risk Prediction of Colon Cancer Metastasis and Bioinformatics Analysis of Aspirin Treatment,PMC12714093,https://europepmc.org/article/PMC/PMC12714093,14,QSOX2;PLXNA3;AGAP6;ATP6V1C2;FZD3;DDX11;STC2;CDC25C;CDCA2;GAS2;NEBL;MTAP;SOX12;HMMR,pure_mRNA
SIG035,2025,Translational cancer research,Integrative single-cell and bulk transcriptomes analyses reveal T cell-related prognostic risk model and tumor immune microenvironment modulation in colorectal cancer,PMC12604944,https://europepmc.org/article/PMC/PMC12604944,3,TIMP1;HMMR;H1-2,pure_mRNA
SIG036,2024,Journal of gastrointestinal oncology,Machine learning-based analysis identifies a 13-gene prognostic signature to improve the clinical outcomes of colorectal cancer,PMC11565104,https://europepmc.org/article/PMC/PMC11565104,13,LAMP5;CLK1;KCNQ3;MID2;FABP4;CALB2;GDI1;ZNF552;SACK1F;SLC39A8;RAB11FIP1;TBC1D14;SLC18A1,pure_mRNA
SIG037,2026,Cancers,Integrated Single-Cell and Spatial Transcriptomic Analysis Identifies Putative Metabolic Crosstalk Between &lt;i&gt;SPP1&lt;/i&gt;+ TAMs and &lt;i&gt;SLC6A20&lt;/i&gt;+ Epithelial Cells in Colorectal Cancer,PMC13255607,https://europepmc.org/article/PMC/PMC13255607,14,MARCO;TNC;MMP9;SFRP1;COMP;SPP1;POSTN;ITGA11;SFRP2;WNT7A;CD163;KRT14;SERPINB2;FCGR3A,pure_mRNA
SIG038,2025,Scientific reports,Development of a prognostic model for chemotherapy response and identification of TNFAIP2 as a target in colorectal cancer,PMC12141457,https://europepmc.org/article/PMC/PMC12141457,3,TLE4;TNFAIP2;ARGLU1,pure_mRNA
SIG039,2025,Mediators of inflammation,The Tumor-Associated Neutrophils-Related Signatures Predict Prognosis and Indicate Immune Landscape in Colorectal Carcinoma,PMC12162164,https://europepmc.org/article/PMC/PMC12162164,14,FAM24B;GSTM1;ATP2C2;SYNGR3;EPHB2;TLCD1;ENO2;DAPK1;SLC43A3;DNASE1L3;CXCL1;MMP10;CCL24;ARHGAP4,pure_mRNA
SIG040,2025,Frontiers in medicine,Constructing a novel mitochondrial metabolism-related genes signature to evaluate tumor immune microenvironment and predict survival of colorectal cancer,PMC12279720,https://europepmc.org/article/PMC/PMC12279720,15,HSD3B7;ORC1;GPSM2;COXFA4L2;CHDH;LARS2;TMEM86B;FABP4;TIPE3;HMGCL;GDE1;ACOX1;ARV1;HDC;GSR,pure_mRNA
SIG041,2026,International journal of colorectal disease,The subtype identification of colorectal cancer and construction of the risk model based on cholesterol synthesis-related genes to predict prognosis and guide immunotherapy,PMC12789220,https://europepmc.org/article/PMC/PMC12789220,10,CALB2;TCHH;LEP;INSL4;EEF1A2;MAGEA1;PRG4;KRT16;TCAP;C7,pure_mRNA
SIG042,2025,Discover oncology,Integrative machine learning identifies lactylation-related gene signature prognostic for chemotherapeutic efficacy in colorectal carcinoma,PMC12796083,https://europepmc.org/article/PMC/PMC12796083,8,CCNB1;CENPK;CXADR;JPT1;MGAT4B;UBE2T;UGT8;ZDHHC23,pure_mRNA
SIG043,2025,Frontiers in immunology,Assessment of prognosis and responsiveness to immunotherapy in colorectal cancer patients based on the level of immune cell infiltration,PMC11830669,https://europepmc.org/article/PMC/PMC11830669,14,CDC25C;FKBP4;DUSP14;SLC19A1;MRPS18C;NOP14;CCNB3;B3GNT4;ORC1;PSMD12;SYCE2;ISY1;CIAO1;MAPKAPK3,pure_mRNA
SIG044,2026,Frontiers in public health,Transcriptomics and Mendelian randomization studies reveal the critical role of Stanniocalcin-2 in linking perfluorinated compound-exposure to colorectal cancer,PMC13161029,https://europepmc.org/article/PMC/PMC13161029,3,PRAME;CDKN2A;STC2,pure_mRNA
SIG045,2024,Annals of gastroenterological surgery,A new TGF-β risk score predicts clinical and immune landscape in colorectal cancer patients,PMC11368510,https://europepmc.org/article/PMC/PMC11368510,6,TGFB2;RBL1;BMP5;INHBB;NODAL;PPP2CB,pure_mRNA
SIG046,2023,Frontiers in oncology,Effective oxygen metabolism-based prognostic signature for colorectal cancer,PMC9947833,https://europepmc.org/article/PMC/PMC9947833,5,FLRT2;ATP6V0E2;ODC1;SEL1L3;VDR,pure_mRNA
SIG047,2025,Translational cancer research,Identification of hub genes related to radiosensitivity and prognosis in rectal cancer,PMC12432772,https://europepmc.org/article/PMC/PMC12432772,4,BMP2;COLEC10;MASP2;GCGR,pure_mRNA
SIG048,2026,Molecular therapy. Nucleic acids,Multi-layer molecular profiling defines an immune-active colorectal cancer subtype with therapeutic relevance,PMC13068838,https://europepmc.org/article/PMC/PMC13068838,11,ULBP2;BST2;CCL5;CXCL11;CXCL13;GBP4;SPP1;PLA2G4A;MMP1;MUC6;TNNT1,pure_mRNA
SIG049,2023,Journal of clinical laboratory analysis,Development of 14-gene signature prognostic model based on metastasis for colorectal cancer,PMC9833974,https://europepmc.org/article/PMC/PMC9833974,14,ASRGL1;GSR;ASAH1;BCL10;SNAI1;TRIP10;TSC22D3;LRRC8A;PHF2;SERPINE1;RNASET2;DNAJB2;UCHL1;GAL,pure_mRNA
SIG050,2025,Oncology research,A Machine-Learning Prognostic Model for Colorectal Cancer Using a Complement-Related Risk Signature,PMC12573216,https://europepmc.org/article/PMC/PMC12573216,6,GPX3;LRATD1;IGFBP3;PTPRD;IDO1;CYP2W1,pure_mRNA
SIG051,2025,Molecular oncology,Consensus molecular subtyping of colorectal carcinoma brain metastases reveals a metabolic signature associated with poor patient survival,PMC11887667,https://europepmc.org/article/PMC/PMC11887667,7,CHAC2;CA8;PIK3R3;CYP26B1;DHRS9;UGT8;RET,pure_mRNA
SIG052,2024,Journal of translational medicine,A multi-dimensional approach to unravel the intricacies of lactylation related signature for prognostic and therapeutic insight in colorectal cancer,PMC10900655,https://europepmc.org/article/PMC/PMC10900655,20,RBM17;AP2M1;NR1H2;MED10;HSPA1B;LY6E;HSPB1;SLC2A3;RBM3;LGALS4;PTTG1;MACROH2A1;HMGN2;LEPROTL1;LITAF;ACTG1;RAB5C;METTL9;UBE2I;SFPQ,pure_mRNA
SIG053,2025,Frontiers in immunology,Cancer-associated fibroblasts gene signature: a novel approach to survival prediction and immunotherapy guidance in colon cancer,PMC12011795,https://europepmc.org/article/PMC/PMC12011795,11,HSPA1A;P4HA1;MAN1B1;RAB7A;CTNNA1;PPP2CB;LRRC59;COPS7A;NHERF2;CAMTA1;WIPI1,pure_mRNA
SIG054,2024,BMC cancer,Functional gene signature offers a powerful tool for characterizing clinicopathological features and depicting tumor immune microenvironment of colorectal cancer,PMC11437988,https://europepmc.org/article/PMC/PMC11437988,46,APBB1;ALDOB;CAVIN1;BRCA1;CBX6;CDC6;CDKN2A;CENPE;COMP;CENPI;DDX56;CHAF1B;FLNA;CHEK1;FSTL3;CTLA4;LIMK1;CXCL11;MGP;CXCL8;MYL9;DDX21;PCOLCE2;FKBP5;PGF;FUCA1;PLOD3;HENMT1;PPFIA4;IL1A;SNAI1;ITGA2;STC2;MAD2L1;STK32C;MIER1;TAGLN;MMP3;TIMP1;NRG1;TPM2;RPS6KA5;UBTD1;SLAMF7;TLR10;WNT5A,pure_mRNA
SIG055,2026,Cell & bioscience,Integrative genomic profiling of iron homeostasis predicts clinical outcomes and identifies HAMP/hepcidin as a therapeutic target in colorectal cancer,PMC13202878,https://europepmc.org/article/PMC/PMC13202878,21,HAMP;HMOX2;MYC;CYP39A1;VMA22;CYP26A1;SDHB;ACO1;SLC39A8;CLTC;ALAD;SRI;CYP19A1;ALOX12;ATP6AP1;CYP11A1;P4HA1;NDOR1;CYP2S1;FBXL5;BRIP1,pure_mRNA
SIG056,2025,PloS one,Analyses of the roles and potential targets of m7G-related genes in colorectal cancer using single-cell and bulk RNA sequencing data,PMC12711009,https://europepmc.org/article/PMC/PMC12711009,7,NUDT10;NUDT4;GEMIN5;EIF4A1;LSM1;NSUN2;NCBP3,pure_mRNA
SIG057,2025,Discover oncology,Identification of RNA binding protein genes associated with colorectal cancer by bioinformatics analysis,PMC12370611,https://europepmc.org/article/PMC/PMC12370611,8,GTPBP4;KPNA2;CTNNA1;RRS1;SLFN11;CDKN2A;CHD3;TRAP1,pure_mRNA
SIG058,2025,Cell & bioscience,Multi-omics analysis of the HMGB2&lt;sup&gt;+&lt;/sup&gt; tumor epithelial cells in lactylation subgroups in colorectal cancer,PMC12632091,https://europepmc.org/article/PMC/PMC12632091,24,UBE2C;HMGB2;PTTG1;H2AZ1;TUBA1B;STMN1;HMGB1;TUBB;CKS1B;CDKN3;PCLAF;CENPW;CKS2;HMGN2;RANBP1;CCNB1;BIRC5;TOP2A;CDC20;CENPF;UBE2S;MAD2L1;MKI67;LDHB,pure_mRNA
SIG059,2024,Frontiers in oncology,Exploiting tertiary lymphoid structures gene signature to evaluate tumor microenvironment infiltration and immunotherapy response in colorectal cancer,PMC11153738,https://europepmc.org/article/PMC/PMC11153738,14,CAVIN2;CCL19;CCL21;CD8A;CXCL5;FHL1;IGHG1;MMP1;MRC1;NEXN;NOTUM;PRRX1;SELL;VSIG4,pure_mRNA
SIG060,2025,Human genomics,MX1 is a novel crucial prognostic and therapeutic target inducing chemoresistance in right-sided colon cancer: insights from machine learning-based multi-omics analysis,PMC12560344,https://europepmc.org/article/PMC/PMC12560344,7,MX1;MLLT6;PEDS1;STK4;TOMM34;SLC35A2;LZTS3,pure_mRNA
SIG062,2025,Briefings in bioinformatics,Non-apoptotic regulated cell death based prognostic risk model for colorectal cancer using machine learning guided two-step framework,PMC13223593,https://europepmc.org/article/PMC/PMC13223593,43,ATP2B4;CLN3;MAP1B;SUN2;ALOXE3;AURKA;BID;CDKN2A;CDO1;CXCL2;EGFR;GDF15;GPX2;PLIN4;RGS4;SLC2A3;TXNIP;CHMP6;TP63;ACTA2;C1QA;C1QC;CDK4;CDK6;CGAS;CR1;ETS2;IGHG1;KNG1;LAMA2;LAMC2;MYC;NFATC1;NOX4;S100A11;SNAI1;STAT1;TCF7;TRAF3IP2;YAP1;GSDMC;GZMB;IL18,pure_mRNA
SIG063,2025,Journal of gastroenterology,The pivotal role of SFRP2 in promoting glycolysis and progression in the high-risk group based on the glycometabolism prognostic model for colorectal cancer,PMC12549743,https://europepmc.org/article/PMC/PMC12549743,19,ANKZF1;CHST1;CLDN9;FKBP4;GLCE;GPC1;IDUA;NOL3;P4HA1;PMM2;PPP2CB;RBCK1;SPAG4;STC2;ALDH1A3;ENO3;G6PC2;NDC1;SLC2A3,pure_mRNA
SIG064,2026,Discover oncology,Analysis and validation of mast cells and enriched genes in colorectal cancer with liver metastasis by multi-omics data,PMC13144465,https://europepmc.org/article/PMC/PMC13144465,3,APOC1;SPP1;CLU,pure_mRNA
SIG065,2023,Frontiers in oncology,"Identification of cuproptosis-based molecular subtypes, construction of prognostic signature and characterization of immune landscape in colon cancer",PMC10064275,https://europepmc.org/article/PMC/PMC10064275,5,HOOK1;LGR5;HOXC6;CKMT2;SPINK4,pure_mRNA
SIG066,2025,Scientific reports,Comprehensive characterization of lysosome-dependent cell death reveals prognostic significance and immune landscape in colon adenocarcinoma,PMC12475495,https://europepmc.org/article/PMC/PMC12475495,11,SLC11A1;CCL11;SCG2;PLA2G2A;SPARCL1;MFAP5;FXYD6;CRYAB;SFRP2;CLCA1;ITLN1,pure_mRNA
SIG067,2026,Journal of translational medicine,Senescent fibroblasts drive CD8&lt;sup&gt;+&lt;/sup&gt; T cell dysfunction in colorectal cancer via CD36-mediated lipid transfer and peroxidation,PMC12955017,https://europepmc.org/article/PMC/PMC12955017,5,SERPINE1;CDKN1A;TGFBI;CXCL2;CXCL1,pure_mRNA
SIG068,2025,iScience,Clonal dispersal is associated with tumor heterogeneity and poor prognosis in colorectal cancer,PMC12051713,https://europepmc.org/article/PMC/PMC12051713,5,MYH9;ZFPL1;TEKT2;PLPP3;FIBIN,pure_mRNA
SIG069,2025,Clinical proteomics,Revelation of prognosis and tumor microenvironment of colorectal cancer based on genes related to antibody-dependent cellular phagocytosis and single-cell landscape,PMC12372309,https://europepmc.org/article/PMC/PMC12372309,7,CRLF1;CRYBA4;DPP7;DRD4;JPH3;KCNQ2;RYR2,pure_mRNA
SIG070,2024,Discover oncology,"A comprehensive analysis of TRP-related gene signature, and immune infiltration in patients with colorectal cancer",PMC11330954,https://europepmc.org/article/PMC/PMC11330954,3,TRPA1;TRPV4;TRPM5,pure_mRNA
SIG071,2025,BMC cancer,A novel machine learning-based immune prognostic signature for improving clinical outcomes and guiding therapy in colorectal cancer: an integrated bioinformatics and experimental study,PMC11724613,https://europepmc.org/article/PMC/PMC11724613,13,CALB1;DOCK8;CASP1;RGS1;CD3D;BAG2;SOCS1;ISG15;SERPING1;GALNT6;GUCY2C;CFTR;APCDD1,pure_mRNA
SIG072,2024,Journal of Cancer,Identification of glutamine metabolism-related gene signature to predict colorectal cancer prognosis,PMC11064262,https://europepmc.org/article/PMC/PMC11064262,15,NLGN1;RIMKLB;UCN;CALB1;SYT4;WNT3A;NRCAM;LRFN4;PHGDH;GRM1;CBLN1;NRG1;GLYATL1;CBLN2;VWC2,pure_mRNA
SIG073,2025,Oncology research,"STC2+ Malignant Cell State Associated with EMT, Tumor Microenvironment Remodeling, and Poor Prognosis Revealed by Single-Cell and Spatial Transcriptomics in Colorectal Cancer",PMC12774564,https://europepmc.org/article/PMC/PMC12774564,16,ALDOB;ALDOC;ANKZF1;CDKN1B;CSRP2;DTNA;ENO3;GLRX;NAGK;P4HA1;PGM2;PPFIA4;PYGM;SIAH2;STC2;VAV2,pure_mRNA
SIG074,2023,Aging,A novel inflammation-related signature for predicting prognosis and characterizing the tumor microenvironment in colorectal cancer,PMC10120913,https://europepmc.org/article/PMC/PMC10120913,11,C2CD4A;C2CD4B;CCL11;CCL24;EREG;F2RL1;MMP3;SLC4A4;CD36;SCG2;TIMP1,pure_mRNA
SIG075,2025,Scientific reports,Single-cell and bulk transcriptomics reveal Fusobacterium nucleatum promotes colorectal cancer metastasis by upregulating LAMC2 in in vitro and in vivo models,PMC12657517,https://europepmc.org/article/PMC/PMC12657517,14,LAMB3;INAVA;MYOF;CTNNA1;PIAS3;PPL;EMP1;ECM1;ETV3;TPM4;TRIM16;IQGAP1;SERPINB8;LAMC2,pure_mRNA
SIG076,2025,Cell death & disease,Modeling oxaliplatin resistance in colorectal cancer reveals a SERPINE1-based gene signature (RESIST-M) and therapeutic strategies for pro-metastatic CMS4 subtype,PMC12264272,https://europepmc.org/article/PMC/PMC12264272,9,SERPINE1;SMARCD3;SC5D;FDPS;MVD;HMGCS1;HMGCR;CYP51A1;ACAT2,pure_mRNA
SIG077,2023,Oncology letters,Construction of cuproptosis‑associated prognostic signature in colon adenocarcinoma based on bioinformatics and RT‑qPCR analysis,PMC9932052,https://europepmc.org/article/PMC/PMC9932052,7,PMM2;ACOX1;KDM3A;HSPB1;PPARGC1A;UPK3B;EPHB2,pure_mRNA
SIG078,2024,Translational cancer research,Value analysis of <i>ITLN1</i> in the diagnostic and prognostic assessment of colorectal cancer,PMC11231763,https://europepmc.org/article/PMC/PMC11231763,6,ITLN1;MORC2;SH2D7;LGALS4;ATOH1;NAT2,pure_mRNA
SIG079,2025,Functional & integrative genomics,Prognostic and therapeutic implications related to glycosylation profiles of cancer-associated fibroblasts in colorectal cancer: insights from single-cell and bulk transcriptomics,PMC12354152,https://europepmc.org/article/PMC/PMC12354152,5,CCDC85B;MYL9;PLOD3;PSMA7;SLC22A17,pure_mRNA
SIG080,2025,IET systems biology,A Super-Enhancer-Related Ferroptosis Signature Predicts Survival and Immune Microenvironment in Colon Cancer Based on Bioinformatics Analyses and Experimental Validation,PMC12668565,https://europepmc.org/article/PMC/PMC12668565,8,TRIB2;CAV1;ENO3;FZD7;AKR1C1;NOX1;NOS2;ULK1,pure_mRNA
SIG081,2025,Scientific reports,Integrated single cell and bulk RNA sequencing analyses reveal the impact of tryptophan metabolism on prognosis and immunotherapy in colon cancer,PMC11992224,https://europepmc.org/article/PMC/PMC11992224,5,NKAIN4;SLC16A8;UPK3B;PCOLCE2;TNNT1,pure_mRNA
SIG082,2026,Journal of translational medicine,Identification and evaluation of glutamine-related gene characteristics based on multi-omics to predict the prognosis of patients with colorectal cancer,PMC12903564,https://europepmc.org/article/PMC/PMC12903564,6,SRPX;CXCL1;GPX3;PCOLCE2;CLU;SEMA3E,pure_mRNA
SIG083,2024,Journal of Cancer,Construction and multicohort validation of a colon cancer prognostic risk score system based on big data of neutrophil-associated differentially expressed genes,PMC10988322,https://europepmc.org/article/PMC/PMC10988322,17,SFRP2;SPINK1;VSIG4;SPP1;MMP12;CXCL11;APOE;CD2;THBS2;CXCL9;CXCL10;CXCL13;CTHRC1;CD163;GPR15LG;MAFB;CCL8,pure_mRNA
SIG084,2024,Journal of cancer research and clinical oncology,Consensus clustering and development of a risk signature based on trajectory differential genes of cancer-associated fibroblast subpopulations in colorectal cancer,PMC11315798,https://europepmc.org/article/PMC/PMC11315798,15,SEZ6L2;LAMA2;TIMP1;CRYAB;WWTR1;DDIT3;FNBP1;FHL1;OLFML2B;HSPB7;C3;LGALS4;ASPHD1;PALM;WNT5A,pure_mRNA
SIG085,2024,Medicine,Construction and validation of an immune-related gene signature predictive of survival and response to immunotherapy for colorectal cancer,PMC11460896,https://europepmc.org/article/PMC/PMC11460896,7,CDKN2A;LEP;MC1R;NRG1;PLCG2;PTH1R;SLAMF1,pure_mRNA
SIG086,2025,Scientific reports,Glycosylation gene expression profiles enable prognosis prediction for colorectal cancer,PMC11700200,https://europepmc.org/article/PMC/PMC11700200,5,DPM2;ALG3;B4GALT6;HS2ST1;HS6ST3,pure_mRNA
SIG087,2025,World journal of clinical oncology,&lt;i&gt;Candida albicans&lt;/i&gt; and colorectal cancer: A paradoxical role revealed through metabolite profiling and prognostic modeling,PMC12019262,https://europepmc.org/article/PMC/PMC12019262,5,EHD4;LIME1;GADD45B;TIMP1;FDFT1,pure_mRNA
SIG088,2024,Discover oncology,Identification and validation of a novel six-gene signature based on mucinous adenocarcinoma-related gene molecular typing in colorectal cancer,PMC10914658,https://europepmc.org/article/PMC/PMC10914658,6,CALB1;MMP1;HOXC6;ZIC2;SFTA2;HYAL1,pure_mRNA
SIG089,2024,Heliyon,Potential regulation and prognostic model of colorectal cancer with extracellular matrix genes,PMC11379549,https://europepmc.org/article/PMC/PMC11379549,5,THBS3;LAMB3;ESM1;SRPX;COL9A3,pure_mRNA
SIG090,2024,BMC cancer,Integrated multi-omics analyses revealed the association between rheumatoid arthritis and colorectal cancer: MYO9A as a shared gene signature and an immune-related therapeutic target,PMC11165834,https://europepmc.org/article/PMC/PMC11165834,4,ARPC5;TNF;LAMC1;MYO9A,pure_mRNA
SIG091,2024,Clinical and experimental medicine,Establishment of a neutrophil extracellular trap-related prognostic signature for colorectal cancer liver metastasis and expression validation of CYP4F3,PMC11127854,https://europepmc.org/article/PMC/PMC11127854,7,ATG7;CTSG;CYP4F3;F3;IL1B;PDE4B;TNF,pure_mRNA
SIG093,2025,Journal of translational medicine,Prognostic models of immune-related cell death and stress unveil mechanisms driving macrophage phenotypic evolution in colorectal cancer,PMC11776142,https://europepmc.org/article/PMC/PMC11776142,9,CXXC5;ATP6V1B2;FAS;MMP1;BST2;TRIB2;ENO2;GAL3ST4;FLT1,pure_mRNA
SIG094,2022,Medicine,A novel Anoikis and immune-related genes marked prognostic signature for colorectal cancer,PMC9678618,https://europepmc.org/article/PMC/PMC9678618,3,CYBB;CPA3;SFRP2,pure_mRNA
SIG095,2023,International journal of molecular sciences,A Novel Lipid Metabolism and Endoplasmic Reticulum Stress-Related Risk Model for Predicting Immune Infiltration and Prognosis in Colorectal Cancer,PMC10531437,https://europepmc.org/article/PMC/PMC10531437,18,MMP3;HSPA8;PTGIS;CPT2;GPI;CDKN2A;SPP1;GRP;APOE;CHGA;CAV1;GSTM1;VEGFA;LAMA2;TIMP1;AGRN;HSPA1A;SNAP25,pure_mRNA
SIG096,2025,Frontiers in immunology,Unveiling the immunometabolic landscape of colorectal cancer through PANoptosis-related gene expression,PMC12832467,https://europepmc.org/article/PMC/PMC12832467,11,CDKN2A;GZMB;PMAIP1;CASP5;ENDOD1;FAS;CASP7;CAV1;PDK4;CHP2;PRKACB,pure_mRNA
SIG097,2022,Frontiers in cell and developmental biology,A Prognostic Model Using Immune-Related Genes for Colorectal Cancer,PMC8893267,https://europepmc.org/article/PMC/PMC8893267,14,PROCR;STC1;INHBA;ESM1;SPP1;CXCL3;GRP;CCL28;GNAI1;NR3C2;CCL11;RETNLB;VIP;CHP2,pure_mRNA
SIG098,2022,Frontiers in immunology,A novel oxidative stress- and ferroptosis-related gene prognostic signature for distinguishing cold and hot tumors in colorectal cancer,PMC9660228,https://europepmc.org/article/PMC/PMC9660228,5,CXCL9;CXCL13;CCL8;PLA2G2A;TRIB2,pure_mRNA
SIG099,2025,Frontiers in immunology,Integrated multi-omics and machine learning reveal an immunogenic cell death-related signature for prognostic stratification and therapeutic optimization in colorectal cancer,PMC12307400,https://europepmc.org/article/PMC/PMC12307400,11,SLC11A1;MFNG;SPP1;BST2;NFATC1;PLA1A;ADAM8;TIAM1;LY6E;PLCG2;IFI30,pure_mRNA
SIG101,2024,Scientific reports,Identifying colorectal cancer subtypes and establishing a prognostic model using metabolic plasticity and ferroptosis genes,PMC11549462,https://europepmc.org/article/PMC/PMC11549462,10,ATP10D;ERFE;CCL22;HLA-DQA2;ANGPTL4;CD200;C11ORF96;UBE2E2;VNN2;AIF1L,pure_mRNA
SIG102,2022,Cancer science,Novel prognostic model predicts overall survival in colon cancer based on RNA splicing regulation gene expression,PMC9530871,https://europepmc.org/article/PMC/PMC9530871,4,AKAP8L;CLK2;CLK1;PPARGC1A,pure_mRNA
SIG107,2025,Frontiers in immunology,Single-cell and spatial transcriptomic analysis reveals tumor cell heterogeneity and underlying molecular program in colorectal cancer,PMC11936967,https://europepmc.org/article/PMC/PMC11936967,15,CLCA1;NPDC1;IGFBP3;ABHD12B;IGF1;HSPA1A;SFTA2;KLK12;ETS2;AXIN2;CDCA2;ST6GALNAC1;CCL11;ACAA2;ITLN1,pure_mRNA
SIG108,2023,Cancer research communications,Development and Validation of a 15-gene Expression Signature with Superior Prognostic Ability in Stage II Colorectal Cancer,PMC10467603,https://europepmc.org/article/PMC/PMC10467603,15,BET1L;CD2BP2;CD40LG;JUP;KCND2;SNAPC5;TMEM86B;TRIP10;ZNF785;ATOH1;ATPSCKMT;GGT6;MTF1;TBC1D3H;UNC13B,pure_mRNA
SIG109,2022,Frontiers in genetics,PANoptosis-based molecular clustering and prognostic signature predicts patient survival and immune landscape in colon cancer,PMC9515384,https://europepmc.org/article/PMC/PMC9515384,7,CARD16;LAP3;CCR7;VSIG4;LGR5;GZMB;ITLN1,pure_mRNA
SIG110,2025,Genes and immunity,Folate metabolism-associated CYP26A1 is a clinico-immune target in colorectal cancer,PMC12353796,https://europepmc.org/article/PMC/PMC12353796,9,AHCY;PLK1;WNT5A;CYP26A1;BDNF;DRD4;NAT1;CD36;GSTM1,pure_mRNA
SIG111,2024,Journal of cellular and molecular medicine,Exploring the relationship between anal fistula and colorectal cancer based on Mendelian randomization and bioinformatics,PMC11312262,https://europepmc.org/article/PMC/PMC11312262,13,TMEM121B;PDGFRA;MID2;WNT10B;HOXD13;BARX1;SIX2;MMP1;SNAI1;CDKN2A;ITGB3;TIMP1;CALB2,pure_mRNA
SIG112,2024,Frontiers in oncology,Elucidating the role of angiogenesis-related genes in colorectal cancer: a multi-omics analysis,PMC11220232,https://europepmc.org/article/PMC/PMC11220232,4,S100A4;COL3A1;TIMP1;APP,pure_mRNA
SIG113,2024,Aging,Mechanistic insights into super-enhancer-related genes as prognostic signatures in colon cancer,PMC11210223,https://europepmc.org/article/PMC/PMC11210223,10,S100A11;LZTS2;RASA3;CYP2S1;ETFB;ZNF552;PSMG1;GJC1;NXN;DCBLD2,pure_mRNA
SIG114,2023,Frontiers in pharmacology,Metabolic-suppressed cancer-associated fibroblasts limit the immune environment and survival in colorectal cancer with liver metastasis,PMC10501863,https://europepmc.org/article/PMC/PMC10501863,20,BAZ2A;KNOP1;PPP1R10;HNRNPL;PABPN1;YARS1;UBALD2;PHLDA1;DSTN;DDX5;CCDC107;ID3;CSRP2;ELP6;C12ORF75;SMTN;CDKN1A;ADIRF;PPP1R15A;TINAGL1,pure_mRNA
SIG115,2025,BMC cancer,"Integrating COX-2, stromal PD-L1, and T-cell infiltration enhances prognostic stratification in colorectal cancer",PMC12442288,https://europepmc.org/article/PMC/PMC12442288,4,CD274;PTGS2;CD8A;HPGD,pure_mRNA
SIG116,2025,Discover oncology,Comprehensive analysis of basement membrane-related genes showed that NELL2 is a new therapeutic target for colorectal cancer,PMC11832829,https://europepmc.org/article/PMC/PMC11832829,5,CTSD;NELL2;TGFBI;TIMP1;ADAM9,pure_mRNA
SIG117,2021,Journal of inflammation research,Identification and Validation of a Novel Inflammatory Response-Related Gene Signature for the Prognosis of Colon Cancer,PMC8364916,https://europepmc.org/article/PMC/PMC8364916,4,SLC4A4;NMUR1;TIMP1;TACR3,pure_mRNA
SIG118,2024,Frontiers in immunology,Establishment of a chemokine-based prognostic model and identification of CXCL10+ M1 macrophages as predictors of neoadjuvant therapy efficacy in colorectal cancer,PMC11335547,https://europepmc.org/article/PMC/PMC11335547,15,XCL1;CCR8;CCR9;CXCL8;CXCL1;CXCL10;CXCL11;CXCL13;CCL28;CXCL14;CCL24;CXCR5;CCL11;CCL8;CCL15,pure_mRNA
SIG119,2023,Discover oncology,Integrating TCGA and single-cell sequencing data for colorectal cancer: a 10-gene prognostic risk assessment model,PMC10499771,https://europepmc.org/article/PMC/PMC10499771,10,SLC2A3;MMP11;SCARA3;GPC1;PHGR1;OLFM2;L1CAM;CRABP2;TFF1;CLCA1,pure_mRNA
SIG120,2025,Journal of Cancer,Development And Validation of An RNA Binding Protein-Associated Prognostic Model for Colon Adenocarcinoma,PMC12170993,https://europepmc.org/article/PMC/PMC12170993,4,MSI2;EZH2;NUCLEOLIN;TERT,pure_mRNA
SIG121,2025,Frontiers in immunology,Single-cell and bulk transcriptome analyses reveal elevated amino acid metabolism promoting tumor-directed immune evasion in colorectal cancer,PMC12137356,https://europepmc.org/article/PMC/PMC12137356,6,MAPKAPK3;RBM17;DHFR;MCCC2;ARPC5L;ALG14,pure_mRNA
SIG122,2023,BMC medical genomics,Establishment and verification of prognostic model and ceRNA network analysis for colorectal cancer liver metastasis,PMC10169504,https://europepmc.org/article/PMC/PMC10169504,8,APOD;AKR1C1;TTC38;ALAD;ALDOB;DNASE1L3;SERPINA1;GRB7,pure_mRNA
SIG124,2026,Journal of translational medicine,Integrative single-cell and spatial multi-Omics analyses identify NETs-driven colon cancer subtypes with distinct metabolic features and prognostic implications,PMC13330288,https://europepmc.org/article/PMC/PMC13330288,4,ARRDC1;TUBB2A;DUSP5;SLC2A3,pure_mRNA
SIG125,2025,Frontiers in medicine,A mitochondrial ferroptosis-related gene signature predicts prognosis and immune landscape in colon cancer,PMC12434033,https://europepmc.org/article/PMC/PMC12434033,4,PDSS2;GRSF1;SLC39A8;P4HA1,pure_mRNA
SIG126,2026,Translational cancer research,A radiotherapy resistance-related prognostic signature predicts survival and the immune landscape in rectal cancer,PMC13462155,https://europepmc.org/article/PMC/PMC13462155,4,CUTA;IZUMO2;PALB2;PSCA,pure_mRNA
SIG127,2026,BioMed research international,Single-Cell Sequencing Data Revealed Mechanisms of Interactions Between Tumor Cells and Cancer-Associated Fibroblasts in Metastatic Colorectal Cancer,PMC13140166,https://europepmc.org/article/PMC/PMC13140166,6,LUM;DCN;SFRP2;CCDC80;SFRP4;GREM1,pure_mRNA
SIG128,2026,Mediators of inflammation,Analysis of Autophagy-Related Gene Signature Associated With Clinical Prognosis and Immune Microenvironment in Colorectal Cancer,PMC13140268,https://europepmc.org/article/PMC/PMC13140268,11,CANX;NRG1;WIPI1;EIF2AK3;WDR45;PELP1;ULK1;WIPI2;DAPK1;ULK3;MAP1LC3C,pure_mRNA
SIG129,2026,Translational cancer research,Ferroptosis-related lncRNA signature predicts prognosis and treatment response in colon cancer,PMC13190658,https://europepmc.org/article/PMC/PMC13190658,9,CD274;HAVCR2;LAG3;TGFB1;TGFB2;TGFB3;TIGIT;TNFRSF4;TNFRSF9,pure_mRNA
SIG130,2026,Translational oncology,Integrating single-cell and bulk RNA data to explore the prognostic significance of LIM domain family genes in colorectal cancer and unveil their immune landscape,PMC13495355,https://europepmc.org/article/PMC/PMC13495355,9,CRYAB;RGS16;CSRP2;RCAN2;TPM1;EGFL7;PLS3;PDGFRA;PLAU,pure_mRNA
SIG132,2026,Discover oncology,Development and verification of a lipotoxicity-related gene signature for predicting prognosis and immune landscape in colorectal cancer,PMC13365090,https://europepmc.org/article/PMC/PMC13365090,5,PPARGC1A;CPT2;CXCL1;FABP4;OFCC1,pure_mRNA
SIG133,2026,Frontiers in immunology,Integrated single-cell and bulk transcriptomics identify autophagy-related immune-suppressive subtypes and a prognostic signature in colorectal cancer,PMC13139068,https://europepmc.org/article/PMC/PMC13139068,5,GOLGA2;HSPB1;ULK3;TBC1D14;VIM,pure_mRNA
SIG134,2024,Oncology letters,A hot and cold tumor‑related prognostic signature for stage II colorectal cancer,PMC11240279,https://europepmc.org/article/PMC/PMC11240279,8,IDO1;MAT1A;NPEPL1;NT5C;PTGR2;RPL29;TMEM126A;TUBB4B,pure_mRNA
SIG135,2026,Journal of gastrointestinal oncology,Metabolic-cell-death gene trio predicts survival and cuproptosis sensitivity in colorectal cancer,PMC13546553,https://europepmc.org/article/PMC/PMC13546553,3,CDKN2A;MPC1;AHCY,pure_mRNA
SIG136,2026,Journal of gastrointestinal oncology,A nine-gene nicotine-metabolism signature predicts prognosis and characterizes the immune landscape in colon adenocarcinoma,PMC12972029,https://europepmc.org/article/PMC/PMC12972029,9,FOXC1;TRIP6;NRCAM;TIMP1;TSPAN11;STC2;CST2;SIX2;GPRASP1,pure_mRNA
SIG138,2026,Journal of gastrointestinal oncology,Prognostic value of genes associated with metastasis and propionate metabolism in rectal cancer,PMC13546582,https://europepmc.org/article/PMC/PMC13546582,5,CCL24;IGFBP3;ODC1;PYGM;VKORC1,pure_mRNA
SIG139,2025,Translational cancer research,Dietary restriction-responsive genes define prognostic subtypes and predict metastasis in colorectal cancer,PMC12686144,https://europepmc.org/article/PMC/PMC12686144,4,RGS16;PLIN4;SLC13A2;FOXD2,pure_mRNA
SIG140,2026,Discover oncology,Identification and validation of a Golgi apparatus related gene signature for prognosis prediction and immune microenvironment profiling in colorectal cancer,PMC13323481,https://europepmc.org/article/PMC/PMC13323481,6,PCSK5;RAB36;CD36;DPP7;KPNA2;HEPACAM2,pure_mRNA
SIG141,2025,Translational cancer research,Development and validation of a machine learning-based prognostic model using mitochondrial dysfunction-related genes for colorectal cancer patients,PMC12605350,https://europepmc.org/article/PMC/PMC12605350,7,TPM2;GSTM1;CYP11A1;SCN4A;LEP;PPARGC1A;NRG1,pure_mRNA
SIG142,2026,iScience,Machine learning algorithms develop a tumor-educated platelets-related gene signature to predict colorectal cancer prognosis and therapy response,PMC13311190,https://europepmc.org/article/PMC/PMC13311190,12,ARPC1B;OR2B6;TIMP1;TMEM40;RGS2;ERAP1;SRI;MMP1;FCER1A;ICAM3;MRPL37;KIF13B,pure_mRNA
SIG143,2025,Discover oncology,Identification of an E2Fs-based gene signature for predicting prognosis and therapeutic response in colorectal cancer,PMC12528531,https://europepmc.org/article/PMC/PMC12528531,6,GZMB;FMO5;NDUFA11;LIPG;MOGAT2;FIGNL1,pure_mRNA
SIG144,2026,Discover oncology,Construction of immune related genes predictive models of elderly rectal cancer patients based on machine learning,PMC12957696,https://europepmc.org/article/PMC/PMC12957696,3,IL20RB;NR1H2;SSTR5,pure_mRNA
SIG145,2026,Scientific reports,A network toxicology and machine learning approach to uncover the molecular machinery of bisphenol A-induced colorectal cancer,PMC13493825,https://europepmc.org/article/PMC/PMC13493825,12,MET;SORD;DPEP1;KIT;RIPK2;SET;HSP90AB1;DBF4;MMP1;MMP12;ANPEP;GLA,pure_mRNA
SIG146,2025,Frontiers in oncology,Analysis of the molecular subtypes and prognostic models of anoikis-related genes in colorectal cancer,PMC12256226,https://europepmc.org/article/PMC/PMC12256226,3,LEP;HAMP;FAM43B,pure_mRNA
SIG147,2025,Frontiers in oncology,Novel mtDNA methylation-associated prognostic signatures in colorectal cancer,PMC12807941,https://europepmc.org/article/PMC/PMC12807941,3,TINAG;EPHB2;FCN3,pure_mRNA
SIG148,2026,Medicine,Colorectal cancer molecular subtypes and prognostic models based on NET-related genes and oxidative stress-associated signaling,PMC13480840,https://europepmc.org/article/PMC/PMC13480840,8,PTH1R;FOXC1;CALB1;H2BC21;CDKN2A;CPT1B;DYNC1I1;SLC4A4,pure_mRNA
SIG149,2026,Journal of gastrointestinal oncology,Molecular subtyping and prognostic model construction based on endosome-related genes in colorectal cancer,PMC13188045,https://europepmc.org/article/PMC/PMC13188045,8,RBP7;KRT84;MAGEA1;PCOLCE2;ALPP;FOXD1;CXCL13;MMP1,pure_mRNA
SIG150,2026,Genes,"Mitotic Hub Gene Network in Colorectal Cancer: Integrated Transcriptomic, Protein-Level, and Clinical-Genomic Characterization of a Ten-Gene Signature",PMC13408991,https://europepmc.org/article/PMC/PMC13408991,10,TPX2;UBE2C;AURKA;NEK2;PRC1;CCNB1;CDK1;CEP55;FOXM1;RRM2,pure_mRNA
SIG151,2026,Translational cancer research,Construction of a prognostic risk model based on colorectal cancer-specific ferroptosis genes and preliminary validation of FGFR4,PMC13190656,https://europepmc.org/article/PMC/PMC13190656,8,ALG3;CST1;RPS10;TRPV4;SPRR1A;FGFR4;TPM1;KDM1A,pure_mRNA
SIG152,2025,Frontiers in immunology,A novel liquid-liquid phase separation related gene signature including ARL6IP4 predicts prognosis and immune landscape in colorectal cancer,PMC12816288,https://europepmc.org/article/PMC/PMC12816288,8,ARL6IP4;ATP2A1;CRYAB;ELFN2;MAP2;MAT1A;ORC1;POU4F1,pure_mRNA
SIG153,2026,Translational cancer research,Tertiary lymphoid structure-related genes drive tumor microenvironment heterogeneity and prognostic disparities in left- &lt;i&gt;vs.&lt;/i&gt; right-sided colon cancer,PMC13191011,https://europepmc.org/article/PMC/PMC13191011,8,HSPB1;NCOR2;STIL;ASNS;GCLM;SLC4A4;NPTXR;YKT6,pure_mRNA
SIG154,2026,Translational oncology,Metastatic immune microenvironment remodeling by malignant epithelial cells drives colorectal cancer hepatic metastasis: Multi-omics insights,PMC13590056,https://europepmc.org/article/PMC/PMC13590056,3,HEBP2;HSPB1;ZFP36L1,pure_mRNA
SIG155,2026,Discover oncology,A novel lactylation-related gene signature deciphers the immunosuppressive microenvironment and stratifies precision therapy in colorectal cancer,PMC13554000,https://europepmc.org/article/PMC/PMC13554000,9,DHRS7;SPR;MBD2;RBM17;CSRP2;S100A4;TMSB4X;TKT;COPS4,pure_mRNA
SIG156,2025,Frontiers in immunology,Liquid-liquid phase separation-driven molecular subtyping and prognostic modeling in colorectal cancer,PMC12827789,https://europepmc.org/article/PMC/PMC12827789,5,HADH;AQP11;CCDC34;FBL;RAB15,pure_mRNA
SIG157,2026,Medicine,Construction and validation of a prognostic model based on anoikis-fatty acid metabolism-related genes in colorectal cancer: A retrospective cohort study,PMC12778156,https://europepmc.org/article/PMC/PMC12778156,5,BRCA1;CD36;ENO3;INHBB;PHLDA2,pure_mRNA
SIG159,2026,Translational cancer research,A novel prognostic model for colon adenocarcinoma based on cofactor and vitamin metabolism-related genes,PMC12885891,https://europepmc.org/article/PMC/PMC12885891,6,DLAT;TH;AK7;ALDH2;ALAD;CYP26A1,pure_mRNA
SIG161,2025,Frontiers in oncology,Construction of a prognostic model for colorectal cancer liver metastasis based on single-cell transcriptomics and regulation of the MIF pathway,PMC12537406,https://europepmc.org/article/PMC/PMC12537406,4,TPM2;RPS17;TNNT1;SPINK4,pure_mRNA
SIG163,2025,Translational cancer research,Proteomics-based prognostic signature in colon adenocarcinoma patients with familial adenomatous polyposis,PMC12268895,https://europepmc.org/article/PMC/PMC12268895,4,FABP4;CSRP2;LRCH4;TIMP1,pure_mRNA
SIG164,2025,BMC cancer,Identification of a mitophagy-related gene signature for predicting overall survival and response to immunotherapy in rectal cancer,PMC11706142,https://europepmc.org/article/PMC/PMC11706142,4,MYLK;FLNC;MYH11;NEXN,pure_mRNA
SIG165,2024,Heliyon,5-Fluorouracil resistance-based immune-related gene signature for COAD prognosis,PMC11315090,https://europepmc.org/article/PMC/PMC11315090,5,GOLGA8A;KLC3;TIGD1;NBPF1;SERPINE1,pure_mRNA
SIG166,2026,"Contemporary oncology (Poznan, Poland)",Combined analysis of metabolomics and transcriptomics reveals new indicators for the diagnosis and prognosis of colorectal cancer,PMC13137426,https://europepmc.org/article/PMC/PMC13137426,3,ABCA7;FTCD;MAT1A,pure_mRNA
SIG167,2025,"Advanced science (Weinheim, Baden-Wurttemberg, Germany)",MALMPS: A Machine Learning-Based Metabolic Gene Prognostic Signature for Stratifying Clinical Outcomes and Molecular Heterogeneity in Stage II/III Colorectal Cancer,PMC12499476,https://europepmc.org/article/PMC/PMC12499476,3,KRAS;TP53;BRAF,pure_mRNA
SIG168,2025,Scientific reports,A novel anoikis related gene prognostic model for colorectal cancer based on single cell sequencing and bulk transcriptome analyses,PMC12358598,https://europepmc.org/article/PMC/PMC12358598,9,MGP;TPM2;CRIP2;TUBB6;NOTCH3;LTBP1;CSRP2;FSTL3;VIM,pure_mRNA
SIG169,2024,"Open medicine (Warsaw, Poland)",Identification of signatures associated with microsatellite instability and immune characteristics to predict the prognostic risk of colon cancer,PMC11669901,https://europepmc.org/article/PMC/PMC11669901,8,PLK2;VSIG4;LY75;GZMB;GAS1;LIPG;ANG;AMACR,pure_mRNA
SIG170,2026,Discover oncology,ATOH1 and NPAS1 are immune related prognostic biomarkers in colorectal cancer,PMC13391988,https://europepmc.org/article/PMC/PMC13391988,6,ATOH1;NPAS1;CLOCK;SREBF2;TCF15;MLXIPL,pure_mRNA
SIG171,2026,Journal of gastrointestinal oncology,Identification and preliminary examination of prognostic genes linked to calcium metabolism in colorectal cancer,PMC13350268,https://europepmc.org/article/PMC/PMC13350268,4,PRKCB;ATP2A3;PLCB4;SLC25A6,pure_mRNA
SIG172,2026,Journal of gastrointestinal oncology,Development and validation of manganese metabolism-related genes prognostic model in colorectal cancer and its immunological characteristics,PMC13188049,https://europepmc.org/article/PMC/PMC13188049,6,SNAI1;ELANE;CCNF;SULT1B1;MMP10;TERT,pure_mRNA
SIG173,2026,Journal of inflammation research,Identification of Immune-Related Genes in Predicting the Progression of Colitis-Associated Colorectal Cancer: An Integrated Bioinformatics and Experimental Validation Study,PMC13269035,https://europepmc.org/article/PMC/PMC13269035,5,VSIG4;TNIP3;SLC2A3;LAYN;ICOS,pure_mRNA
SIG175,2025,Journal of gastrointestinal oncology,Development of a prognostic risk model for colorectal cancer and association of the prognostic model with cancer stem cell and immune cell infiltration,PMC11921271,https://europepmc.org/article/PMC/PMC11921271,6,NPC1L1;GLP2R;SLC8A3;AMBP;SMCO2;TTC16,pure_mRNA
SIG176,2025,Scientific reports,Integrated analysis of single-cell and bulk RNA-sequencing to predict prognosis and therapeutic response for colorectal cancer,PMC11889094,https://europepmc.org/article/PMC/PMC11889094,8,S100P;PIGR;USP53;CDH1;LGALS4;ATP10B;SLC12A2;LAMB3,pure_mRNA
SIG177,2024,Frontiers in immunology,A novel liquid-liquid phase separation-related gene signature for predicting prognosis in colon cancer,PMC11693697,https://europepmc.org/article/PMC/PMC11693697,14,AGAP3;AKR1C1;CACNB1;CDK2;CLMN;DMKN;NRG1;OGDHL;POU4F1;PRMT1;PSMA7;RAB15;SNAI1;SYN2,pure_mRNA
SIG178,2023,Frontiers in immunology,Prognostic value of fatty acid metabolism-related genes in colorectal cancer and their potential implications for immunotherapy,PMC10693327,https://europepmc.org/article/PMC/PMC10693327,3,ACOX1;PPARGC1A;ACSL6,pure_mRNA
SIG179,2026,Scientific reports,Deciphering oxidative stress-related heterogeneity and developing a prognostic signature for colorectal cancer,PMC13201555,https://europepmc.org/article/PMC/PMC13201555,12,PPARGC1A;NCOA7;DAPK1;ERCC3;FKBP1B;SLC7A11;GSTP1;KRT1;SMPD3;UCN;WRN;ADIPOQ,pure_mRNA
SIG180,2026,Frontiers in immunology,Multi-omics profiling of sodium-overload (NECSO) programs identifies NEK8 as a central driver of colorectal cancer progression through single-cell and spatial transcriptomics,PMC12929418,https://europepmc.org/article/PMC/PMC12929418,5,NEK8;DRD4;EPHB2;CYTH2;ACOT11,pure_mRNA
SIG181,2026,BMC cancer,T-cell exhaustion indicator characterizes the tumor microenvironment landscape and predicts colon adenocarcinoma prognosis via integrating single-cell RNA-seq and bulk RNA-sequencing,PMC12888615,https://europepmc.org/article/PMC/PMC12888615,5,IL21R;FCRL3;TIFAB;TNFSF14;SLAMF1,pure_mRNA
SIG182,2025,Biomedicines,Multi-Omics-Based Analysis of the Effect of Longevity Genes on the Immune Relevance of Colorectal Cancer,PMC12109330,https://europepmc.org/article/PMC/PMC12109330,3,EXOC3L2;CDKN2A;CAPN9,pure_mRNA
SIG183,2024,Journal of gastrointestinal oncology,Characterizing PANoptosis gene signature in prognosis and chemosensitivity of colorectal cancer,PMC11565111,https://europepmc.org/article/PMC/PMC11565111,4,TIMP1;CDKN2A;CAMK2B;TLR3,pure_mRNA
SIG184,2026,Journal of gastrointestinal oncology,Single-cell transcriptomics reveals the prognostic and immune infiltration significance of FOLFOX-bevacizumab treatment and lysine crotonylation characteristics in colon cancer,PMC13350010,https://europepmc.org/article/PMC/PMC13350010,3,USP53;UACA;IDH2,pure_mRNA
SIG185,2024,Translational oncology,Bulk and single-cell RNA sequencing analyses coupled with multiple machine learning to develop a glycosyltransferase associated signature in colorectal cancer,PMC11402624,https://europepmc.org/article/PMC/PMC11402624,22,LITAF;TERF2IP;FNBP1;LEPROTL1;RGCC;IDS;CDC42SE2;S100P;CXCL1;SPINK1;CDH1;NCOA7;NPDC1;EMP2;TIMP1;TKT;TMEM98;MANF;ETS2;TUBA1C;MUC12;SPINK4,pure_mRNA
SIG186,2025,Journal of Cancer,Construction of a Prognostic Model based on CSC-related Genes in Patients with Colorectal Cancer,PMC12036084,https://europepmc.org/article/PMC/PMC12036084,19,INTS3;LINGO1;GRB7;PLXNB3;PTPRN;GRP;FABP4;DKK1;CALB2;RARG;PCOLCE2;L1CAM;INHBA;HSPB7;TNS1;DPYSL4;ISM1;FABP5;SPEG,pure_mRNA
SIG187,2026,BMC gastroenterology,Molecular subtyping of colorectal cancer based on inositol metabolism identifies PLCG2 as a key prognostic biomarker,PMC13224667,https://europepmc.org/article/PMC/PMC13224667,4,CD14;CD8A;PTPRC;LILRB2,pure_mRNA
SIG188,2026,BMC cancer,UHRF2 related to sumoylation : assessment of its role in immune suppression and therapeutic potential in colorectal cancer,PMC13059483,https://europepmc.org/article/PMC/PMC13059483,6,SENP7;NUP85;UHRF2;BRCA1;TOPORS;SENP5,pure_mRNA
SIG189,2026,ImmunoTargets and therapy,A Novel Prognostic Signature Composed of Autophagy and Liver Metastasis in Colorectal Cancer: Comprehensive Analysis of Bulk and Single-Cell Transcriptomic Data,PMC13033421,https://europepmc.org/article/PMC/PMC13033421,6,SPP1;JCHAIN;DNASE1L3;SNAI1;TPM1;FKBP10,pure_mRNA
SIG190,2023,BMC bioinformatics,Seven bacterial response-related genes are biomarkers for colon cancer,PMC10026208,https://europepmc.org/article/PMC/PMC10026208,7,LGALS4;RORC;DDIT3;NSUN5;RBCK1;RGL2;SERPINE1,pure_mRNA
SIG191,2025,International journal of cancer,The prognostic potential of RNA in stage II colon cancer: Insights from a screened multicenter population-based cohort study,PMC12375848,https://europepmc.org/article/PMC/PMC12375848,3,ZNF697;OXLD1;CTSC,pure_mRNA
SIG192,2025,Discover oncology,Integration analysis of single-cell and spatial transcriptomics identifies prognostic genes associated with neddylation in colorectal cancer,PMC12748437,https://europepmc.org/article/PMC/PMC12748437,3,PSMD12;PSMB2;FBXL5,pure_mRNA
SIG193,2024,PeerJ,Identification and validation of calcium extrusion-related genes prognostic signature in colon adenocarcinoma,PMC11246022,https://europepmc.org/article/PMC/PMC11246022,7,SLC8A1;SLC8A2;SLC8A3;SLC8B1;SLC24A2;SLC24A3;SLC24A4,pure_mRNA
SIG194,2025,Frontiers in oncology,Prognostic value and experimental validation of atherosclerosis-derived pathogenic genes in colorectal cancer,PMC12832349,https://europepmc.org/article/PMC/PMC12832349,6,CDC25C;HMMR;KPNA2;PRR11;PALB2;TKT,pure_mRNA
SIG195,2026,Scientific reports,The significance of immunogenic cell death related prognostic gene markers in colorectal cancer prognosis and antitumor immunity,PMC12855974,https://europepmc.org/article/PMC/PMC12855974,12,CAV2;NOXA1;TGFB2;WRNIP1;CCL22;ICAM2;APOBEC3F;COTL1;CTSD;IDO1;NFATC1;RUNX3,pure_mRNA
SIG196,2026,Biochemistry and biophysics reports,Unraveling the role of mitochondrial unfolded protein response in colorectal cancer,PMC12704202,https://europepmc.org/article/PMC/PMC12704202,4,CEBPB;CHAC1;IGFBP1;STC2,pure_mRNA
SIG197,2025,Translational cancer research,Immunogenomic classification and nomogram development and validation for colorectal cancer survival prediction based on immune-related genes,PMC12554512,https://europepmc.org/article/PMC/PMC12554512,4,ICAM1;MMP9;ICOS;FCGR1A,pure_mRNA
SIG198,2025,Discover oncology,Neddylation related gene signature for prognostic biomarkers in colorectal cancer with integrated bioinformatics and experimental analysis,PMC12748476,https://europepmc.org/article/PMC/PMC12748476,3,CCNF;ANKRD13D;PSMA7,pure_mRNA
SIG199,2025,Infectious agents and cancer,Unveiling prognostic value of JAK/STAT signaling pathway related genes in colorectal cancer: a study of Mendelian randomization analysis,PMC11806682,https://europepmc.org/article/PMC/PMC11806682,5,ANK3;F5;FAM50B;KLHL35;MPP2,pure_mRNA
SIG200,2026,Journal of translational medicine,Integrated single-cell and spatial transcriptomic analysis reveals mCAF-SPP1⁺ macrophage-T cell crosstalk shaping immunosuppressive niches in colorectal cancer liver metastasis,PMC13088502,https://europepmc.org/article/PMC/PMC13088502,3,KLF2;ZBTB20;ARL4C,pure_mRNA
SIG201,2024,Cancer biomarkers : section A of Disease markers,Tumor immune microenvironment of colorectal cancer identifies novel prognostic signature and potential therapeutic drugs,PMC11905983,https://europepmc.org/article/PMC/PMC11905983,4,DKC1;FLNA;CSE1L;NSUN5,pure_mRNA
SIG202,2025,"Open medicine (Warsaw, Poland)","A machine learning-based prognostic model integrating mRNA stemness index, hypoxia, and glycolysis‑related biomarkers for colorectal cancer",PMC12452079,https://europepmc.org/article/PMC/PMC12452079,29,ADM;ALDOB;ALDOC;ANG;CBFA2T3;CCNA2;CD44;ENO1;EPAS1;HK3;HMOX1;IL1A;IRS2;JUND;KCNMB1;LDHB;MMP14;MYCN;NDRG1;NUP210;PCK1;PHGDH;PLAT;PMAIP1;PRKACB;PTGIS;STC1;STC2;VEGFA,pure_mRNA
SIG203,2025,PloS one,Identification of cuproptosis and ferroptosis-related subtypes and development of a prognostic signature in colon cancer,PMC11781745,https://europepmc.org/article/PMC/PMC11781745,5,ASRGL1;EREG;RORC;MMP10;INHBB,pure_mRNA
SIG204,2025,Frontiers in oncology,Overexpression of MMP14 is associated with poor prognosis and immune cell infiltration in colon cancer,PMC12062125,https://europepmc.org/article/PMC/PMC12062125,3,LIMK1;SPOCK3;SLC2A3,pure_mRNA
SIG205,2026,Discover oncology,An epithelial mesenchymal transition associated gene signature stratifies risk of ulcerative colitis associated colorectal cancer,PMC13486420,https://europepmc.org/article/PMC/PMC13486420,7,FAP;TIMP1;SPP1;INHBA;COL12A1;CALU;CTHRC1,pure_mRNA
SIG206,2025,BMC cancer,Development of a prognostic risk model for colorectal cancer based on microsatellite stability-associated genes,PMC12487216,https://europepmc.org/article/PMC/PMC12487216,11,CHGB;FABP4;PLIN4;PLIN1;RPRM;C7;AQP8;C2CD4A;APLP1;ADH1B;CD36,pure_mRNA
SIG207,2025,Scientific reports,Integrated singlecell and bulk RNA-seq analysis identifies a prognostic signature related to inflammation in colorectal cancer,PMC11701073,https://europepmc.org/article/PMC/PMC11701073,13,TIMP1;GDF15;UCN;KRT4;POU4F1;NXPH1;SIX2;NPC1L1;KLK12;IGFL1;FOXD1;ASPG;CYP4F8,pure_mRNA
SIG208,2025,Scientific reports,PDT-regulated immune gene prognostic model reveals tumor microenvironment in colorectal cancer liver metastases,PMC12003684,https://europepmc.org/article/PMC/PMC12003684,7,HSPA1A;ULBP2;RBP7;OXT;SLC11A1;INHBB;ICOS,pure_mRNA
SIG209,2025,European journal of medical research,Unveiling the prognostic significance of RNA editing-related genes in colon cancer: evidence from bioinformatics and experiment,PMC11823094,https://europepmc.org/article/PMC/PMC11823094,5,GNL3L;NUP43;MAGT1;EMP2;ARSD,pure_mRNA
SIG210,2026,Stem cells international,FAP as a Clinical Biomarker: FAP+ CAFs Orchestrate an Immunosuppressive Stem Cell Niche via the COL1A1/2-CD44 Axis in Colon Cancer,PMC13446019,https://europepmc.org/article/PMC/PMC13446019,13,CCL8;SPARCL1;SFRP2;ARL4C;COMP;AOC3;LOX;SPP1;CD109;TMEM45A;OLFM4;SELENBP1;CXCL10,pure_mRNA
SIG211,2025,International journal of genomics,A Novel Mitochondria-Associated Programmed Cell Death-Related Prognostic Model and Validation of Oncogene INHBB in Colorectal Cancer,PMC12648302,https://europepmc.org/article/PMC/PMC12648302,4,ACSL6;INHBB;GPR15;SRPX,pure_mRNA
SIG212,2026,Translational cancer research,Multiomics study on the tertiary lymphatic structure signature of colon cancer,PMC12971587,https://europepmc.org/article/PMC/PMC12971587,3,CXCL10;VSIG4;GZMB,pure_mRNA
SIG213,2025,Discover oncology,Bioinformatics mining and experimental validation of prognostic biomarkers in colorectal cancer,PMC12373585,https://europepmc.org/article/PMC/PMC12373585,5,TIMP1;PCOLCE2;MEIS2;HDC;CXCL13,pure_mRNA
SIG214,2025,Frontiers in immunology,TRP-related gene signatures predict survival and the immune microenvironment in rectal cancer: a comprehensive bioinformatics study,PMC12436457,https://europepmc.org/article/PMC/PMC12436457,5,BMP5;DHRS11;GLTP;NFE2L3;TMCC3,pure_mRNA
SIG215,2025,Journal of cell communication and signaling,Risk model of liquid-liquid phase separation-related genes reveals the prognosis and tumor microenvironment characteristics of colorectal cancer,PMC12582976,https://europepmc.org/article/PMC/PMC12582976,4,ASXL1;DDX21;TACC3;TRIM28,pure_mRNA
SIG216,2026,Discover oncology,Integrative machine learning models reveal immune and metabolic signatures predictive of colorectal cancer prognosis,PMC13187096,https://europepmc.org/article/PMC/PMC13187096,4,IL20RB;MC1R;PTH1R;NAT1,pure_mRNA
SIG217,2025,Discover oncology,Development and validation of a disulfidptosis-related prognostic model for colorectal cancer using multi-omics analysis,PMC11914417,https://europepmc.org/article/PMC/PMC11914417,8,VSIG4;SCG2;INHBB;DDC;CXCL13;KLK10;CXCL10;CCL11,pure_mRNA
SIG218,2024,Technology in cancer research & treatment,Identification of a 5-Gene Cuproptosis Signature Predicting the Prognosis for Colon Adenocarcinoma Based on WGCNA,PMC11135095,https://europepmc.org/article/PMC/PMC11135095,4,DLAT;CDKN2A;VEGFA;ULK1,pure_mRNA
SIG219,2024,Technology in cancer research & treatment,A Pyroptosis-Related Gene Signature Predicts Prognosis and Tumor Immune Microenvironment in Colorectal Cancer,PMC11331578,https://europepmc.org/article/PMC/PMC11331578,8,GABRD;NADK;TMEM240;RER1;AGRN;UBE2J2;CALML6;PLCH2,pure_mRNA
SIG220,2025,Discover oncology,Using single cell sequencing to investigate tumor microenvironment differences in left and right colon cancer and prognosis-related core genes,PMC12705519,https://europepmc.org/article/PMC/PMC12705519,7,S100P;LGALS4;TIMP1;DNASE1L3;BGN;TPM2;LY6E,pure_mRNA
SIG221,2023,Frontiers in oncology,Integrative analysis reveals a four-gene signature for predicting survival and immunotherapy response in colon cancer patients using bulk and single-cell RNA-seq data,PMC10644708,https://europepmc.org/article/PMC/PMC10644708,4,NPDC1;PTPN6;SPINK4;CXCL13,pure_mRNA
SIG222,2024,Heliyon,Development and validation of prognostic signatures of NAD+ metabolism and immune-related genes in colorectal cancer,PMC11315184,https://europepmc.org/article/PMC/PMC11315184,3,MOGAT2;COMP;DNASE1L3,pure_mRNA
SIG223,2023,Frontiers in genetics,Identification and validation of a novel stress granules-related prognostic model in colorectal cancer,PMC10187888,https://europepmc.org/article/PMC/PMC10187888,4,CPT2;NRG1;GAP43;CDKN2A,pure_mRNA
SIG224,2025,Frontiers in immunology,Machine learning identifies PYGM as a macrophage polarization-linked metabolic biomarker in rectal cancer prognosis,PMC12378483,https://europepmc.org/article/PMC/PMC12378483,3,PYGM;MAOB;TIMP1,pure_mRNA
SIG225,2026,Frontiers in molecular biosciences,Disulfidptosis-related genes signature predicts prognosis and immune microenvironment in colon cancer,PMC12890678,https://europepmc.org/article/PMC/PMC12890678,5,RAB7A;SLC7A11;INF2;FLNA;OXSM,pure_mRNA
SIG226,2025,Discover oncology,SUMOylation-regulated genes in colon cancer: expression patterns and clinical implications,PMC12092877,https://europepmc.org/article/PMC/PMC12092877,5,MC1R;LRRC4C;SAGE1;GJB6;HOXC5,pure_mRNA
SIG227,2025,Current issues in molecular biology,Integrative Bioinformatics and Experimental Validation Establish CCNB1 as a Potential Biomarker for Diagnosis and Prognosis in Colorectal Cancer,PMC12731441,https://europepmc.org/article/PMC/PMC12731441,8,CLCA1;CCNB1;TPM2;MMP3;AOC3;CRYAB;CA4;GUCA2A,pure_mRNA
SIG228,2025,Discover oncology,Integration of single-cell and bulk RNA-sequencing data to construct and validate a signature based on NK cell marker genes to predict immunotherapy response and prognosis in colorectal cancer,PMC11805743,https://europepmc.org/article/PMC/PMC11805743,6,ADAM8;CTSD;CCL4;IL2RB;TTC38;PLEK,pure_mRNA
SIG229,2025,Discover oncology,Prognostic value of brown adipocyte-related genes in colorectal cancer: a multi-omics and Mendelian randomization study,PMC12819916,https://europepmc.org/article/PMC/PMC12819916,4,ADD2;PDE1B;LZTS1;PCSK5,pure_mRNA
SIG230,2024,Scientific reports,Integration of single-cell sequencing and bulk RNA-seq to identify and develop a prognostic signature related to colorectal cancer stem cells,PMC11133358,https://europepmc.org/article/PMC/PMC11133358,16,CISD2;RNH1;DCBLD2;VDAC3;ALDH2;YBX3;FDFT1;RBM3;FKBP4;PSMG3;LRRC59;KIF9;TIMP1;ETS2;PSMA5;RPS17,pure_mRNA
SIG231,2025,PeerJ,Mito-fission gene prognostic model for colorectal cancer,PMC12182055,https://europepmc.org/article/PMC/PMC12182055,3,CCDC68;FAM151A;MC1R,pure_mRNA
SIG232,2024,Medicine,Systemic immune profiling analysis identifying M2-TAM related genes predicted colon cancer prognosis and chemotherapy responses,PMC11688056,https://europepmc.org/article/PMC/PMC11688056,7,SNAI1;GRP;GABRD;CD1B;PATL2;MFNG;DAPK1,pure_mRNA
SIG233,2025,Scientific reports,Comprehensive characterization of the molecular feature of acetylation in colorectal cancer using integrated single-cell and bulk RNA sequencing,PMC12457583,https://europepmc.org/article/PMC/PMC12457583,10,DCTPP1;TXNDC12;RPS24;TCEAL4;RAB5C;NME1;VOPP1;SMAGP;MRPL22;HINT1,pure_mRNA
SIG234,2023,Heliyon,Prognostic signature of colorectal cancer based on uric acid-related genes,PMC10782177,https://europepmc.org/article/PMC/PMC10782177,13,LEP;CPT2;WDR72;TIMP1;CUX2;TRIP6;PLAC1;SPINK4;MACIR;ALPP;TERT;HDC;CALB1,pure_mRNA
SIG235,2024,Frontiers in immunology,An inflammation-related subtype classification for analyzing tumor microenvironment and clinical prognosis in colorectal cancer,PMC11089903,https://europepmc.org/article/PMC/PMC11089903,6,CCL2;CMKLR1;NOD2;SLC28A2;SLAMF1;SRI,pure_mRNA
SIG236,2025,Discover oncology,Multi-omics analysis reveals different cholesterol metabolism subtypes in colorectal cancer,PMC12644335,https://europepmc.org/article/PMC/PMC12644335,5,PCOLCE2;HOXC6;F7;EEF1A2;CALB1,pure_mRNA
SIG237,2021,Aging,Development and validation of prognostic model based on the analysis of autophagy-related genes in colon cancer,PMC8351728,https://europepmc.org/article/PMC/PMC8351728,6,ULK3;ATG101;MAP1LC3C;TSC1;DAPK1;SERPINA1,pure_mRNA
SIG238,2024,Discover oncology,Identification and validation of a prognostic signature based on six immune-related genes for colorectal cancer,PMC11133253,https://europepmc.org/article/PMC/PMC11133253,6,ACTG1;CAT;CXCL1;GRP;RAF1;PGLYRP2,pure_mRNA
SIG239,2025,BMC cancer,Development of a novel angiogenesis-associated gene model for prognosis prediction in colorectal cancer,PMC12542104,https://europepmc.org/article/PMC/PMC12542104,7,FLT1;CXCL13;RBP2;CXCL11;FSTL3;MMP12;HOXC6,pure_mRNA
SIG240,2025,Scientific reports,Oxidative stress gene expression in ulcerative colitis: implications for colon cancer biomarker discovery,PMC12218319,https://europepmc.org/article/PMC/PMC12218319,6,CXCL11;MMP10;MMP3;NFE2L3;RNASE1;TIMP1,pure_mRNA
SIG241,2025,Frontiers in oncology,Identification of a signature gene set for oxaliplatin sensitivity prediction in colorectal cancer,PMC12696748,https://europepmc.org/article/PMC/PMC12696748,4,AXDND1;BAMBI;MAPK8IP2;BMP7,pure_mRNA
SIG242,2024,Scientific reports,Comprehensive analyses of solute carrier family members identify SLC12A2 as a novel therapy target for colorectal cancer,PMC10891168,https://europepmc.org/article/PMC/PMC10891168,6,SLC39A8;SLC2A3;SLC39A13;SLC35B1;SLC4A3;SLC12A2,pure_mRNA
SIG243,2024,BMC genomics,Development and validation of epigenetic modification-related signals for the diagnosis and prognosis of colorectal cancer,PMC10782594,https://europepmc.org/article/PMC/PMC10782594,8,NAP1L2;AURKB;TONSL;HDAC9;PHF19;CHAF1B;SATB2;AURKA,pure_mRNA
SIG244,2024,Scientific reports,Disulfidptosis-related prognostic signature correlates with immunotherapy response in colorectal cancer,PMC10762008,https://europepmc.org/article/PMC/PMC10762008,13,POU4F1;KIF7;DPP7;NECAB2;MAP2;ASB6;TFAP2C;ZNF160;JDP2;FAM219B;GDI1;GPC1;SLC35G2,pure_mRNA
SIG245,2026,"Open medicine (Warsaw, Poland)",Comprehensive analysis of m6A RNA methylation regulators for prognostic risk stratification and immune microenvironment characterization in colorectal cancer,PMC13150367,https://europepmc.org/article/PMC/PMC13150367,3,ZCCHC13;LIPG;IGFBP3,pure_mRNA
SIG246,2025,Translational gastroenterology and hepatology,Development of a novel prognostic prediction model using mitochondrial-related genes and single-cell sequencing data for colorectal carcinoma,PMC12596427,https://europepmc.org/article/PMC/PMC12596427,5,ACSL6;PTRH1;TERT;CPT2;MOCS1,pure_mRNA
SIG247,2025,Translational cancer research,Molecular dynamics simulation and single-cell and spatial transcriptomics validate immune and prognostic biomarkers in colorectal cancer and construct a clinical prognostic model,PMC12605414,https://europepmc.org/article/PMC/PMC12605414,3,ULBP2;INHBB;STC2,pure_mRNA
SIG248,2026,Frontiers in oncology,The potential of mitochondrial permeability transition-driven necrosis-related genes in prognostic evaluation of colorectal cancer patients,PMC13006312,https://europepmc.org/article/PMC/PMC13006312,5,LMNB2;CASP7;PRKCB;ENDOG;GZMB,pure_mRNA
SIG249,2025,Frontiers in immunology,CD47 expression in solid tumors correlates with phagocytic tumor-associated macrophage gene signature,PMC12708551,https://europepmc.org/article/PMC/PMC12708551,4,PLAUR;SLC11A1;BRI3;FBP1,pure_mRNA
SIG250,2025,Frontiers in pharmacology,Integrated network pharmacology and experimental verification to reveal the mechanisms of curcumin in the treatment of colorectal cancer,PMC12868254,https://europepmc.org/article/PMC/PMC12868254,4,SIRT1;SERPINE1;MMP3;WNT5A,pure_mRNA
SIG251,2024,Discover oncology,Predictive role of oxidative stress-related genes in colon cancer: a retrospective cohort study based on The Cancer Genome Atlas,PMC11297001,https://europepmc.org/article/PMC/PMC11297001,14,RYR2;GSTM1;HSPA1A;ACADL;STK25;ALOX12;MAPK12;CYP19A1;NOL3;NGF;NTRK2;DAPK1;UCN;HBA2,pure_mRNA
SIG252,2024,Frontiers in immunology,Chemokine family significance and prognostic value in colorectal cancer,PMC11743568,https://europepmc.org/article/PMC/PMC11743568,3,CXCL13;CXCR6;XCR1,pure_mRNA
SIG253,2024,Journal of cancer research and clinical oncology,Identification of a distinctive immunogenomic gene signature in stage-matched colorectal cancer,PMC11646222,https://europepmc.org/article/PMC/PMC11646222,3,GTF3A;VEGFA;PKM,pure_mRNA
SIG254,2025,Cancer management and research,Advancing Prognostic Accuracy Beyond Classical N Staging in Colorectal Cancer: An Observational Cohort Study to Define a Lymph Node Ratio Based Risk Score,PMC12628777,https://europepmc.org/article/PMC/PMC12628777,3,KRAS;NRAS;BRAF,pure_mRNA
SIG255,2025,Translational oncology,The KRAS-G12D mutation drives venous thromboembolism (VTE) and colorectal cancer progression via MAPK/ERK signaling,PMC12481119,https://europepmc.org/article/PMC/PMC12481119,3,PLCG2;MAPK12;C4B,pure_mRNA
SIG256,2025,Clinical and experimental medicine,Integrate bulk RNA and single-cell sequencing to identify prognostic genes associated with dietary restriction and circadian rhythm in colorectal cancer and conduct experimental verification,PMC12712030,https://europepmc.org/article/PMC/PMC12712030,5,SOCS3;MMP3;SLC3A1;FABP4;SERPINE1,pure_mRNA
SIG257,2025,Human vaccines & immunotherapeutics,The construction of a prognostic nomogram model for colorectal cancer and the prediction of immune characteristics and immune treatment responses based on the bioinformatics analysis of soluble mediator-related genes,PMC12439576,https://europepmc.org/article/PMC/PMC12439576,4,PMS2;PMS1;MLH3;MLH1,pure_mRNA
SIG258,2022,Evidence-based complementary and alternative medicine : eCAM,A Novel Pyroptosis-Associated Gene Signature to Predict Prognosis in Patients with Colorectal Cancer,PMC9129977,https://europepmc.org/article/PMC/PMC9129977,6,CHMP2A;CHMP3;GSDME;HMGB1;IRF2;TP63,pure_mRNA
SIG259,2024,Translational cancer research,Identification and validation of endoplasmic reticulum stress-related genes that enhance immunotherapy in colon cancer,PMC11319978,https://europepmc.org/article/PMC/PMC11319978,6,PMM2;STC2;EIF2AK1;HSPA1A;SLC8A1;KCNQ1,pure_mRNA
SIG260,2022,Frontiers in genetics,"Exploring the Relationship Between Senescence and Colorectal Cancer in Prognosis, Immunity, and Treatment",PMC9240351,https://europepmc.org/article/PMC/PMC9240351,5,CAV1;FOXM1;MAD2L1;NDRG1;VEGFA,pure_mRNA
SIG261,2023,International journal of general medicine,Identification of Hypoxia-Associated Signature in Colon Cancer to Assess Tumor Immune Microenvironment and Predict Prognosis Based on 14 Hypoxia-Associated Genes,PMC10281280,https://europepmc.org/article/PMC/PMC10281280,14,ALDOB;ANGPTL4;ANKZF1;CSRP2;DDIT3;ENO3;GLRX;GPC1;PGF;PGM2;PPARGC1A;SIAH2;STC2;TKTL1,pure_mRNA
SIG262,2025,Oncology letters,Comprehensive analysis of a palmitoylation-related prognostic signature in colorectal cancer: Implications for immune therapy and personalized treatment,PMC12117421,https://europepmc.org/article/PMC/PMC12117421,6,KRT8P12;ZDHHC3;PCOLCE2;MPP2;LARS2;MMAA,pure_mRNA
SIG263,2022,Frontiers in immunology,A novel enterocyte-related 4-gene signature for predicting prognosis in colon adenocarcinoma,PMC9755665,https://europepmc.org/article/PMC/PMC9755665,4,CPM;CLCA4;ELOVL6;ATP2A3,pure_mRNA
SIG264,2025,Clinical and experimental medicine,Identification of a metabolic-immune signature associated with prognosis in colon cancer and exploration of potential predictive efficacy of immunotherapy response,PMC11762008,https://europepmc.org/article/PMC/PMC11762008,6,CD36;PCOLCE2;SCG2;CALB2;STC2;CLDN23,pure_mRNA
SIG265,2025,Biological procedures online,FNDC5 and ACOX1 as Biomarkers of Peroxisomal Activity with Contrast Outcomes in Colon Adenocarcinoma,PMC12706935,https://europepmc.org/article/PMC/PMC12706935,7,ABCD1;ABCD3;ACOX1;FNDC5;HAO2;NOS2;PEX5L,pure_mRNA
SIG266,2024,Scientific reports,Construction and verification of a histone deacetylases-related prognostic signature model for colon cancer,PMC11026370,https://europepmc.org/article/PMC/PMC11026370,5,BRD2;PBRM1;HDAC3;TAF1;BRD3,pure_mRNA
SIG267,2022,Frontiers in genetics,Identification of a novel lipid metabolism-related gene signature for predicting colorectal cancer survival,PMC9485806,https://europepmc.org/article/PMC/PMC9485806,11,GGT5;ASAH1;HMGCL;CD36;DPM2;ACOX1;ANGPTL4;INSR;ADIPOQ;ALDH1A3;MMP1,pure_mRNA
SIG268,2024,BMC medical genomics,Identification of a novel lymphangiogenesis signature associated with immune cell infiltration in colorectal cancer based on bioinformatics analysis,PMC10763205,https://europepmc.org/article/PMC/PMC10763205,6,NUMBL;TSPAN11;PHF21A;PDGFRA;ZNF385A;RIMKLB,pure_mRNA
SIG269,2025,Cell death & disease,PLIN2 promotes colorectal cancer progression through CD36-mediated epithelial-mesenchymal transition,PMC12246428,https://europepmc.org/article/PMC/PMC12246428,3,PLIN2;FUOM;SPTSSA,pure_mRNA
SIG270,2023,Frontiers in cell and developmental biology,Neurotransmitter receptor-related gene signature as potential prognostic and therapeutic biomarkers in colorectal cancer,PMC10720326,https://europepmc.org/article/PMC/PMC10720326,4,CHRNA3;GABRD;GRIK3;GRIK5,pure_mRNA
SIG271,2025,International journal of molecular sciences,Identification of Colorectal Cancer-Related RNA Markers from Whole Blood Using Integrated Bioinformatics Analysis,PMC12692440,https://europepmc.org/article/PMC/PMC12692440,5,DLG5;CD177;SH2D1B;NQO2;KRT73,pure_mRNA
SIG272,2025,PeerJ,Transformative insights from transcriptome analysis of colorectal cancer patient tissues: identification of four key prognostic genes,PMC12374693,https://europepmc.org/article/PMC/PMC12374693,4,THBS2;FN1;COL1A1;COL5A1,pure_mRNA
SIG273,2023,Translational cancer research,Extracellular matrix-based gene signature for predicting prognosis in colon cancer and immune microenvironment,PMC10007896,https://europepmc.org/article/PMC/PMC10007896,4,CXCL13;CXCL14;SFRP5;THBS4,pure_mRNA
SIG274,2023,Frontiers in oncology,A pyroptosis-related gene signature that predicts immune infiltration and prognosis in colon cancer,PMC10369052,https://europepmc.org/article/PMC/PMC10369052,8,CXCL10;MMP12;CXCL13;MMP3;TNFAIP6;IDO1;CCL8;KRT23,pure_mRNA
SIG275,2025,Frontiers in immunology,Identification of a coagulation-related classification and signature that predict disease heterogeneity for colorectal cancer and pan-cancer patients,PMC12328357,https://europepmc.org/article/PMC/PMC12328357,4,F2RL2;GP1BA;MMP10;TIMP1,pure_mRNA
SIG276,2025,Discover oncology,Immune gene features and prognosis in colorectal cancer: insights from ssGSEA typing,PMC11807041,https://europepmc.org/article/PMC/PMC11807041,12,PLXND1;CX3CL1;CCL22;TGFB3;APOBEC3F;CRABP2;SEMA6B;ANGPTL4;FABP4;SCG2;ISG20;APOD,pure_mRNA
SIG277,2022,BMC bioinformatics,Novel six-gene prognostic signature based on colon adenocarcinoma immune-related genes,PMC9552517,https://europepmc.org/article/PMC/PMC9552517,6,CD1A;CD1B;FGF9;GRP;SERPINE1;F2RL2,pure_mRNA
SIG278,2024,"Cancer reports (Hoboken, N.J.)",The exploration of mitochondrial-related features helps to reveal the prognosis and immunotherapy methods of colorectal cancer,PMC10809275,https://europepmc.org/article/PMC/PMC10809275,5,TRAP1;HIGD1A;PPARGC1A;EFHD1;P4HA1,pure_mRNA
SIG279,2022,Frontiers in genetics,Exploration of Reduced Mitochondrial Content-Associated Gene Signature and Immunocyte Infiltration in Colon Adenocarcinoma by an Integrated Bioinformatic Analysis,PMC9024084,https://europepmc.org/article/PMC/PMC9024084,7,LRRN2;ANKLE1;GPRASP1;PRAME;TCF7L1;RAB6B;CALB2,pure_mRNA
SIG280,2024,Translational cancer research,Construction and validation of prognostic model for colorectal mucinous adenocarcinoma patients and identification of a new prognosis related gene <i>FAM174B</i>,PMC11543054,https://europepmc.org/article/PMC/PMC11543054,4,FAM174B;CREB3L1;SPDEF;RAP1GAP,pure_mRNA
SIG281,2025,Current issues in molecular biology,Identification and Validation of a Macrophage Phagocytosis-Related Gene Signature for Prognostic Prediction in Colorectal Cancer (CRC),PMC12562277,https://europepmc.org/article/PMC/PMC12562277,4,SPHK1;VSIG4;FCGR2B;FPR2,pure_mRNA
SIG282,2023,Frontiers in surgery,A novel strategy for precise prognosis management and treatment option in colon adenocarcinoma with TP53 mutations,PMC9947352,https://europepmc.org/article/PMC/PMC9947352,16,GALK1;TGIF2;TAPBPL;SPINK1;ZNF500;LAMC1;MICB;RPL8;EEF1D;MAPKBP1;ZNF250;RFX3;ETV1;SERINC3;DIP2C;AKT3,pure_mRNA
SIG283,2022,Scientific reports,A mitophagy-related gene signature associated with prognosis and immune microenvironment in colorectal cancer,PMC9636133,https://europepmc.org/article/PMC/PMC9636133,10,AMBRA1;ATG14;MAP1LC3A;MAP1LC3B;OPTN;VDAC1;ATG5;CSNK2A2;MFN1;TOMM22,pure_mRNA
SIG284,2023,Journal of Cancer,A Prognostic Model of Angiogenesis and Neutrophil Extracellular Traps Related Genes Manipulating Tumor Microenvironment in Colon Cancer,PMC10367930,https://europepmc.org/article/PMC/PMC10367930,3,TIMP1;CALB2;FABP4,pure_mRNA
SIG285,2024,Scientific reports,In-depth analysis of lymph node metastasis-related sialylated protein profiling and their clinical and biological significance in colorectal cancer using mass spectrometry and multi-omics technologies,PMC11574123,https://europepmc.org/article/PMC/PMC11574123,9,ACADM;EHD4;FLOT1;GPC1;GSR;LRRC8A;NGFR;SDHB;SEC61G,pure_mRNA
SIG286,2024,Heliyon,The prognostic model and immune landscape based on cancer-associated fibroblast features for patients with locally advanced rectal cancer,PMC11000021,https://europepmc.org/article/PMC/PMC11000021,5,SMOC2;TUBAL3;C2CD4A;MAP1B;BMP8A,pure_mRNA
SIG287,2022,Vaccines,Integration of Bulk and Single-Cell RNA-Seq Data to Construct a Prognostic Model of Membrane Tension-Related Genes for Colon Cancer,PMC9506318,https://europepmc.org/article/PMC/PMC9506318,3,CDC42;CAV1;TIMP1,pure_mRNA
SIG288,2025,Human mutation,AIF1L as a Ferroptosis-Linked Biomarker in Microsatellite States-Driven Colorectal Cancer: Functional and Diagnostic Insights From Multiomics Analysis,PMC12534154,https://europepmc.org/article/PMC/PMC12534154,5,POU4F1;AIF1L;SLC18A1;INSL4;HOXC6,pure_mRNA
SIG289,2024,Heliyon,Identification and validation of a novel 17 coagulation-related genes signature for predicting prognostic risk in colorectal cancer,PMC11233961,https://europepmc.org/article/PMC/PMC11233961,17,CTNNB1;AIP;CDKN1B;NHP2;GNG12;PHF2;HADH;HMGCL;HNF1B;C8G;WNT4;CPT2;CACNA1D;TGFB2;LEFTY2;ICOS;TERT,pure_mRNA
SIG290,2023,Frontiers in oncology,Establishment and validation of a ferroptosis-related signature predicting prognosis and immunotherapy effect in colon cancer,PMC10243598,https://europepmc.org/article/PMC/PMC10243598,3,SLC2A2;CDKN2A;FABP4,pure_mRNA
SIG291,2024,International journal of medical sciences,Construction and Validation of Novel Ferroptosis-related Risk Score Signature and Prognostic Prediction Nomogram for Patients with Colorectal Cancer,PMC11103399,https://europepmc.org/article/PMC/PMC11103399,3,GPX3;CDKN2A;SLC7A11,pure_mRNA
SIG292,2024,Nature communications,Plasma proteomic and polygenic profiling improve risk stratification and personalized screening for colorectal cancer,PMC11473805,https://europepmc.org/article/PMC/PMC11473805,15,IGFBP4;WFDC2;TFF1;LTBP2;COL18A1;CCN3;SELL;PON3;ADGRG2;IGF2R;PZP;CDON;TNXB;APLP1;CR2,pure_mRNA
SIG293,2023,Frontiers in oncology,Construction of a prognostic signature associated with liver metastases for prognosis and immune response prediction in colorectal cancer,PMC10411999,https://europepmc.org/article/PMC/PMC10411999,7,HAMP;COLEC11;MMP3;UGT2B7;C8G;SERPINA1;IFITM10,pure_mRNA
SIG294,2023,Frontiers in oncology,Construction of a DDR-related signature for predicting of prognosis in metastatic colorectal carcinoma,PMC9931195,https://europepmc.org/article/PMC/PMC9931195,4,EME2;MSH4;MLH3;SPO11,pure_mRNA
SIG295,2025,Scientific reports,Development of a prognostic prediction model based on damage-associated molecular pattern for colorectal cancer applying bulk RNA-seq analysis,PMC12267444,https://europepmc.org/article/PMC/PMC12267444,9,KCNT1;PAH;SLC2A3;SLC11A1;SIGLEC14;JAKMIP1;HOXC4;MMP1;FCGR3B,pure_mRNA
SIG296,2021,World journal of surgical oncology,Identification of a prognostic gene signature of colon cancer using integrated bioinformatics analysis,PMC7807455,https://europepmc.org/article/PMC/PMC7807455,11,ADORA3;CPA3;CPM;EDN3;FCRL2;MFNG;NAT1;PCSK5;PPARGC1A;PRRX2;TNFRSF17,pure_mRNA
SIG297,2025,Communications biology,Cancer-associated fibroblasts shape the formation of budding cancer cells at the invasive front of human colorectal cancer,PMC12441128,https://europepmc.org/article/PMC/PMC12441128,11,TYK2;IL2RG;KRT17;HLA-B;NPPC;WIF1;IL32;B2M;CCND1;CRIP1;ITGB1,pure_mRNA
SIG298,2022,Frontiers in public health,A Prognostic Model for Colon Adenocarcinoma Patients Based on Ten Amino Acid Metabolism Related Genes,PMC9197389,https://europepmc.org/article/PMC/PMC9197389,9,ASPG;DUOX1;GAMT;GSR;MAT1A;PSMD12;RIMKLB;RPL3L;RPS17,pure_mRNA
SIG300,2022,BioMed research international,Identification of a 5-Nutrient Stress-Sensitive Gene Signature to Predict Survival for Colorectal Cancer,PMC9039781,https://europepmc.org/article/PMC/PMC9039781,5,MCM5;MCM6;CDCA2;GINS2;SPC25,pure_mRNA
SIG301,2024,Translational cancer research,Construction of a new prognostic model for colorectal cancer based on bulk RNA-seq combined with The Cancer Genome Atlas data,PMC11231782,https://europepmc.org/article/PMC/PMC11231782,7,RETNLB;CLCA4;UGT2A3;SULT1B1;CCL24;BMP5;ATOH1,pure_mRNA
SIG302,2024,BMC cancer,Constructing a prognostic model for colon cancer: insights from immunity-related genes,PMC11197172,https://europepmc.org/article/PMC/PMC11197172,6,ZG16;MPC1;RBM47;SMOX;CPM;DNASE1L3,pure_mRNA
SIG303,2024,World journal of gastrointestinal oncology,Four centrosome-related genes to predict the prognosis and drug sensitivity of patients with colon cancer,PMC11099447,https://europepmc.org/article/PMC/PMC11099447,3,TSC1;AXIN2;COPS7A,pure_mRNA
SIG304,2024,Functional & integrative genomics,"Targeting nucleotide metabolic pathways in colorectal cancer by integrating scRNA-seq, spatial transcriptome, and bulk RNA-seq data",PMC11004054,https://europepmc.org/article/PMC/PMC11004054,4,ACOX1;ALDOB;CPT2;TKT,pure_mRNA
SIG305,2025,Discover oncology,ZNF385A was identified as a novel colorectal cancer-related functional gene by analysis of the interaction and immune characteristics of oxidative stress and the inflammatory response,PMC11893970,https://europepmc.org/article/PMC/PMC11893970,7,ADAM8;ANGPTL4;ZNF385A;GPX3;AOC3;MMP3;ITLN1,pure_mRNA
SIG306,2022,Disease markers,A Novel Pyroptosis-Related Prognostic Signature for Risk Stratification and Clinical Prognosis in Clear Cell Renal Cell Carcinoma,PMC8927973,https://europepmc.org/article/PMC/PMC8927973,11,CASP9;TUBB6;NFKB1;BNIP3;CAPN1;CD14;PRDM1;BST2;SDHB;TFAM;GSDMB,pure_mRNA
SIG307,2024,Scientific reports,Identification of a novel macrophage-related prognostic signature in colorectal cancer,PMC10837438,https://europepmc.org/article/PMC/PMC10837438,13,ADAM8;C5AR1;CCL22;CIITA;CTSD;CXCL8;CXCL9;FABP4;MMP3;MS4A1;SPP1;TIMP1;WNT5A,pure_mRNA
SIG308,2023,Medicine,CAF signature predicts the prognosis of colorectal cancer patients: A retrospective study based on bulk RNA sequencing and single-cell RNA sequencing data,PMC9997814,https://europepmc.org/article/PMC/PMC9997814,5,BGN;CRYAB;COL1A1;CLEC11A;CCDC80,pure_mRNA
SIG309,2025,Biomedicines,Migrasome-Related Genes as Potential Prognosis and Immunotherapy Response Predictors for Colorectal Cancer,PMC12024535,https://europepmc.org/article/PMC/PMC12024535,3,TIMP1;CXCL8;MGP,pure_mRNA
SIG310,2024,Translational oncology,Comprehensive analysis and experimental verification of the mechanism of action of T cell-mediated tumor-killing related genes in Colon adenocarcinoma,PMC10907202,https://europepmc.org/article/PMC/PMC10907202,4,VSIG4;HOXC6;CXCL9;CXCL13,pure_mRNA
SIG311,2023,Scientific reports,Integrated single-cell and bulk RNA sequencing analysis identifies a prognostic signature related to ferroptosis dependence in colorectal cancer,PMC10403602,https://europepmc.org/article/PMC/PMC10403602,5,HSPA1A;MANF;PTMA;RPS17;TIMP1,pure_mRNA
SIG312,2024,Frontiers in oncology,"Identification of a basement membrane-related gene signature for predicting prognosis, immune infiltration, and drug sensitivity in colorectal cancer",PMC11246870,https://europepmc.org/article/PMC/PMC11246870,9,UNC5C;TINAG;TIMP1;SPOCK3;MMP1;AGRN;UNC5A;ADAMTS4;ITGA7,pure_mRNA
SIG313,2024,Biomedicines,Multi-Algorithm-Integrated Tertiary Lymphoid Structure Gene Signature for Immune Landscape Characterization and Prognosis in Colorectal Cancer Patients,PMC11592260,https://europepmc.org/article/PMC/PMC11592260,3,CCL2;PDCD1;ICOS,pure_mRNA
SIG314,2023,Cancers,Proteome-Wide Analysis Reveals TFEB Targets for Establishment of a Prognostic Signature to Predict Clinical Outcomes of Colorectal Cancer,PMC9913156,https://europepmc.org/article/PMC/PMC9913156,8,PLSCR3;SERPINA1;ATP6V1C2;TIMP1;SORT1;MAP2;KDM4B;DDAH2,pure_mRNA
SIG315,2024,Heliyon,Classification of molecular subtypes for colorectal cancer and development of a prognostic model based on necroptosis-related genes,PMC10909728,https://europepmc.org/article/PMC/PMC10909728,8,CXCL11;GPR137B;GZMA;RAB38;TNFRSF17;UPP1;XAF1;XCL1,pure_mRNA
SIG316,2025,Discover oncology,Meta_B cells: a computationally identified candidate immunosuppressive driver of gastric cancer metastasis revealed by single-cell analysis and machine learning,PMC12328883,https://europepmc.org/article/PMC/PMC12328883,10,SRP14;LGALS1;CD82;APLP2;ZFAND2A;ZBTB10;DUSP1;CHI3L2;LBH;CXCR4,pure_mRNA
SIG317,2023,IET systems biology,A novel investigation into an E2F transcription factor-related prognostic model with seven signatures for colon cancer patients,PMC10439494,https://europepmc.org/article/PMC/PMC10439494,7,CDKN2A;GSPT1;PNN;POLD3;PPP1R8;PTTG1;RFC1,pure_mRNA
SIG318,2020,Frontiers in oncology,Development and Clinical Validation of a Novel 4-Gene Prognostic Signature Predicting Survival in Colorectal Cancer,PMC7251179,https://europepmc.org/article/PMC/PMC7251179,4,FOXD4;ENPEP;HOXC6;ALOX15B,pure_mRNA
SIG319,2022,Frontiers in surgery,A novel prognostic model based on urea cycle-related gene signature for colorectal cancer,PMC9633963,https://europepmc.org/article/PMC/PMC9633963,8,TIMP1;FABP4;MMP3;MMP1;CD177;CA2;S100P;SPP1,pure_mRNA
SIG320,2023,Aging,Integrating scRNA-seq and bulk RNA-seq to characterize infiltrating cells in the colorectal cancer tumor microenvironment and construct molecular risk models,PMC10756133,https://europepmc.org/article/PMC/PMC10756133,8,ETS2;SEZ6L2;TRIP6;ATOH1;CXXC5;CLDN23;PCOLCE2;DPP7,pure_mRNA
SIG321,2024,Frontiers in oncology,Identification of key programmed cell death genes for predicting prognosis and treatment sensitivity in colorectal cancer,PMC11603958,https://europepmc.org/article/PMC/PMC11603958,3,NAT1;AQP8;FABP4,pure_mRNA
SIG322,2024,World journal of clinical oncology,Identification and validation of a pyroptosis-related prognostic model for colorectal cancer based on bulk and single-cell RNA sequencing data,PMC10915942,https://europepmc.org/article/PMC/PMC10915942,7,CHMP2B;SDHB;BST2;GJA1;AIM2;PDCD6IP;SEZ6L2,pure_mRNA
SIG323,2021,Frontiers in oncology,Identification of Five Glycolysis-Related Gene Signature and Risk Score Model for Colorectal Cancer,PMC7969881,https://europepmc.org/article/PMC/PMC7969881,5,ENO3;P4HA1;GPC1;SPAG4;STC2,pure_mRNA
SIG324,2023,Oncology research,Transient receptor potential channels as predictive marker and potential indicator of chemoresistance in colon cancer,PMC10767253,https://europepmc.org/article/PMC/PMC10767253,3,MCOLN1;TRPM5;TRPV4,pure_mRNA
SIG325,2024,iScience,Experimental prognostic model integrating N6-methyladenosine-related programmed cell death genes in colorectal cancer,PMC10829884,https://europepmc.org/article/PMC/PMC10829884,3,DAPK1;INHBB;SNAI1,pure_mRNA
SIG326,2021,Frontiers in genetics,A Ferroptosis-Related Gene Signature Identified as a Novel Prognostic Biomarker for Colon Cancer,PMC8280527,https://europepmc.org/article/PMC/PMC8280527,9,SLC2A3;ATF3;VLDLR;TXNIP;ZFP69B;ABCC1;NFS1;RRM2;BID,pure_mRNA
SIG327,2024,The Turkish journal of gastroenterology : the official journal of Turkish Society of Gastroenterology,Identification of a Novel 4-gene Prognostic Model Related to Neutrophil Extracellular Traps for Colorectal Cancer,PMC11562497,https://europepmc.org/article/PMC/PMC11562497,3,PRKRIP1;SERTAD2;ELFN1,pure_mRNA
SIG328,2025,Frontiers in immunology,A multi-omic analysis reveals a predictive value of tertiary lymphoid structures in improving the prognosis of colorectal cancer patients with BRAF mutation,PMC12434122,https://europepmc.org/article/PMC/PMC12434122,9,CCL19;CCL22;ICOS;IGHG1;JCHAIN;CD37;XBP1;FCMR;FCRLA,pure_mRNA
SIG329,2022,Translational oncology,Identification of a 5-gene-based signature to predict prognosis and correlate immunomodulators for rectal cancer,PMC9493070,https://europepmc.org/article/PMC/PMC9493070,5,CLIC5;ENTPD8;PACSIN3;HGD;GNG7,pure_mRNA
SIG330,2021,Oxidative medicine and cellular longevity,Identification of a Tumor Microenvironment-Related Gene Signature Indicative of Disease Prognosis and Treatment Response in Colon Cancer,PMC8420973,https://europepmc.org/article/PMC/PMC8420973,16,HOMER2;CADM3;PLIN4;LEP;CD1B;PDE1B;CCL22;NGFR;ARL4C;ABI3BP;FABP4;IGLON5;SELE;SUSD5;TGFB1;NUDT10,pure_mRNA
SIG331,2023,BMC cancer,A novel nomogram based on cell cycle-related genes for predicting overall survival in early-onset colorectal cancer,PMC10303343,https://europepmc.org/article/PMC/PMC10303343,4,MCM2;INHBA;CGREF1;KLF9,pure_mRNA
SIG332,2023,Translational cancer research,A WGCNA-based cancer-associated fibroblast risk signature in colorectal cancer for prognosis and immunotherapy response,PMC10583018,https://europepmc.org/article/PMC/PMC10583018,3,BOC;COLEC12;DACT3,pure_mRNA
SIG334,2022,Human genomics,A glycolysis-related two-gene risk model that can effectively predict the prognosis of patients with rectal cancer,PMC8812245,https://europepmc.org/article/PMC/PMC8812245,4,AGRN;AKR1A1;DDIT4;HMMR,pure_mRNA
SIG335,2022,Frontiers in bioengineering and biotechnology,Identification of the prognostic signature based on genomic instability-related alternative splicing in colorectal cancer and its regulatory network,PMC9340224,https://europepmc.org/article/PMC/PMC9340224,8,SNRPN;HSPA1A;HSPB1;BAG2;BCAS1;DDX3Y;MSI1;FAM50B,pure_mRNA
SIG336,2022,Frontiers in genetics,Development of an exosome-related and immune microenvironment prognostic signature in colon adenocarcinoma,PMC9513147,https://europepmc.org/article/PMC/PMC9513147,3,CCKBR;HOXC6;POU4F1,pure_mRNA
SIG337,2024,Heliyon,Comparison of left- and right-sided colorectal cancer to explore prognostic signatures related to pyroptosis,PMC10987941,https://europepmc.org/article/PMC/PMC10987941,4,CHMP7;CXCL13;NLRP7;TP63,pure_mRNA
SIG338,2023,Frontiers in immunology,Developing an m5C regulator-mediated RNA methylation modification signature to predict prognosis and immunotherapy efficacy in rectal cancer,PMC9992543,https://europepmc.org/article/PMC/PMC9992543,3,DNMT1;NSUN4;NSUN7,pure_mRNA
