sig_id,year,journal,title,n_gene,方法_LASSO,方法_单因素Cox,方法_多因素Cox,方法_逐步回归,方法_机器学习,方法_WGCNA,方法_列线图,方法_单细胞/空间,方法_独立外部验证,方法_多中心,方法_免疫浸润分析,方法_药物敏感性/治疗反应,主题_NETs中性粒细胞胞外诱捕网,主题_缺氧,主题_脂代谢,主题_铁死亡,主题_铜死亡,主题_自噬,主题_焦亡,主题_失巢凋亡,主题_m6A甲基化,主题_泛素化/蛋白酶体,主题_CAF成纤维细胞,主题_免疫/炎症,主题_糖酵解/代谢重编程,主题_线粒体,主题_内质网应激,主题_血管生成,主题_外泌体,主题_细胞衰老,主题_干细胞性,主题_EMT/转移,主题_氨基酸代谢,主题_细胞周期/增殖,主题_DNA损伤修复,主题_表观/染色质,主题_内质网/高尔基体,主题_迁移体/新细胞器,主题_昼夜/节律,gene_popularity_mean,gene_popularity_max,pct_hot_gene,pct_unique_gene,主主题,主题命中数,检出率均值,平台数
SIG001,2026,Asian Pacific journal of cancer prevention : APJCP,Identification and Validation of Prognostic Biomarker Signatures Associated with Overall Survival in Colorectal Cancer: Evidence from Bioinformatics Analysis and an in vivo Study,4,0,0,0,0,0,0,0,0,0,0,0,0,0,0,0,0,0,0,0,0,0,0,0,0,0,0,0,0,0,0,0,0,0,0,0,0,0,0,0,0.0125,0.0376,0.25,0.5,未分类,0,1.0,6
SIG002,2026,Discover oncology,RNF research trends and an RNF43-based prognostic model for colorectal cancer with immune microenvironment analysis,4,0,0,0,0,0,0,1,0,0,1,1,0,0,0,0,0,0,0,0,0,0,0,0,1,0,0,0,0,0,0,0,0,0,0,0,0,0,0,0,0.0008,0.0031,0.0,1.0,免疫/炎症,1,1.0,6
SIG003,2025,Frontiers in immunology,A mitochondrial lipid metabolism-related gene signature predicts prognosis and immune landscape in colorectal cancer,13,1,1,0,0,0,0,0,0,0,0,0,0,0,0,1,0,0,0,0,0,0,0,0,1,1,1,0,0,0,0,0,0,0,0,0,0,0,0,0,0.0072,0.0345,0.0769,0.7692,脂代谢,4,0.8461538461538461,6
SIG004,2025,Scientific reports,"Comprehensive analysis of mitochondrial-related gene signature for prognosis, tumor immune microenvironment evaluation, and candidate drug development in colon cancer",9,0,0,1,0,0,0,0,0,0,0,1,0,0,0,0,0,0,0,0,0,0,0,0,1,0,1,0,0,0,0,0,0,0,0,0,0,0,0,0,0.0143,0.0408,0.3333,0.5556,免疫/炎症,2,0.888888888888889,6
SIG005,2025,Discover oncology,Machine learning-based construction of an oxidative stress-related model reveals molecular subtypes and tumor microenvironment infiltration signatures in colon cancer,6,0,0,0,0,1,0,0,0,0,0,0,0,0,0,0,0,0,0,0,0,0,0,0,0,0,0,0,0,0,0,0,0,0,0,0,0,0,0,0,0.0068,0.0251,0.0,0.5,未分类,0,1.0,6
SIG006,2026,Cancer medicine,Identification of an Immune Cell Gene Signature for Predicting Response and Prognosis in Rectal Cancer Patients Undergoing Neoadjuvant Chemoradiotherapy,8,1,0,0,0,0,0,0,0,0,0,0,0,0,0,0,0,0,0,0,0,0,0,0,1,0,0,0,0,0,0,0,0,0,0,0,0,0,0,0,0.0012,0.0063,0.0,0.875,免疫/炎症,1,1.0,6
SIG007,2026,Discover oncology,Up-regulation of SLC26A3 enhances oxaliplatin sensitivity in colorectal cancer,15,0,0,0,0,0,0,0,0,0,0,0,0,0,0,0,0,0,0,0,0,0,0,0,0,0,0,0,0,0,0,0,0,0,0,0,0,0,0,0,0.0021,0.0125,0.0,0.9333,未分类,0,1.0,6
SIG009,2026,Discover oncology,Identification of pyroptosis and hypoxia related molecular subtypes and a prognostic signature in colorectal cancer,6,0,0,0,0,0,0,0,0,0,0,0,0,0,1,0,0,0,0,1,0,0,0,0,0,0,0,0,0,0,0,0,0,0,0,0,0,0,0,0,0.0016,0.0063,0.0,0.8333,缺氧,2,1.0,6
SIG010,2025,BMC gastroenterology,Identification and validation of a CD4&lt;sup&gt;+&lt;/sup&gt; T cell-related prognostic model to predict immune responses in stage III-IV colorectal cancer,6,0,0,0,0,0,0,0,0,0,0,0,0,0,0,0,0,0,0,0,0,0,0,0,1,0,0,0,0,0,0,0,0,0,0,0,0,0,0,0,0.0016,0.0063,0.0,0.8333,免疫/炎症,1,1.0,6
SIG011,2025,Discover oncology,Immunological characterization and prognostic of colon cancer evaluated by angiogenesis-related features: a computational analysis and in vitro experiments,3,0,0,0,0,0,0,0,0,0,0,0,0,0,0,0,0,0,0,0,0,0,0,0,1,0,0,0,1,0,0,0,0,0,0,0,0,0,0,0,0.0084,0.0219,0.0,0.6667,免疫/炎症,2,1.0,6
SIG012,2025,European journal of medical research,Construction and validation of a prognostic model for colorectal cancer based on bioinformatics and basement membrane-related genes,3,0,0,0,0,0,0,0,0,0,0,0,0,0,0,0,0,0,0,0,0,0,0,0,0,0,0,0,0,0,0,0,0,0,0,0,0,0,0,0,0.0021,0.0063,0.0,0.6667,未分类,0,1.0,6
SIG013,2025,Frontiers in immunology,Intratumor heterogeneity score reveals immune landscape and survival stratification in colorectal cancer,9,0,0,0,0,0,0,0,0,0,0,0,0,0,0,0,0,0,0,0,0,0,0,0,1,0,0,0,0,0,0,0,0,0,0,0,0,0,0,0,0.0073,0.0313,0.1111,0.4444,免疫/炎症,1,1.0,6
SIG014,2025,Frontiers in pharmacology,Multi-omics integration and machine learning-driven construction of an immunogenic cell death prognostic model for colon cancer and functional validation of FCGR2A,15,0,0,0,0,1,0,0,0,0,0,0,0,0,0,0,0,0,0,0,0,0,0,0,1,0,0,0,0,0,0,0,0,0,0,0,0,0,0,0,0.0036,0.0157,0.0,0.7333,免疫/炎症,1,1.0,6
SIG015,2026,Scientific reports,A pseudouridine-related prognostic model of colorectal cancer based on single-cell sequencing analysis and transcriptome analysis,3,0,0,0,0,0,0,0,1,0,0,0,0,0,0,0,0,0,0,0,0,0,0,0,1,0,0,0,0,0,0,0,0,0,0,0,0,0,0,0,0.0031,0.0031,0.0,1.0,免疫/炎症,1,1.0,6
SIG016,2026,Communications biology,A nucleolar stress gene signature enables quantitative scoring across multi-omics contexts,57,0,0,0,0,0,0,0,0,0,0,0,0,0,0,0,0,0,0,0,0,0,0,0,0,0,0,0,0,0,0,0,0,0,0,0,0,0,0,0,0.0016,0.0533,0.0175,0.9298,未分类,0,0.8771929824561403,6
SIG018,2025,Heliyon,A novel gene signature for predicting outcome in colorectal cancer patients based on tumor cell-endothelial cell interaction via single-cell sequencing and machine learning,9,0,0,0,0,1,0,0,1,0,0,0,0,0,0,0,0,0,0,0,0,0,0,0,0,0,0,0,0,0,0,0,0,0,0,0,0,0,0,0,0.0059,0.0251,0.0,0.5556,未分类,0,1.0,6
SIG019,2025,Discover oncology,A ferroptosis-related risk model for non-coding RNA AC002331.1 in colon cancer: construction via competing endogenous RNA network analysis,12,0,0,0,0,0,0,0,0,0,0,0,1,0,0,0,1,0,0,0,0,0,0,0,1,0,0,0,0,0,0,0,0,0,0,0,0,0,0,0,0.0071,0.0345,0.0833,0.5,铁死亡,2,1.0,6
SIG020,2025,Genes,Identifying CDCA4 as a Radiotherapy Resistance-Associated Gene in Colorectal Cancer by an Integrated Bioinformatics Analysis Approach,5,0,0,0,0,1,0,0,0,0,0,0,0,0,0,0,0,0,0,0,0,0,0,0,0,0,0,0,0,0,0,0,0,0,0,0,0,0,0,0,0.0006,0.0031,0.0,1.0,未分类,0,0.6,6
SIG021,2026,Journal of Cancer,An integrated bulk and single-cell transcriptomic analysis reveals stemness-driven immune regulation and therapeutic vulnerability in colorectal cancer,10,0,0,0,0,0,0,0,1,0,0,0,0,0,0,0,0,0,0,0,0,0,0,0,1,0,0,0,0,0,0,1,0,0,0,0,0,0,0,0,0.0135,0.0408,0.3,0.5,免疫/炎症,2,0.7999999999999999,6
SIG022,2026,Genes,Graph-Based Multi-Omics Integration Reveals Prognostic Histone Modification Reader Genes and Candidate Drug Targets in Colorectal Cancer,4,0,0,0,0,0,0,0,1,1,0,0,0,0,0,0,0,0,0,0,0,0,0,0,1,0,0,0,0,0,0,0,0,0,0,0,1,0,0,0,0.0047,0.0188,0.0,0.75,免疫/炎症,2,1.0,6
SIG023,2026,Journal of gastrointestinal oncology,Construction of taurine metabolism-related risk model and subtype identification in colorectal cancer to predict prognosis and immunological features,9,0,0,0,0,0,0,0,0,0,0,0,0,0,0,0,0,0,0,0,0,0,0,0,1,1,0,0,0,0,0,0,0,0,0,0,0,0,0,0,0.0192,0.1034,0.1111,0.3333,免疫/炎症,2,1.0,6
SIG024,2026,Frontiers in immunology,Integrated single-cell and spatial transcriptomics reveal immune landscape and NKT-Th1 signatures in colorectal cancer,7,0,0,0,0,0,0,0,1,0,0,0,0,0,0,0,0,0,0,0,0,0,0,0,1,0,0,0,0,0,0,0,0,0,0,0,0,0,0,0,0.0022,0.0063,0.0,0.7143,免疫/炎症,1,0.8571428571428571,6
SIG025,2025,Frontiers in immunology,Integration of single-cell and bulk RNA-seq via machine learning to reveal ferroptosis- and lipid metabolism-driven immune landscape heterogeneity and predict immunotherapy response in colon cancer,13,0,0,0,0,1,0,0,1,0,0,0,1,0,0,1,1,0,0,0,0,0,0,0,1,0,0,0,0,0,0,0,0,0,0,0,0,0,0,0,0.0082,0.0219,0.0,0.3846,脂代谢,3,0.8461538461538461,6
SIG026,2025,Discover oncology,Constructing a mitochondrial-related genes model based on machine learning for predicting the prognosis and therapeutic effect in colorectal cancer,31,0,0,0,0,1,0,0,0,0,0,0,0,0,0,0,0,0,0,0,0,0,0,0,1,0,1,0,0,0,0,0,0,0,0,0,0,0,0,0,0.0066,0.0345,0.0645,0.7097,免疫/炎症,2,0.9354838709677419,6
SIG027,2025,Translational cancer research,Constructing and validating a novel prognostic risk score model for rectal cancer based on four immune-related genes,4,0,0,1,0,0,0,0,0,0,0,0,0,0,0,0,0,0,0,0,0,0,0,0,1,0,0,0,0,0,0,0,0,0,0,0,0,0,0,0,0.0008,0.0031,0.0,1.0,免疫/炎症,1,1.0,6
SIG028,2025,Scientific reports,Development and validation of a cancer-associated fibroblast gene signature-based model for predicting immunotherapy response in colon cancer,4,0,0,0,0,0,0,0,0,0,0,0,1,0,0,0,0,0,0,0,0,0,0,1,1,0,0,0,0,0,0,0,0,0,0,0,0,0,0,0,0.0024,0.0094,0.0,0.75,CAF成纤维细胞,2,1.0,6
SIG029,2025,Scientific reports,Nucleotide metabolism-associated drug resistance gene NDUFA4L2 promotes colon cancer progression and 5-FU resistance,5,0,0,0,0,0,0,0,0,0,0,0,0,0,0,0,0,0,0,0,0,0,0,0,0,0,0,0,0,0,0,0,0,0,0,0,0,0,0,0,0.0069,0.0157,0.0,0.6,未分类,0,0.7999999999999999,6
SIG030,2026,Cancer cell international,Construction of a risk scoring model based on machine learning and validation of the role of the key gene SERPINE1 in the progression of colon cancer,7,0,0,0,0,1,0,0,0,0,0,0,0,0,0,0,0,0,0,0,0,0,0,0,0,0,0,0,0,0,0,0,0,0,0,0,0,0,0,0,0.0054,0.0282,0.1429,0.8571,未分类,0,1.0,6
SIG031,2025,Oncology reports,Chromosome 20q gene signature associated with colorectal cancer progression,4,0,0,0,0,0,0,0,0,0,0,0,0,0,0,0,0,0,0,0,0,0,0,0,0,0,0,0,0,0,0,0,1,0,0,0,0,0,0,0,0.0024,0.0063,0.0,0.75,EMT/转移,1,1.0,6
SIG032,2026,Current medicinal chemistry,"The Risk Genes S1PR5, CMC1, and ASAH1 as Potential Targets for the Diagnosis, Immunotherapy, and Treatment of Colon Adenocarcinoma by Single-Cell and Bulk RNA Sequencing Analysis",10,0,0,0,0,0,0,0,1,0,0,0,0,0,0,0,0,0,0,0,0,0,0,0,1,0,0,0,0,0,0,0,0,0,1,0,0,0,0,0,0.0204,0.1034,0.2,0.3,免疫/炎症,2,1.0,6
SIG033,2026,Journal of translational medicine,An epithelial cell fate-driven predictive model for liver metastasis risk in primary colorectal cancer through single-cell and multi-omics integration,10,0,0,0,0,0,0,0,1,0,0,0,0,0,0,0,0,0,0,0,0,0,0,0,0,0,0,0,0,0,0,0,1,0,0,0,0,0,0,0,0.016,0.0345,0.2,0.3,EMT/转移,1,0.9,6
SIG034,2025,International journal of genomics,Risk Prediction of Colon Cancer Metastasis and Bioinformatics Analysis of Aspirin Treatment,14,0,0,0,0,0,0,0,0,0,0,0,0,0,0,0,0,0,0,0,0,0,0,0,0,0,0,0,0,0,0,0,1,0,0,0,0,0,0,0,0.0049,0.0376,0.0714,0.7143,EMT/转移,1,1.0,6
SIG035,2025,Translational cancer research,Integrative single-cell and bulk transcriptomes analyses reveal T cell-related prognostic risk model and tumor immune microenvironment modulation in colorectal cancer,3,0,0,0,0,0,0,0,1,0,0,1,0,0,0,0,0,0,0,0,0,0,0,0,1,0,0,0,0,0,0,0,0,0,0,0,0,0,0,0,0.0376,0.1034,0.3333,0.3333,免疫/炎症,1,0.6666666666666666,6
SIG036,2024,Journal of gastrointestinal oncology,Machine learning-based analysis identifies a 13-gene prognostic signature to improve the clinical outcomes of colorectal cancer,13,0,0,0,0,1,0,0,0,0,0,0,0,0,0,0,0,0,0,0,0,0,0,0,1,0,0,0,0,0,0,0,0,0,0,0,0,0,0,0,0.007,0.0408,0.0769,0.7692,免疫/炎症,1,0.9230769230769232,6
SIG037,2026,Cancers,Integrated Single-Cell and Spatial Transcriptomic Analysis Identifies Putative Metabolic Crosstalk Between &lt;i&gt;SPP1&lt;/i&gt;+ TAMs and &lt;i&gt;SLC6A20&lt;/i&gt;+ Epithelial Cells in Colorectal Cancer,14,0,0,0,0,0,0,0,1,0,0,0,0,0,0,0,0,0,0,0,0,0,0,0,1,1,0,0,0,0,0,0,0,0,1,0,0,0,0,0,0.0052,0.0376,0.0714,0.7857,免疫/炎症,3,0.9285714285714287,6
SIG038,2025,Scientific reports,Development of a prognostic model for chemotherapy response and identification of TNFAIP2 as a target in colorectal cancer,3,0,0,1,1,0,0,0,0,0,0,0,0,0,0,0,0,0,0,0,0,0,0,0,0,0,0,0,0,0,0,0,0,0,0,0,0,0,0,0,0.0,0.0,0.0,1.0,未分类,0,1.0,6
SIG039,2025,Mediators of inflammation,The Tumor-Associated Neutrophils-Related Signatures Predict Prognosis and Indicate Immune Landscape in Colorectal Carcinoma,14,0,0,0,0,0,0,0,0,0,0,0,0,0,0,0,0,0,0,0,0,0,0,0,1,0,0,0,0,0,0,0,0,0,0,0,0,0,0,0,0.0078,0.0219,0.0,0.5,免疫/炎症,1,1.0,6
SIG040,2025,Frontiers in medicine,Constructing a novel mitochondrial metabolism-related genes signature to evaluate tumor immune microenvironment and predict survival of colorectal cancer,15,0,0,0,0,0,0,1,0,0,0,1,0,0,0,0,0,0,0,0,0,0,0,0,1,1,1,0,0,0,0,0,0,0,0,0,0,0,0,0,0.0065,0.0408,0.0667,0.6,免疫/炎症,3,0.8666666666666668,6
SIG041,2026,International journal of colorectal disease,The subtype identification of colorectal cancer and construction of the risk model based on cholesterol synthesis-related genes to predict prognosis and guide immunotherapy,10,0,0,0,0,0,0,0,0,0,0,0,0,0,0,1,0,0,0,0,0,0,0,0,1,0,0,0,0,0,0,0,0,0,0,0,0,0,0,0,0.0053,0.0219,0.0,0.8,脂代谢,2,1.0,6
SIG042,2025,Discover oncology,Integrative machine learning identifies lactylation-related gene signature prognostic for chemotherapeutic efficacy in colorectal carcinoma,8,0,0,0,0,1,0,0,0,0,0,0,0,0,0,0,0,0,0,0,0,0,0,0,0,0,0,0,0,0,0,0,0,0,0,0,0,0,0,0,0.0016,0.0094,0.0,0.875,未分类,0,0.875,6
SIG043,2025,Frontiers in immunology,Assessment of prognosis and responsiveness to immunotherapy in colorectal cancer patients based on the level of immune cell infiltration,14,0,0,0,0,0,0,0,0,0,0,1,1,0,0,0,0,0,0,0,0,0,0,0,1,0,0,0,0,0,0,0,0,0,0,0,0,0,0,0,0.0027,0.0125,0.0,0.7143,免疫/炎症,1,1.0,6
SIG044,2026,Frontiers in public health,Transcriptomics and Mendelian randomization studies reveal the critical role of Stanniocalcin-2 in linking perfluorinated compound-exposure to colorectal cancer,3,0,0,0,0,0,0,0,0,0,0,0,0,0,0,0,0,0,0,0,0,0,0,0,0,0,0,0,0,0,0,0,0,0,0,0,0,0,0,0,0.0313,0.0533,0.6667,0.3333,未分类,0,1.0,6
SIG045,2024,Annals of gastroenterological surgery,A new TGF-β risk score predicts clinical and immune landscape in colorectal cancer patients,6,0,0,0,0,0,0,0,0,0,0,0,0,0,0,0,0,0,0,0,0,0,0,0,1,0,0,0,0,0,0,0,0,0,0,0,0,0,0,0,0.0078,0.0219,0.0,0.3333,免疫/炎症,1,1.0,6
SIG046,2023,Frontiers in oncology,Effective oxygen metabolism-based prognostic signature for colorectal cancer,5,0,0,0,0,0,0,0,0,0,0,0,0,0,0,0,0,0,0,0,0,0,0,0,0,0,0,0,0,0,0,0,0,0,0,0,0,0,0,0,0.0006,0.0031,0.0,1.0,未分类,0,0.7999999999999999,6
SIG047,2025,Translational cancer research,Identification of hub genes related to radiosensitivity and prognosis in rectal cancer,4,0,0,0,0,0,0,0,0,0,0,0,0,0,0,0,0,0,0,0,0,0,0,0,1,0,0,0,0,0,0,0,0,0,0,0,0,0,0,0,0.0008,0.0031,0.0,1.0,免疫/炎症,1,1.0,6
SIG048,2026,Molecular therapy. Nucleic acids,Multi-layer molecular profiling defines an immune-active colorectal cancer subtype with therapeutic relevance,11,0,0,0,0,0,0,0,0,0,0,0,1,0,0,0,0,0,0,0,0,0,0,0,1,0,0,0,0,0,0,0,0,0,0,0,0,0,0,0,0.0151,0.0408,0.2727,0.3636,免疫/炎症,1,1.0,6
SIG049,2023,Journal of clinical laboratory analysis,Development of 14-gene signature prognostic model based on metastasis for colorectal cancer,14,0,0,0,0,0,0,0,0,0,0,0,0,0,0,0,0,0,0,0,0,0,0,0,0,0,0,0,0,0,0,0,1,0,0,0,0,0,0,0,0.0072,0.0313,0.1429,0.6429,EMT/转移,1,1.0,6
SIG050,2025,Oncology research,A Machine-Learning Prognostic Model for Colorectal Cancer Using a Complement-Related Risk Signature,6,0,0,0,0,0,0,0,0,0,0,0,0,0,0,0,0,0,0,0,0,0,0,0,0,0,0,0,0,0,0,0,0,0,0,0,0,0,0,0,0.0047,0.0094,0.0,0.5,未分类,0,0.8333333333333334,6
SIG051,2025,Molecular oncology,Consensus molecular subtyping of colorectal carcinoma brain metastases reveals a metabolic signature associated with poor patient survival,7,0,0,0,0,0,0,0,0,0,0,0,0,0,0,0,0,0,0,0,0,0,0,0,0,1,0,0,0,0,0,0,1,0,0,0,0,0,0,0,0.0004,0.0031,0.0,1.0,糖酵解/代谢重编程,2,1.0,6
SIG052,2024,Journal of translational medicine,A multi-dimensional approach to unravel the intricacies of lactylation related signature for prognostic and therapeutic insight in colorectal cancer,20,0,0,0,0,0,0,0,0,0,0,0,0,0,0,0,0,0,0,0,0,0,0,0,1,0,0,0,0,0,0,0,0,0,0,0,0,0,0,0,0.0055,0.0345,0.05,0.65,免疫/炎症,1,0.9500000000000001,6
SIG053,2025,Frontiers in immunology,Cancer-associated fibroblasts gene signature: a novel approach to survival prediction and immunotherapy guidance in colon cancer,11,0,0,0,0,0,0,0,0,0,0,0,0,0,0,0,0,0,0,0,0,0,0,1,1,0,0,0,0,0,0,0,0,0,0,0,0,0,0,0,0.008,0.0345,0.0909,0.6364,CAF成纤维细胞,2,0.8181818181818182,6
SIG054,2024,BMC cancer,Functional gene signature offers a powerful tool for characterizing clinicopathological features and depicting tumor immune microenvironment of colorectal cancer,46,0,0,0,0,0,0,0,0,0,0,1,0,0,0,0,0,0,0,0,0,0,0,0,1,0,0,0,0,0,0,0,0,0,0,0,0,0,0,0,0.0099,0.1034,0.1304,0.6087,免疫/炎症,1,0.9782608695652174,6
SIG055,2026,Cell & bioscience,Integrative genomic profiling of iron homeostasis predicts clinical outcomes and identifies HAMP/hepcidin as a therapeutic target in colorectal cancer,21,0,0,0,0,0,0,0,0,1,0,0,0,0,0,0,0,0,0,0,0,0,0,0,0,0,0,0,0,0,0,0,0,0,0,0,0,0,0,0,0.0042,0.0251,0.0,0.6667,未分类,0,0.9523809523809524,6
SIG056,2025,PloS one,Analyses of the roles and potential targets of m7G-related genes in colorectal cancer using single-cell and bulk RNA sequencing data,7,1,0,0,0,0,0,0,1,0,0,0,0,0,0,0,0,0,0,0,0,0,0,0,1,0,0,0,0,0,0,0,0,0,0,0,0,0,0,0,0.0004,0.0031,0.0,1.0,免疫/炎症,1,0.8571428571428571,6
SIG057,2025,Discover oncology,Identification of RNA binding protein genes associated with colorectal cancer by bioinformatics analysis,8,0,0,0,0,0,0,0,0,0,0,0,0,0,0,0,0,0,0,0,0,0,0,0,0,0,0,0,0,0,0,0,0,0,0,0,0,0,0,0,0.0098,0.0533,0.125,0.5,未分类,0,1.0,6
SIG058,2025,Cell & bioscience,Multi-omics analysis of the HMGB2&lt;sup&gt;+&lt;/sup&gt; tumor epithelial cells in lactylation subgroups in colorectal cancer,24,0,0,0,0,0,0,0,0,0,0,0,0,0,0,0,0,0,0,0,0,0,0,0,0,0,0,0,0,0,0,0,0,0,0,0,0,0,0,0,0.0018,0.0094,0.0,0.7917,未分类,0,0.9166666666666666,6
SIG059,2024,Frontiers in oncology,Exploiting tertiary lymphoid structures gene signature to evaluate tumor microenvironment infiltration and immunotherapy response in colorectal cancer,14,0,0,0,0,0,0,0,0,0,0,0,1,0,0,0,0,0,0,0,0,0,0,0,1,0,0,0,0,0,0,0,0,0,0,0,0,0,0,0,0.0065,0.0408,0.0714,0.7143,免疫/炎症,1,0.9285714285714287,6
SIG060,2025,Human genomics,MX1 is a novel crucial prognostic and therapeutic target inducing chemoresistance in right-sided colon cancer: insights from machine learning-based multi-omics analysis,7,1,1,0,0,1,0,0,0,0,0,0,0,0,0,0,0,0,0,0,0,0,0,0,0,0,0,0,0,0,0,0,0,0,0,0,0,0,0,0,0.0,0.0,0.0,1.0,未分类,0,0.8571428571428571,6
SIG062,2025,Briefings in bioinformatics,Non-apoptotic regulated cell death based prognostic risk model for colorectal cancer using machine learning guided two-step framework,43,0,0,0,0,1,0,0,0,0,0,0,0,0,0,0,0,0,0,0,0,0,0,0,0,0,0,0,0,0,0,0,0,0,0,0,0,0,0,0,0.0052,0.0533,0.0698,0.7442,未分类,0,0.9767441860465116,6
SIG063,2025,Journal of gastroenterology,The pivotal role of SFRP2 in promoting glycolysis and progression in the high-risk group based on the glycometabolism prognostic model for colorectal cancer,19,0,0,0,0,0,0,0,0,0,0,0,0,0,0,0,0,0,0,0,0,0,0,0,0,1,0,0,0,0,0,0,0,0,0,0,0,0,0,0,0.0094,0.0376,0.1053,0.4737,糖酵解/代谢重编程,1,1.0,6
SIG064,2026,Discover oncology,Analysis and validation of mast cells and enriched genes in colorectal cancer with liver metastasis by multi-omics data,3,0,0,0,0,0,0,0,0,0,0,0,0,0,0,0,0,0,0,0,0,0,0,0,0,0,0,0,0,0,0,0,1,0,0,0,0,0,0,0,0.0136,0.0376,0.3333,0.6667,EMT/转移,1,1.0,6
SIG065,2023,Frontiers in oncology,"Identification of cuproptosis-based molecular subtypes, construction of prognostic signature and characterization of immune landscape in colon cancer",5,0,0,0,0,0,0,0,0,0,0,0,0,0,0,0,0,1,0,0,0,0,0,0,1,0,0,0,0,0,0,0,0,0,0,0,0,0,0,0,0.0088,0.0251,0.0,0.6,铜死亡,2,1.0,6
SIG066,2025,Scientific reports,Comprehensive characterization of lysosome-dependent cell death reveals prognostic significance and immune landscape in colon adenocarcinoma,11,0,0,0,0,0,0,0,0,0,0,0,0,0,0,0,0,0,0,0,0,0,0,0,1,0,0,0,0,0,0,0,0,0,0,0,0,0,0,0,0.0097,0.0188,0.0,0.3636,免疫/炎症,1,1.0,6
SIG067,2026,Journal of translational medicine,Senescent fibroblasts drive CD8&lt;sup&gt;+&lt;/sup&gt; T cell dysfunction in colorectal cancer via CD36-mediated lipid transfer and peroxidation,5,0,0,0,0,1,0,0,0,0,0,0,0,0,0,0,0,0,0,0,0,0,0,1,0,0,0,0,0,0,1,0,0,0,0,0,0,0,0,0,0.0132,0.0282,0.2,0.4,CAF成纤维细胞,2,1.0,6
SIG068,2025,iScience,Clonal dispersal is associated with tumor heterogeneity and poor prognosis in colorectal cancer,5,0,0,0,0,0,0,0,0,0,0,0,0,0,0,0,0,0,0,0,0,0,0,0,0,0,0,0,0,0,0,0,0,0,0,0,0,0,0,0,0.0,0.0,0.0,1.0,未分类,0,1.0,6
SIG069,2025,Clinical proteomics,Revelation of prognosis and tumor microenvironment of colorectal cancer based on genes related to antibody-dependent cellular phagocytosis and single-cell landscape,7,0,0,0,0,0,0,0,1,0,0,0,0,0,0,0,0,0,0,0,0,0,0,0,1,0,0,0,0,0,0,0,0,0,0,0,0,0,0,0,0.0027,0.0094,0.0,0.7143,免疫/炎症,1,1.0,6
SIG070,2024,Discover oncology,"A comprehensive analysis of TRP-related gene signature, and immune infiltration in patients with colorectal cancer",3,0,0,0,0,0,0,0,0,0,0,1,0,0,0,0,0,0,0,0,0,0,0,0,1,0,0,0,0,0,0,0,0,0,0,0,0,0,0,0,0.0031,0.0063,0.0,0.6667,免疫/炎症,1,1.0,6
SIG071,2025,BMC cancer,A novel machine learning-based immune prognostic signature for improving clinical outcomes and guiding therapy in colorectal cancer: an integrated bioinformatics and experimental study,13,1,0,0,0,1,0,0,0,0,0,0,0,0,0,0,0,0,0,0,0,0,0,0,1,0,0,0,0,0,0,0,0,0,0,0,0,0,0,0,0.0022,0.0157,0.0,0.8462,免疫/炎症,1,1.0,6
SIG072,2024,Journal of Cancer,Identification of glutamine metabolism-related gene signature to predict colorectal cancer prognosis,15,0,0,0,0,0,0,0,0,0,0,0,0,0,0,0,0,0,0,0,0,0,0,0,0,1,0,0,0,0,0,0,0,1,0,0,0,0,0,0,0.0042,0.0188,0.0,0.6667,糖酵解/代谢重编程,2,0.9333333333333335,6
SIG073,2025,Oncology research,"STC2+ Malignant Cell State Associated with EMT, Tumor Microenvironment Remodeling, and Poor Prognosis Revealed by Single-Cell and Spatial Transcriptomics in Colorectal Cancer",16,0,0,0,0,0,0,0,1,0,0,0,0,0,0,0,0,0,0,0,0,0,0,0,0,0,0,0,0,0,0,0,0,0,0,0,0,0,0,0,0.0092,0.0376,0.0625,0.5,未分类,0,1.0,6
SIG074,2023,Aging,A novel inflammation-related signature for predicting prognosis and characterizing the tumor microenvironment in colorectal cancer,11,0,0,0,0,0,0,0,0,0,0,0,0,0,0,0,0,0,0,0,0,0,0,0,1,0,0,0,0,0,0,0,0,0,0,0,0,0,0,0,0.0202,0.1034,0.1818,0.2727,免疫/炎症,1,1.0,6
SIG075,2025,Scientific reports,Single-cell and bulk transcriptomics reveal Fusobacterium nucleatum promotes colorectal cancer metastasis by upregulating LAMC2 in in vitro and in vivo models,14,0,0,1,0,0,0,0,1,0,0,0,0,0,0,0,0,0,0,0,0,0,0,0,0,0,0,0,0,0,0,0,1,0,0,0,0,0,0,0,0.0011,0.0063,0.0,0.8571,EMT/转移,1,0.9285714285714287,6
SIG076,2025,Cell death & disease,Modeling oxaliplatin resistance in colorectal cancer reveals a SERPINE1-based gene signature (RESIST-M) and therapeutic strategies for pro-metastatic CMS4 subtype,9,0,0,0,0,0,0,0,0,0,0,0,0,0,0,0,0,0,0,0,0,0,0,0,0,0,0,0,0,0,0,0,0,0,0,0,0,0,0,0,0.0035,0.0282,0.1111,0.8889,未分类,0,0.888888888888889,6
SIG077,2023,Oncology letters,Construction of cuproptosis‑associated prognostic signature in colon adenocarcinoma based on bioinformatics and RT‑qPCR analysis,7,0,0,1,0,0,0,1,0,0,0,0,0,0,0,0,0,1,0,0,0,0,0,0,0,0,0,0,0,0,0,0,0,0,0,0,0,0,0,0,0.0121,0.0313,0.1429,0.1429,铜死亡,1,1.0,6
SIG078,2024,Translational cancer research,Value analysis of <i>ITLN1</i> in the diagnostic and prognostic assessment of colorectal cancer,6,1,1,0,0,0,0,0,0,0,0,0,0,0,0,0,0,0,0,0,0,0,0,0,0,0,0,0,0,0,0,0,0,0,0,0,0,0,0,0,0.0068,0.0157,0.0,0.5,未分类,0,0.8333333333333334,6
SIG079,2025,Functional & integrative genomics,Prognostic and therapeutic implications related to glycosylation profiles of cancer-associated fibroblasts in colorectal cancer: insights from single-cell and bulk transcriptomics,5,0,0,0,0,0,0,0,1,0,0,0,0,0,0,0,0,0,0,0,0,0,0,1,0,0,0,0,0,0,0,0,0,0,0,0,0,0,0,0,0.0025,0.0063,0.0,0.8,CAF成纤维细胞,1,1.0,6
SIG080,2025,IET systems biology,A Super-Enhancer-Related Ferroptosis Signature Predicts Survival and Immune Microenvironment in Colon Cancer Based on Bioinformatics Analyses and Experimental Validation,8,0,0,0,0,0,0,0,0,0,0,1,0,0,0,0,1,0,0,0,0,0,0,0,1,0,0,0,0,0,0,0,0,0,0,0,0,0,0,0,0.0067,0.0157,0.0,0.25,铁死亡,2,1.0,6
SIG081,2025,Scientific reports,Integrated single cell and bulk RNA sequencing analyses reveal the impact of tryptophan metabolism on prognosis and immunotherapy in colon cancer,5,0,0,0,0,0,0,0,0,0,0,0,0,0,0,0,0,0,0,0,0,0,0,0,1,0,0,0,0,0,0,0,0,1,0,0,0,0,0,0,0.0088,0.0313,0.2,0.4,免疫/炎症,2,1.0,6
SIG082,2026,Journal of translational medicine,Identification and evaluation of glutamine-related gene characteristics based on multi-omics to predict the prognosis of patients with colorectal cancer,6,1,0,0,0,0,0,0,0,0,0,0,0,0,0,0,0,0,0,0,0,0,0,0,0,0,0,0,0,0,0,0,0,1,0,0,0,0,0,0,0.012,0.0313,0.1667,0.3333,氨基酸代谢,1,1.0,6
SIG083,2024,Journal of Cancer,Construction and multicohort validation of a colon cancer prognostic risk score system based on big data of neutrophil-associated differentially expressed genes,17,0,1,0,0,0,0,0,0,0,0,0,0,0,0,0,0,0,0,0,0,0,0,0,1,0,0,0,0,0,0,0,0,0,0,0,0,0,0,0,0.0124,0.0408,0.1176,0.4118,免疫/炎症,1,0.9411764705882354,6
SIG084,2024,Journal of cancer research and clinical oncology,Consensus clustering and development of a risk signature based on trajectory differential genes of cancer-associated fibroblast subpopulations in colorectal cancer,15,0,0,0,0,0,0,0,0,0,0,1,0,0,0,0,0,0,0,0,0,0,0,1,1,0,0,0,0,0,0,0,0,0,0,0,0,0,0,0,0.0123,0.1034,0.0667,0.5333,CAF成纤维细胞,2,1.0,6
SIG085,2024,Medicine,Construction and validation of an immune-related gene signature predictive of survival and response to immunotherapy for colorectal cancer,7,0,0,0,0,0,0,0,0,0,0,0,0,0,0,0,0,0,0,0,0,0,0,1,1,0,0,0,0,0,0,0,0,0,0,0,0,0,0,0,0.0175,0.0533,0.1429,0.0,CAF成纤维细胞,2,1.0,6
SIG086,2025,Scientific reports,Glycosylation gene expression profiles enable prognosis prediction for colorectal cancer,5,0,0,0,0,0,0,0,0,0,0,0,0,0,0,0,0,0,0,0,0,0,0,0,0,0,0,0,0,0,0,0,0,0,0,0,0,0,0,0,0.0013,0.0031,0.0,1.0,未分类,0,1.0,6
SIG087,2025,World journal of clinical oncology,&lt;i&gt;Candida albicans&lt;/i&gt; and colorectal cancer: A paradoxical role revealed through metabolite profiling and prognostic modeling,5,0,0,0,0,0,0,0,0,0,0,0,0,0,0,0,0,0,0,1,0,0,0,0,0,0,0,0,0,0,0,0,0,0,0,0,0,0,0,0,0.0219,0.1034,0.2,0.8,焦亡,1,1.0,6
SIG088,2024,Discover oncology,Identification and validation of a novel six-gene signature based on mucinous adenocarcinoma-related gene molecular typing in colorectal cancer,6,0,0,0,0,0,0,0,0,0,0,0,0,0,0,0,0,0,0,0,0,0,0,0,0,0,0,0,0,0,0,0,0,0,0,0,0,0,0,0,0.0141,0.0408,0.1667,0.5,未分类,0,1.0,6
SIG089,2024,Heliyon,Potential regulation and prognostic model of colorectal cancer with extracellular matrix genes,5,0,0,0,0,0,0,0,0,0,0,0,0,0,0,0,0,0,0,0,0,0,0,0,0,0,0,0,0,0,0,0,0,0,0,0,0,0,0,0,0.0031,0.0063,0.0,0.6,未分类,0,1.0,6
SIG090,2024,BMC cancer,Integrated multi-omics analyses revealed the association between rheumatoid arthritis and colorectal cancer: MYO9A as a shared gene signature and an immune-related therapeutic target,4,0,0,0,0,0,0,0,0,0,0,0,0,0,0,0,0,0,0,0,0,0,0,0,1,0,0,0,0,0,0,0,0,0,0,0,0,0,0,0,0.0016,0.0031,0.0,1.0,免疫/炎症,1,1.0,6
SIG091,2024,Clinical and experimental medicine,Establishment of a neutrophil extracellular trap-related prognostic signature for colorectal cancer liver metastasis and expression validation of CYP4F3,7,0,0,0,0,1,0,1,0,0,0,0,0,1,0,0,0,0,0,0,0,0,0,0,1,0,0,0,0,0,0,0,1,0,0,0,0,0,0,0,0.0009,0.0031,0.0,1.0,NETs中性粒细胞胞外诱捕网,3,1.0,6
SIG093,2025,Journal of translational medicine,Prognostic models of immune-related cell death and stress unveil mechanisms driving macrophage phenotypic evolution in colorectal cancer,9,0,0,0,0,0,0,0,0,0,0,1,0,0,0,0,0,0,0,0,0,0,0,0,1,0,0,0,0,0,0,0,0,0,0,0,0,0,0,0,0.0084,0.0408,0.1111,0.5556,免疫/炎症,1,1.0,6
SIG094,2022,Medicine,A novel Anoikis and immune-related genes marked prognostic signature for colorectal cancer,3,0,1,0,0,0,0,0,0,0,0,0,0,0,0,0,0,0,0,0,1,0,0,0,1,0,0,0,0,0,0,0,0,0,0,0,0,0,0,0,0.0104,0.0188,0.0,0.3333,失巢凋亡,2,1.0,6
SIG095,2023,International journal of molecular sciences,A Novel Lipid Metabolism and Endoplasmic Reticulum Stress-Related Risk Model for Predicting Immune Infiltration and Prognosis in Colorectal Cancer,18,0,0,0,0,0,1,0,0,0,0,1,0,0,0,1,0,0,0,0,0,0,0,0,1,0,0,1,0,0,0,0,0,0,0,0,0,1,0,0,0.0204,0.1034,0.2778,0.3333,脂代谢,4,0.888888888888889,6
SIG096,2025,Frontiers in immunology,Unveiling the immunometabolic landscape of colorectal cancer through PANoptosis-related gene expression,11,1,0,0,0,0,0,0,0,0,0,0,0,0,0,0,0,0,0,0,0,0,0,0,1,1,0,0,0,0,0,0,0,0,0,0,0,0,0,0,0.0094,0.0533,0.0909,0.6364,免疫/炎症,2,1.0,6
SIG097,2022,Frontiers in cell and developmental biology,A Prognostic Model Using Immune-Related Genes for Colorectal Cancer,14,0,0,0,0,0,0,0,0,0,0,0,0,0,0,0,0,0,0,0,0,0,0,0,1,1,0,0,0,0,0,0,0,0,0,0,0,0,0,0,0.0069,0.0376,0.0714,0.7143,免疫/炎症,2,1.0,6
SIG098,2022,Frontiers in immunology,A novel oxidative stress- and ferroptosis-related gene prognostic signature for distinguishing cold and hot tumors in colorectal cancer,5,1,0,0,1,0,0,0,0,0,0,0,0,0,0,0,1,0,0,0,0,0,0,0,0,0,0,0,0,0,0,0,0,0,0,0,0,0,0,0,0.0144,0.0408,0.2,0.2,铁死亡,1,1.0,6
SIG099,2025,Frontiers in immunology,Integrated multi-omics and machine learning reveal an immunogenic cell death-related signature for prognostic stratification and therapeutic optimization in colorectal cancer,11,0,0,0,0,1,0,0,0,0,0,0,0,0,0,0,0,0,0,0,0,0,0,1,1,0,0,0,0,0,0,0,0,0,0,0,0,0,0,0,0.0088,0.0376,0.0909,0.2727,CAF成纤维细胞,2,1.0,6
SIG101,2024,Scientific reports,Identifying colorectal cancer subtypes and establishing a prognostic model using metabolic plasticity and ferroptosis genes,10,0,0,0,0,0,0,0,0,0,0,0,0,0,0,0,1,0,0,0,0,0,0,0,0,1,0,0,0,0,0,0,0,0,0,0,0,0,0,0,0.0041,0.0219,0.0,0.8,铁死亡,2,0.7999999999999999,6
SIG102,2022,Cancer science,Novel prognostic model predicts overall survival in colon cancer based on RNA splicing regulation gene expression,4,0,0,0,0,0,0,0,0,0,0,0,0,0,0,0,0,0,0,0,0,0,0,0,0,0,0,0,0,0,0,0,0,0,0,0,0,0,0,0,0.0094,0.0313,0.25,0.75,未分类,0,1.0,6
SIG107,2025,Frontiers in immunology,Single-cell and spatial transcriptomic analysis reveals tumor cell heterogeneity and underlying molecular program in colorectal cancer,15,0,0,0,0,0,0,0,1,0,0,0,0,0,0,0,0,0,0,0,0,0,0,0,0,0,0,0,0,0,0,0,0,0,0,0,0,0,0,0,0.0079,0.0345,0.0667,0.4667,未分类,0,0.8666666666666668,6
SIG108,2023,Cancer research communications,Development and Validation of a 15-gene Expression Signature with Superior Prognostic Ability in Stage II Colorectal Cancer,15,0,0,0,0,0,0,0,0,0,0,0,0,0,0,0,0,0,0,0,0,0,0,0,0,0,0,0,0,0,0,0,0,0,0,0,0,0,0,0,0.0013,0.0125,0.0,0.9333,未分类,0,0.8666666666666668,6
SIG109,2022,Frontiers in genetics,PANoptosis-based molecular clustering and prognostic signature predicts patient survival and immune landscape in colon cancer,7,0,0,0,0,0,0,0,0,0,0,0,0,0,0,0,0,0,0,0,0,0,0,0,1,0,0,0,0,0,0,0,0,0,0,0,0,0,0,0,0.0085,0.0251,0.0,0.5714,免疫/炎症,1,1.0,6
SIG110,2025,Genes and immunity,Folate metabolism-associated CYP26A1 is a clinico-immune target in colorectal cancer,9,0,0,0,0,0,0,0,0,0,0,0,0,0,0,0,0,0,0,0,0,0,0,0,1,0,0,0,0,0,0,0,0,0,0,0,0,0,0,0,0.0084,0.0219,0.0,0.3333,免疫/炎症,1,1.0,6
SIG111,2024,Journal of cellular and molecular medicine,Exploring the relationship between anal fistula and colorectal cancer based on Mendelian randomization and bioinformatics,13,0,0,0,0,1,0,0,0,0,0,0,0,0,0,0,0,0,0,0,0,0,0,0,0,0,0,0,0,0,0,0,0,0,0,0,0,0,0,0,0.0205,0.1034,0.3077,0.4615,未分类,0,0.9230769230769232,6
SIG112,2024,Frontiers in oncology,Elucidating the role of angiogenesis-related genes in colorectal cancer: a multi-omics analysis,4,0,0,0,0,0,0,0,0,0,0,0,0,0,0,0,0,0,0,0,0,0,0,0,0,0,0,0,1,0,0,0,0,0,0,0,0,0,0,0,0.0266,0.1034,0.25,0.75,血管生成,1,1.0,6
SIG113,2024,Aging,Mechanistic insights into super-enhancer-related genes as prognostic signatures in colon cancer,10,0,0,0,0,0,0,0,0,0,0,1,0,0,0,0,0,0,0,0,0,0,0,0,1,0,0,0,0,0,0,0,0,0,0,0,0,0,0,0,0.0013,0.0031,0.0,1.0,免疫/炎症,1,1.0,6
SIG114,2023,Frontiers in pharmacology,Metabolic-suppressed cancer-associated fibroblasts limit the immune environment and survival in colorectal cancer with liver metastasis,20,0,0,0,0,0,0,0,0,0,0,0,1,0,0,0,0,0,0,0,0,0,0,1,1,1,0,0,0,0,0,0,1,0,0,0,0,0,0,0,0.0014,0.0188,0.0,0.9,CAF成纤维细胞,4,0.9,6
SIG115,2025,BMC cancer,"Integrating COX-2, stromal PD-L1, and T-cell infiltration enhances prognostic stratification in colorectal cancer",4,0,0,0,0,0,0,0,0,0,0,0,0,0,0,0,0,0,0,0,0,0,0,0,1,0,0,0,0,0,0,0,0,0,0,0,0,0,0,0,0.0031,0.0063,0.0,0.75,免疫/炎症,1,1.0,6
SIG116,2025,Discover oncology,Comprehensive analysis of basement membrane-related genes showed that NELL2 is a new therapeutic target for colorectal cancer,5,0,0,0,0,0,0,0,0,0,0,0,0,0,0,0,0,0,0,0,0,0,0,0,1,0,0,0,0,0,0,0,0,0,0,0,0,0,0,0,0.0251,0.1034,0.2,0.6,免疫/炎症,1,1.0,6
SIG117,2021,Journal of inflammation research,Identification and Validation of a Novel Inflammatory Response-Related Gene Signature for the Prognosis of Colon Cancer,4,0,0,0,0,0,0,0,0,0,0,0,0,0,0,0,0,0,0,0,0,0,0,0,1,0,0,0,0,0,0,0,0,0,0,0,0,0,0,0,0.029,0.1034,0.25,0.5,免疫/炎症,1,1.0,6
SIG118,2024,Frontiers in immunology,Establishment of a chemokine-based prognostic model and identification of CXCL10+ M1 macrophages as predictors of neoadjuvant therapy efficacy in colorectal cancer,15,0,0,0,0,0,0,0,0,0,0,0,0,0,0,0,0,0,0,0,0,0,0,0,1,0,0,0,0,0,0,0,0,0,0,0,0,0,0,0,0.0107,0.0408,0.0667,0.4667,免疫/炎症,1,0.9333333333333335,6
SIG119,2023,Discover oncology,Integrating TCGA and single-cell sequencing data for colorectal cancer: a 10-gene prognostic risk assessment model,10,0,0,0,0,0,0,0,1,0,0,0,0,0,0,0,0,0,0,0,0,0,0,0,1,0,0,0,0,0,0,0,0,0,0,0,0,0,0,0,0.0072,0.0345,0.1,0.7,免疫/炎症,1,1.0,6
SIG120,2025,Journal of Cancer,Development And Validation of An RNA Binding Protein-Associated Prognostic Model for Colon Adenocarcinoma,4,0,0,0,0,0,0,0,0,0,0,0,0,0,0,0,0,0,0,0,0,0,0,0,0,0,0,0,0,0,0,0,0,0,0,0,0,0,0,0,0.0047,0.0188,0.0,0.75,未分类,0,0.75,6
SIG121,2025,Frontiers in immunology,Single-cell and bulk transcriptome analyses reveal elevated amino acid metabolism promoting tumor-directed immune evasion in colorectal cancer,6,1,1,1,0,0,0,0,1,0,0,0,0,0,0,0,0,0,0,0,0,0,0,0,1,0,0,0,0,0,0,0,0,1,0,0,0,0,0,0,0.0016,0.0063,0.0,0.8333,免疫/炎症,2,1.0,6
SIG122,2023,BMC medical genomics,Establishment and verification of prognostic model and ceRNA network analysis for colorectal cancer liver metastasis,8,0,0,0,0,0,0,0,0,0,0,0,0,0,0,0,0,0,0,0,0,0,0,0,0,0,0,0,0,0,0,0,1,0,0,0,0,0,0,0,0.0086,0.0157,0.0,0.375,EMT/转移,1,1.0,6
SIG124,2026,Journal of translational medicine,Integrative single-cell and spatial multi-Omics analyses identify NETs-driven colon cancer subtypes with distinct metabolic features and prognostic implications,4,0,0,0,0,0,0,0,1,0,0,0,0,0,0,0,0,0,0,0,0,0,0,0,1,1,0,0,0,0,0,0,0,0,0,0,0,0,0,0,0.0086,0.0345,0.25,0.75,免疫/炎症,2,1.0,6
SIG125,2025,Frontiers in medicine,A mitochondrial ferroptosis-related gene signature predicts prognosis and immune landscape in colon cancer,4,0,0,0,0,0,0,0,0,0,0,0,0,0,0,0,1,0,0,0,0,0,0,0,1,0,1,0,0,0,0,0,0,0,0,0,0,0,0,0,0.0086,0.0251,0.0,0.5,铁死亡,3,1.0,6
SIG126,2026,Translational cancer research,A radiotherapy resistance-related prognostic signature predicts survival and the immune landscape in rectal cancer,4,0,0,0,0,0,0,0,0,0,0,0,0,0,0,0,0,0,0,0,0,0,0,0,1,0,0,0,0,0,0,0,0,0,0,0,0,0,0,0,0.0008,0.0031,0.0,1.0,免疫/炎症,1,1.0,6
SIG127,2026,BioMed research international,Single-Cell Sequencing Data Revealed Mechanisms of Interactions Between Tumor Cells and Cancer-Associated Fibroblasts in Metastatic Colorectal Cancer,6,0,0,0,0,0,0,0,1,0,0,0,0,0,0,0,0,0,0,0,0,0,0,1,0,0,0,0,0,0,0,0,0,0,0,0,0,0,0,0,0.0042,0.0188,0.0,0.8333,CAF成纤维细胞,1,1.0,6
SIG128,2026,Mediators of inflammation,Analysis of Autophagy-Related Gene Signature Associated With Clinical Prognosis and Immune Microenvironment in Colorectal Cancer,11,0,0,0,0,0,0,0,0,0,0,1,0,0,0,0,0,0,1,0,0,0,0,0,1,0,0,0,0,0,0,0,0,0,0,0,0,0,0,0,0.0054,0.0219,0.0,0.6364,自噬,2,1.0,6
SIG129,2026,Translational cancer research,Ferroptosis-related lncRNA signature predicts prognosis and treatment response in colon cancer,9,0,0,0,0,0,0,0,0,0,0,0,1,0,0,0,1,0,0,0,0,0,0,0,1,0,0,0,0,0,0,0,0,0,0,0,0,0,0,0,0.0021,0.0094,0.0,0.8889,铁死亡,2,1.0,6
SIG130,2026,Translational oncology,Integrating single-cell and bulk RNA data to explore the prognostic significance of LIM domain family genes in colorectal cancer and unveil their immune landscape,9,1,0,1,0,0,0,0,1,0,0,0,1,0,0,0,0,0,0,0,0,0,0,1,1,0,0,0,0,0,0,0,0,0,0,0,0,0,0,0,0.0059,0.0188,0.0,0.5556,CAF成纤维细胞,2,1.0,6
SIG132,2026,Discover oncology,Development and verification of a lipotoxicity-related gene signature for predicting prognosis and immune landscape in colorectal cancer,5,0,0,0,0,0,0,1,0,0,0,1,1,0,0,0,0,0,0,0,0,0,0,0,1,0,0,0,0,0,0,0,0,0,0,0,0,0,0,0,0.0238,0.0408,0.4,0.2,免疫/炎症,1,1.0,6
SIG133,2026,Frontiers in immunology,Integrated single-cell and bulk transcriptomics identify autophagy-related immune-suppressive subtypes and a prognostic signature in colorectal cancer,5,0,0,0,0,0,0,0,1,0,0,0,0,0,0,0,0,0,1,0,0,0,0,0,1,0,0,0,0,0,0,0,0,0,0,0,0,0,0,0,0.0069,0.0157,0.0,0.4,自噬,2,1.0,6
SIG134,2024,Oncology letters,A hot and cold tumor‑related prognostic signature for stage II colorectal cancer,8,0,0,0,0,0,0,0,0,0,0,0,0,0,0,0,0,0,0,0,0,0,0,0,0,0,0,0,0,0,0,0,0,0,0,0,0,0,0,0,0.0024,0.0094,0.0,0.75,未分类,0,1.0,6
SIG135,2026,Journal of gastrointestinal oncology,Metabolic-cell-death gene trio predicts survival and cuproptosis sensitivity in colorectal cancer,3,0,0,0,0,0,0,0,0,0,0,0,0,0,0,0,0,1,0,0,0,0,0,0,0,1,0,0,0,0,0,0,0,0,0,0,0,0,0,0,0.0199,0.0533,0.3333,0.6667,铜死亡,2,1.0,6
SIG136,2026,Journal of gastrointestinal oncology,A nine-gene nicotine-metabolism signature predicts prognosis and characterizes the immune landscape in colon adenocarcinoma,9,0,0,0,0,0,0,0,0,0,0,0,0,0,0,0,0,0,0,0,0,0,0,0,1,0,0,0,0,0,0,0,0,0,0,0,0,0,0,0,0.0188,0.1034,0.2222,0.4444,免疫/炎症,1,1.0,6
SIG138,2026,Journal of gastrointestinal oncology,Prognostic value of genes associated with metastasis and propionate metabolism in rectal cancer,5,0,0,0,0,0,0,0,0,0,0,0,0,0,0,0,0,0,0,0,0,0,0,0,1,1,0,0,0,0,0,0,1,0,0,0,0,0,0,0,0.0063,0.0125,0.0,0.4,免疫/炎症,3,1.0,6
SIG139,2025,Translational cancer research,Dietary restriction-responsive genes define prognostic subtypes and predict metastasis in colorectal cancer,4,0,0,0,0,0,0,0,0,0,0,0,0,0,0,0,0,0,0,0,0,0,0,0,0,0,0,0,0,0,0,0,1,0,0,0,0,0,0,0,0.0031,0.0094,0.0,0.75,EMT/转移,1,1.0,6
SIG140,2026,Discover oncology,Identification and validation of a Golgi apparatus related gene signature for prognosis prediction and immune microenvironment profiling in colorectal cancer,6,0,0,0,0,0,0,1,0,0,0,1,0,0,0,0,0,0,0,0,0,0,0,0,1,0,0,0,0,0,0,0,0,0,0,0,0,1,0,0,0.0078,0.0219,0.0,0.3333,免疫/炎症,2,1.0,6
SIG141,2025,Translational cancer research,Development and validation of a machine learning-based prognostic model using mitochondrial dysfunction-related genes for colorectal cancer patients,7,1,0,0,0,1,0,0,0,0,0,0,0,0,0,0,0,0,0,0,0,0,0,0,0,0,1,0,0,0,0,0,0,0,0,0,0,0,0,0,0.0143,0.0313,0.1429,0.2857,线粒体,1,1.0,6
SIG142,2026,iScience,Machine learning algorithms develop a tumor-educated platelets-related gene signature to predict colorectal cancer prognosis and therapy response,12,0,0,0,0,1,0,0,0,0,0,0,0,0,0,0,0,0,0,0,0,0,0,0,0,0,0,0,0,0,0,0,0,0,0,0,0,0,0,0,0.0128,0.1034,0.1667,0.75,未分类,0,1.0,6
SIG143,2025,Discover oncology,Identification of an E2Fs-based gene signature for predicting prognosis and therapeutic response in colorectal cancer,6,0,0,0,0,0,0,0,0,0,0,0,1,0,0,0,0,0,0,0,0,0,0,0,0,0,0,0,0,0,0,0,0,0,0,0,0,0,0,0,0.0047,0.0188,0.0,0.6667,未分类,0,1.0,6
SIG144,2026,Discover oncology,Construction of immune related genes predictive models of elderly rectal cancer patients based on machine learning,3,0,0,0,0,1,0,0,0,0,0,0,0,0,0,0,0,0,0,0,0,0,0,0,1,0,0,0,0,0,0,0,0,0,0,0,0,0,0,0,0.0031,0.0063,0.0,0.6667,免疫/炎症,1,1.0,6
SIG145,2026,Scientific reports,A network toxicology and machine learning approach to uncover the molecular machinery of bisphenol A-induced colorectal cancer,12,0,0,0,0,1,0,0,0,0,0,0,0,0,0,0,0,0,0,0,0,0,0,0,0,0,0,0,0,0,0,0,0,0,0,0,0,0,0,0,0.0042,0.0408,0.0833,0.8333,未分类,0,1.0,6
SIG146,2025,Frontiers in oncology,Analysis of the molecular subtypes and prognostic models of anoikis-related genes in colorectal cancer,3,1,0,0,0,0,0,0,0,0,0,0,0,0,0,0,0,0,0,0,1,0,0,0,0,0,0,0,0,0,0,0,0,0,0,0,0,0,0,0,0.0084,0.0188,0.0,0.3333,失巢凋亡,1,1.0,6
SIG147,2025,Frontiers in oncology,Novel mtDNA methylation-associated prognostic signatures in colorectal cancer,3,0,0,0,0,0,0,0,0,0,0,1,0,0,0,0,0,0,0,0,0,0,0,0,1,0,0,0,0,0,0,0,0,0,0,0,1,0,0,0,0.0042,0.0094,0.0,0.6667,免疫/炎症,2,1.0,6
SIG148,2026,Medicine,Colorectal cancer molecular subtypes and prognostic models based on NET-related genes and oxidative stress-associated signaling,8,1,1,0,0,0,0,0,0,0,0,0,0,0,0,0,0,0,0,0,0,0,0,0,0,0,0,0,0,0,0,0,0,0,0,0,0,0,0,0,0.0121,0.0533,0.125,0.375,未分类,0,0.75,6
SIG149,2026,Journal of gastrointestinal oncology,Molecular subtyping and prognostic model construction based on endosome-related genes in colorectal cancer,8,0,0,0,0,0,0,0,0,0,0,0,0,0,0,0,0,0,0,0,0,0,0,0,1,0,0,0,0,0,0,0,0,0,0,0,0,0,0,0,0.0157,0.0408,0.375,0.625,免疫/炎症,1,1.0,6
SIG150,2026,Genes,"Mitotic Hub Gene Network in Colorectal Cancer: Integrated Transcriptomic, Protein-Level, and Clinical-Genomic Characterization of a Ten-Gene Signature",10,0,0,1,0,1,0,0,0,0,0,0,0,0,0,0,0,0,0,0,0,0,0,0,0,0,0,0,0,0,0,0,0,0,1,0,0,0,0,0,0.0028,0.0094,0.0,0.7,细胞周期/增殖,1,1.0,6
SIG151,2026,Translational cancer research,Construction of a prognostic risk model based on colorectal cancer-specific ferroptosis genes and preliminary validation of FGFR4,8,1,1,1,0,0,0,0,0,0,0,0,0,0,0,0,1,0,0,0,0,0,0,0,0,0,0,0,0,0,0,0,0,0,0,0,0,0,0,0,0.002,0.0063,0.0,0.75,铁死亡,1,1.0,6
SIG152,2025,Frontiers in immunology,A novel liquid-liquid phase separation related gene signature including ARL6IP4 predicts prognosis and immune landscape in colorectal cancer,8,0,0,0,0,0,0,0,0,0,0,0,0,0,0,0,0,0,0,0,0,0,0,0,1,0,0,0,0,0,0,0,1,0,0,0,0,0,0,0,0.0074,0.0188,0.0,0.375,免疫/炎症,2,1.0,6
SIG153,2026,Translational cancer research,Tertiary lymphoid structure-related genes drive tumor microenvironment heterogeneity and prognostic disparities in left- &lt;i&gt;vs.&lt;/i&gt; right-sided colon cancer,8,0,1,0,0,0,0,0,0,0,0,0,0,0,0,0,0,0,0,0,0,0,0,0,0,0,0,0,0,0,0,0,0,0,0,0,0,0,0,0,0.0035,0.0157,0.0,0.75,未分类,0,1.0,6
SIG154,2026,Translational oncology,Metastatic immune microenvironment remodeling by malignant epithelial cells drives colorectal cancer hepatic metastasis: Multi-omics insights,3,0,0,0,0,0,0,0,0,0,0,1,0,0,0,0,0,0,0,0,0,0,0,0,1,0,0,0,0,0,0,0,1,0,0,0,0,0,0,0,0.0052,0.0157,0.0,0.6667,免疫/炎症,2,1.0,6
SIG155,2026,Discover oncology,A novel lactylation-related gene signature deciphers the immunosuppressive microenvironment and stratifies precision therapy in colorectal cancer,9,0,0,1,0,0,0,0,0,0,0,1,0,0,0,0,0,0,0,0,0,0,0,0,1,0,0,0,0,0,0,0,0,0,0,0,0,0,0,0,0.0042,0.0188,0.0,0.6667,免疫/炎症,1,1.0,6
SIG156,2025,Frontiers in immunology,Liquid-liquid phase separation-driven molecular subtyping and prognostic modeling in colorectal cancer,5,0,0,0,0,0,0,0,0,0,0,0,1,0,0,0,0,0,0,0,0,0,0,0,1,0,0,0,0,0,0,0,0,0,0,0,0,0,0,0,0.0013,0.0031,0.0,1.0,免疫/炎症,1,1.0,6
SIG157,2026,Medicine,Construction and validation of a prognostic model based on anoikis-fatty acid metabolism-related genes in colorectal cancer: A retrospective cohort study,5,0,0,0,0,0,0,1,0,0,0,1,0,0,0,1,0,0,0,0,1,0,0,0,1,1,0,0,0,0,0,0,0,0,0,0,0,0,0,0,0.0132,0.0219,0.0,0.2,脂代谢,4,1.0,6
SIG159,2026,Translational cancer research,A novel prognostic model for colon adenocarcinoma based on cofactor and vitamin metabolism-related genes,6,0,0,0,0,0,0,0,0,0,0,0,1,0,0,0,0,0,0,0,0,0,0,0,1,1,0,0,0,0,0,0,0,0,0,0,0,0,0,0,0.0047,0.0063,0.0,0.3333,免疫/炎症,2,1.0,6
SIG161,2025,Frontiers in oncology,Construction of a prognostic model for colorectal cancer liver metastasis based on single-cell transcriptomics and regulation of the MIF pathway,4,0,0,1,0,0,0,0,1,0,0,0,0,0,0,0,0,0,0,0,0,0,0,0,0,0,0,0,0,0,0,0,1,0,0,0,0,0,0,0,0.0118,0.0157,0.0,0.0,EMT/转移,1,1.0,6
SIG163,2025,Translational cancer research,Proteomics-based prognostic signature in colon adenocarcinoma patients with familial adenomatous polyposis,4,0,0,0,0,0,0,0,0,0,0,0,0,0,0,0,0,0,0,0,0,0,0,0,0,0,0,0,0,0,0,0,0,0,0,0,0,0,0,0,0.0408,0.1034,0.5,0.25,未分类,0,1.0,6
SIG164,2025,BMC cancer,Identification of a mitophagy-related gene signature for predicting overall survival and response to immunotherapy in rectal cancer,4,0,0,0,0,0,1,0,0,0,0,0,0,0,0,0,0,0,0,0,0,0,0,0,1,0,0,0,0,0,0,0,0,0,0,0,0,0,0,0,0.0008,0.0031,0.0,1.0,免疫/炎症,1,1.0,6
SIG165,2024,Heliyon,5-Fluorouracil resistance-based immune-related gene signature for COAD prognosis,5,0,0,0,0,0,0,0,0,0,0,0,0,0,0,0,0,0,0,0,0,0,0,0,1,0,0,0,0,0,0,0,0,0,0,0,0,0,0,0,0.0056,0.0282,0.2,0.8,免疫/炎症,1,1.0,6
SIG166,2026,"Contemporary oncology (Poznan, Poland)",Combined analysis of metabolomics and transcriptomics reveals new indicators for the diagnosis and prognosis of colorectal cancer,3,0,0,0,0,0,0,0,0,0,0,0,0,0,0,0,0,0,0,0,0,0,0,0,0,0,0,0,0,0,0,0,0,0,0,0,0,0,0,0,0.0031,0.0094,0.0,0.6667,未分类,0,1.0,6
SIG167,2025,"Advanced science (Weinheim, Baden-Wurttemberg, Germany)",MALMPS: A Machine Learning-Based Metabolic Gene Prognostic Signature for Stratifying Clinical Outcomes and Molecular Heterogeneity in Stage II/III Colorectal Cancer,3,0,0,0,0,1,0,0,0,0,0,0,0,0,0,0,0,0,0,0,0,0,0,0,0,1,0,0,0,0,0,0,0,0,0,0,0,0,0,0,0.0052,0.0063,0.0,0.3333,糖酵解/代谢重编程,1,1.0,6
SIG168,2025,Scientific reports,A novel anoikis related gene prognostic model for colorectal cancer based on single cell sequencing and bulk transcriptome analyses,9,1,0,0,0,0,0,0,0,0,0,0,0,0,0,0,0,0,0,0,1,0,0,0,0,0,0,0,0,0,0,0,0,0,0,0,0,0,0,0,0.007,0.0188,0.0,0.4444,失巢凋亡,1,1.0,6
SIG169,2024,"Open medicine (Warsaw, Poland)",Identification of signatures associated with microsatellite instability and immune characteristics to predict the prognostic risk of colon cancer,8,0,0,0,0,0,0,0,0,0,0,0,0,0,0,0,0,0,0,0,0,0,0,0,1,0,0,0,0,0,0,0,0,0,0,0,0,0,0,0,0.0067,0.0251,0.0,0.625,免疫/炎症,1,1.0,6
SIG170,2026,Discover oncology,ATOH1 and NPAS1 are immune related prognostic biomarkers in colorectal cancer,6,0,0,1,0,0,0,0,0,0,0,0,0,0,0,0,0,0,0,0,0,0,0,0,1,0,0,0,0,0,0,0,0,0,0,0,0,0,0,0,0.0021,0.0125,0.0,0.8333,免疫/炎症,1,1.0,6
SIG171,2026,Journal of gastrointestinal oncology,Identification and preliminary examination of prognostic genes linked to calcium metabolism in colorectal cancer,4,0,0,0,0,0,0,0,0,0,0,0,0,0,0,0,0,0,0,0,0,0,0,0,0,0,0,0,0,0,0,0,0,0,0,0,0,0,0,0,0.0016,0.0031,0.0,1.0,未分类,0,1.0,6
SIG172,2026,Journal of gastrointestinal oncology,Development and validation of manganese metabolism-related genes prognostic model in colorectal cancer and its immunological characteristics,6,0,0,0,0,0,0,0,0,0,0,0,0,0,0,0,0,0,0,0,0,0,0,0,1,1,0,0,0,0,0,0,0,0,0,0,0,0,0,0,0.012,0.0313,0.1667,0.5,免疫/炎症,2,1.0,6
SIG173,2026,Journal of inflammation research,Identification of Immune-Related Genes in Predicting the Progression of Colitis-Associated Colorectal Cancer: An Integrated Bioinformatics and Experimental Validation Study,5,0,0,0,0,0,0,0,0,0,0,0,0,0,0,0,0,0,0,0,0,0,0,0,1,0,0,0,0,0,0,0,0,0,0,0,0,0,0,0,0.015,0.0345,0.2,0.4,免疫/炎症,1,1.0,6
SIG175,2025,Journal of gastrointestinal oncology,Development of a prognostic risk model for colorectal cancer and association of the prognostic model with cancer stem cell and immune cell infiltration,6,0,0,0,0,0,0,0,0,0,0,1,0,0,0,0,0,0,0,0,0,0,0,0,1,0,0,0,0,0,0,1,0,0,0,0,0,0,0,0,0.001,0.0031,0.0,1.0,免疫/炎症,2,0.8333333333333334,6
SIG176,2025,Scientific reports,Integrated analysis of single-cell and bulk RNA-sequencing to predict prognosis and therapeutic response for colorectal cancer,8,0,0,0,0,0,0,0,1,0,0,0,1,0,0,0,0,0,0,0,0,0,0,0,0,0,0,0,0,0,0,0,0,0,0,0,0,0,0,0,0.0051,0.0157,0.0,0.625,未分类,0,1.0,6
SIG177,2024,Frontiers in immunology,A novel liquid-liquid phase separation-related gene signature for predicting prognosis in colon cancer,14,0,0,0,0,0,0,0,0,0,0,0,0,0,0,0,0,0,0,0,0,0,0,0,0,0,0,0,0,0,0,0,0,0,0,0,0,0,0,0,0.006,0.0313,0.0714,0.6429,未分类,0,1.0,6
SIG178,2023,Frontiers in immunology,Prognostic value of fatty acid metabolism-related genes in colorectal cancer and their potential implications for immunotherapy,3,0,0,0,0,0,0,0,0,0,0,0,0,0,0,1,0,0,0,0,0,0,0,0,1,1,0,0,0,0,0,0,0,0,0,0,0,0,0,0,0.0178,0.0313,0.3333,0.0,脂代谢,3,1.0,6
SIG179,2026,Scientific reports,Deciphering oxidative stress-related heterogeneity and developing a prognostic signature for colorectal cancer,12,0,0,0,0,0,0,0,0,0,0,0,0,0,0,0,0,0,0,0,0,0,0,0,0,0,0,0,0,0,0,0,0,0,0,0,0,0,0,0,0.0063,0.0313,0.0833,0.6667,未分类,0,1.0,6
SIG180,2026,Frontiers in immunology,Multi-omics profiling of sodium-overload (NECSO) programs identifies NEK8 as a central driver of colorectal cancer progression through single-cell and spatial transcriptomics,5,1,0,0,0,0,0,0,1,0,0,1,0,0,0,0,0,0,0,0,0,0,0,0,1,0,0,0,0,0,0,0,0,0,0,0,0,0,0,0,0.0038,0.0094,0.0,0.6,免疫/炎症,1,1.0,6
SIG181,2026,BMC cancer,T-cell exhaustion indicator characterizes the tumor microenvironment landscape and predicts colon adenocarcinoma prognosis via integrating single-cell RNA-seq and bulk RNA-sequencing,5,1,0,0,0,1,0,0,1,0,0,1,0,0,0,0,0,0,0,0,0,0,0,0,1,0,0,0,0,0,0,0,0,0,0,0,0,0,0,0,0.0013,0.0063,0.0,0.8,免疫/炎症,1,1.0,6
SIG182,2025,Biomedicines,Multi-Omics-Based Analysis of the Effect of Longevity Genes on the Immune Relevance of Colorectal Cancer,3,0,0,0,0,0,0,0,0,0,0,0,0,0,0,0,0,0,0,0,0,0,0,0,1,0,0,0,0,0,0,0,0,0,0,0,0,0,0,0,0.0178,0.0533,0.3333,0.6667,免疫/炎症,1,1.0,6
SIG183,2024,Journal of gastrointestinal oncology,Characterizing PANoptosis gene signature in prognosis and chemosensitivity of colorectal cancer,4,0,0,0,0,0,0,0,0,0,0,0,1,0,0,0,0,0,0,0,0,0,0,0,0,0,0,0,0,0,0,0,0,0,0,0,0,0,0,0,0.04,0.1034,0.5,0.5,未分类,0,1.0,6
SIG184,2026,Journal of gastrointestinal oncology,Single-cell transcriptomics reveals the prognostic and immune infiltration significance of FOLFOX-bevacizumab treatment and lysine crotonylation characteristics in colon cancer,3,0,0,0,0,0,0,0,1,0,0,1,0,0,0,0,0,0,0,0,0,0,0,0,1,0,0,0,0,0,0,0,0,1,0,0,0,0,0,0,0.001,0.0031,0.0,1.0,免疫/炎症,2,1.0,6
SIG185,2024,Translational oncology,Bulk and single-cell RNA sequencing analyses coupled with multiple machine learning to develop a glycosyltransferase associated signature in colorectal cancer,22,1,1,0,0,1,0,0,1,0,0,0,0,0,0,0,0,0,0,0,0,0,0,0,0,0,0,0,0,0,0,0,0,0,0,0,0,0,0,0,0.0097,0.1034,0.0455,0.5909,未分类,0,1.0,6
SIG186,2025,Journal of Cancer,Construction of a Prognostic Model based on CSC-related Genes in Patients with Colorectal Cancer,19,0,0,0,0,0,0,0,0,0,0,0,0,0,0,0,0,0,0,0,0,0,0,0,0,0,0,0,0,0,0,0,0,0,0,0,0,0,0,0,0.0068,0.0408,0.1053,0.7368,未分类,0,0.9473684210526315,6
SIG187,2026,BMC gastroenterology,Molecular subtyping of colorectal cancer based on inositol metabolism identifies PLCG2 as a key prognostic biomarker,4,1,0,0,0,0,0,0,0,0,0,0,1,0,0,0,0,0,0,0,0,0,0,0,1,0,0,0,0,0,0,0,0,0,0,0,0,0,0,0,0.0024,0.0063,0.0,0.75,免疫/炎症,1,1.0,6
SIG188,2026,BMC cancer,UHRF2 related to sumoylation : assessment of its role in immune suppression and therapeutic potential in colorectal cancer,6,1,0,0,0,0,0,0,0,0,0,0,0,0,0,0,0,0,0,0,0,0,1,0,1,0,0,0,0,0,0,0,0,0,0,0,0,0,0,0,0.001,0.0063,0.0,0.8333,泛素化/蛋白酶体,2,1.0,6
SIG189,2026,ImmunoTargets and therapy,A Novel Prognostic Signature Composed of Autophagy and Liver Metastasis in Colorectal Cancer: Comprehensive Analysis of Bulk and Single-Cell Transcriptomic Data,6,0,0,0,0,0,0,0,1,0,0,0,0,0,0,0,0,0,1,0,0,0,0,0,0,0,0,0,0,0,0,0,1,0,0,0,0,0,0,0,0.0157,0.0376,0.3333,0.3333,自噬,2,1.0,6
SIG190,2023,BMC bioinformatics,Seven bacterial response-related genes are biomarkers for colon cancer,7,1,0,1,0,0,0,0,0,0,0,0,0,0,0,0,0,0,0,0,0,0,0,0,0,0,0,0,0,0,0,0,0,0,0,0,0,0,0,0,0.0085,0.0282,0.1429,0.5714,未分类,0,1.0,6
SIG191,2025,International journal of cancer,The prognostic potential of RNA in stage II colon cancer: Insights from a screened multicenter population-based cohort study,3,0,0,0,0,0,0,0,0,0,1,0,0,0,0,0,0,0,0,0,0,0,0,0,0,0,0,0,0,0,0,0,0,0,0,0,0,0,0,0,0.0,0.0,0.0,1.0,未分类,0,1.0,6
SIG192,2025,Discover oncology,Integration analysis of single-cell and spatial transcriptomics identifies prognostic genes associated with neddylation in colorectal cancer,3,1,1,0,0,0,0,0,1,0,0,0,0,0,0,0,0,0,0,0,0,0,0,0,0,0,0,0,0,0,0,0,0,0,0,0,0,0,0,0,0.0031,0.0063,0.0,0.6667,未分类,0,1.0,6
SIG193,2024,PeerJ,Identification and validation of calcium extrusion-related genes prognostic signature in colon adenocarcinoma,7,0,0,0,0,0,0,0,0,0,0,0,0,0,0,0,0,0,0,0,0,0,0,0,0,0,0,0,0,0,0,0,0,0,0,0,0,0,0,0,0.0009,0.0031,0.0,1.0,未分类,0,1.0,6
SIG194,2025,Frontiers in oncology,Prognostic value and experimental validation of atherosclerosis-derived pathogenic genes in colorectal cancer,6,0,0,0,0,0,0,0,0,0,0,0,0,0,0,0,0,0,0,0,0,0,0,0,0,0,0,0,0,0,0,0,0,0,0,0,0,0,0,0,0.0073,0.0125,0.0,0.3333,未分类,0,1.0,6
SIG195,2026,Scientific reports,The significance of immunogenic cell death related prognostic gene markers in colorectal cancer prognosis and antitumor immunity,12,0,0,0,0,0,0,0,0,0,0,0,0,0,0,0,0,0,0,0,0,0,0,0,1,0,0,0,0,0,0,0,0,0,0,0,0,0,0,0,0.0055,0.0157,0.0,0.5833,免疫/炎症,1,1.0,6
SIG196,2026,Biochemistry and biophysics reports,Unraveling the role of mitochondrial unfolded protein response in colorectal cancer,4,0,0,0,0,0,0,0,0,0,0,0,0,0,0,0,0,0,0,0,0,0,0,0,0,0,1,1,0,0,0,0,0,0,0,0,0,0,0,0,0.0102,0.0376,0.25,0.75,线粒体,2,1.0,6
SIG197,2025,Translational cancer research,Immunogenomic classification and nomogram development and validation for colorectal cancer survival prediction based on immune-related genes,4,0,0,1,0,0,0,1,0,0,0,0,0,0,0,0,0,0,0,0,0,0,0,0,1,0,0,0,0,0,0,0,0,0,0,0,0,0,0,0,0.0047,0.0157,0.0,0.75,免疫/炎症,1,1.0,6
SIG198,2025,Discover oncology,Neddylation related gene signature for prognostic biomarkers in colorectal cancer with integrated bioinformatics and experimental analysis,3,0,0,0,0,0,0,0,0,0,0,0,0,0,0,0,0,0,0,0,0,0,0,0,0,0,0,0,0,0,0,0,0,0,0,0,0,0,0,0,0.0031,0.0063,0.0,0.6667,未分类,0,1.0,6
SIG199,2025,Infectious agents and cancer,Unveiling prognostic value of JAK/STAT signaling pathway related genes in colorectal cancer: a study of Mendelian randomization analysis,5,0,0,0,0,0,0,0,0,0,0,0,0,0,0,0,0,0,0,0,0,0,0,0,1,0,0,0,0,0,0,0,0,0,0,0,0,0,0,0,0.0019,0.0063,0.0,0.8,免疫/炎症,1,1.0,6
SIG200,2026,Journal of translational medicine,Integrated single-cell and spatial transcriptomic analysis reveals mCAF-SPP1⁺ macrophage-T cell crosstalk shaping immunosuppressive niches in colorectal cancer liver metastasis,3,1,0,0,0,0,0,0,1,0,0,0,0,0,0,0,0,0,0,0,0,0,0,0,1,0,0,0,0,0,0,0,1,0,0,0,0,0,0,0,0.0031,0.0094,0.0,0.6667,免疫/炎症,2,1.0,6
SIG201,2024,Cancer biomarkers : section A of Disease markers,Tumor immune microenvironment of colorectal cancer identifies novel prognostic signature and potential therapeutic drugs,4,0,0,0,0,0,0,0,0,0,0,1,0,0,0,0,0,0,0,0,0,0,0,0,1,0,0,0,0,0,0,0,0,0,0,0,0,0,0,0,0.0024,0.0063,0.0,0.75,免疫/炎症,1,0.75,6
SIG202,2025,"Open medicine (Warsaw, Poland)","A machine learning-based prognostic model integrating mRNA stemness index, hypoxia, and glycolysis‑related biomarkers for colorectal cancer",29,1,0,0,0,1,0,0,0,0,0,0,0,0,1,0,0,0,0,0,0,0,0,0,0,1,0,0,0,0,0,1,0,0,0,0,0,0,0,0,0.0037,0.0376,0.0345,0.8621,缺氧,3,1.0,6
SIG203,2025,PloS one,Identification of cuproptosis and ferroptosis-related subtypes and development of a prognostic signature in colon cancer,5,1,1,0,0,0,0,0,0,0,0,0,0,0,0,0,1,1,0,0,0,0,0,0,0,0,0,0,0,0,0,0,0,0,0,0,0,0,0,0,0.0088,0.0219,0.0,0.6,铁死亡,2,1.0,6
SIG204,2025,Frontiers in oncology,Overexpression of MMP14 is associated with poor prognosis and immune cell infiltration in colon cancer,3,0,0,0,0,0,0,0,0,0,0,1,0,0,0,0,0,0,0,0,0,0,0,0,1,0,0,0,0,0,0,0,0,0,0,0,0,0,0,0,0.0146,0.0345,0.3333,0.3333,免疫/炎症,1,1.0,6
SIG205,2026,Discover oncology,An epithelial mesenchymal transition associated gene signature stratifies risk of ulcerative colitis associated colorectal cancer,7,0,0,0,0,0,0,0,0,0,0,0,0,0,0,0,0,0,0,0,0,0,0,0,1,0,0,0,0,0,0,0,0,0,0,0,0,0,0,0,0.0219,0.1034,0.2857,0.5714,免疫/炎症,1,1.0,6
SIG206,2025,BMC cancer,Development of a prognostic risk model for colorectal cancer based on microsatellite stability-associated genes,11,0,0,0,0,0,0,0,0,0,0,0,0,0,0,0,0,0,0,0,0,0,0,0,1,0,0,0,0,0,0,0,0,0,0,0,0,0,0,0,0.008,0.0408,0.0909,0.6364,免疫/炎症,1,1.0,6
SIG207,2025,Scientific reports,Integrated singlecell and bulk RNA-seq analysis identifies a prognostic signature related to inflammation in colorectal cancer,13,0,0,0,0,0,0,0,1,0,0,0,0,0,0,0,0,0,0,0,0,0,0,0,1,0,0,0,0,0,0,0,0,0,0,0,0,0,0,0,0.0118,0.1034,0.0769,0.6154,免疫/炎症,1,1.0,6
SIG208,2025,Scientific reports,PDT-regulated immune gene prognostic model reveals tumor microenvironment in colorectal cancer liver metastases,7,1,1,0,0,0,0,0,0,0,0,0,0,0,0,0,0,0,0,0,0,0,0,0,1,0,0,0,0,0,0,0,1,0,0,0,0,0,0,0,0.0134,0.0345,0.1429,0.2857,免疫/炎症,2,0.8571428571428571,6
SIG209,2025,European journal of medical research,Unveiling the prognostic significance of RNA editing-related genes in colon cancer: evidence from bioinformatics and experiment,5,1,1,1,0,0,0,0,0,0,0,0,0,0,0,0,0,0,0,0,0,0,0,0,0,0,0,0,0,0,0,0,0,0,0,0,0,0,0,0,0.0006,0.0031,0.0,1.0,未分类,0,1.0,6
SIG210,2026,Stem cells international,FAP as a Clinical Biomarker: FAP+ CAFs Orchestrate an Immunosuppressive Stem Cell Niche via the COL1A1/2-CD44 Axis in Colon Cancer,13,1,1,0,0,0,0,0,0,0,0,0,0,0,0,0,0,0,0,0,0,0,0,0,1,0,0,0,0,0,0,1,0,0,0,0,0,0,0,0,0.0087,0.0376,0.0769,0.4615,免疫/炎症,2,1.0,6
SIG211,2025,International journal of genomics,A Novel Mitochondria-Associated Programmed Cell Death-Related Prognostic Model and Validation of Oncogene INHBB in Colorectal Cancer,4,0,0,0,0,0,0,0,0,0,0,0,0,0,0,0,0,0,0,0,0,0,0,0,0,0,1,0,0,0,0,0,0,0,0,0,0,0,0,0,0.0086,0.0219,0.0,0.25,线粒体,1,1.0,6
SIG212,2026,Translational cancer research,Multiomics study on the tertiary lymphatic structure signature of colon cancer,3,1,0,0,0,0,0,0,0,0,0,0,0,0,0,0,0,0,0,0,0,0,0,0,0,0,0,0,0,0,0,0,0,0,0,0,0,0,0,0,0.0199,0.0251,0.0,0.0,未分类,0,1.0,6
SIG213,2025,Discover oncology,Bioinformatics mining and experimental validation of prognostic biomarkers in colorectal cancer,5,1,1,1,0,0,0,0,0,0,0,0,0,0,0,0,0,0,0,0,0,0,0,0,0,0,0,0,0,0,0,0,0,0,0,0,0,0,0,0,0.0364,0.1034,0.6,0.2,未分类,0,1.0,6
SIG214,2025,Frontiers in immunology,TRP-related gene signatures predict survival and the immune microenvironment in rectal cancer: a comprehensive bioinformatics study,5,0,0,0,0,0,0,0,0,0,0,1,0,0,0,0,0,0,0,0,0,0,0,0,1,1,0,0,0,0,0,0,0,0,0,0,0,0,0,0,0.0019,0.0063,0.0,0.8,免疫/炎症,2,1.0,6
SIG215,2025,Journal of cell communication and signaling,Risk model of liquid-liquid phase separation-related genes reveals the prognosis and tumor microenvironment characteristics of colorectal cancer,4,1,0,0,0,0,0,0,0,0,0,0,0,0,0,0,0,0,0,0,0,0,0,0,0,0,0,0,0,0,0,0,0,0,0,0,0,0,0,0,0.0008,0.0031,0.0,1.0,未分类,0,1.0,6
SIG216,2026,Discover oncology,Integrative machine learning models reveal immune and metabolic signatures predictive of colorectal cancer prognosis,4,0,0,0,0,1,0,0,0,0,0,0,0,0,0,0,0,0,0,0,0,0,0,0,1,1,0,0,0,0,0,0,0,0,0,0,0,0,0,0,0.0086,0.0094,0.0,0.0,免疫/炎症,2,1.0,6
SIG217,2025,Discover oncology,Development and validation of a disulfidptosis-related prognostic model for colorectal cancer using multi-omics analysis,8,0,0,0,0,0,0,1,0,0,0,0,0,0,0,0,0,0,0,0,0,0,0,0,0,0,0,0,0,0,0,0,0,0,0,0,0,0,0,0,0.0165,0.0408,0.125,0.25,未分类,0,1.0,6
SIG218,2024,Technology in cancer research & treatment,Identification of a 5-Gene Cuproptosis Signature Predicting the Prognosis for Colon Adenocarcinoma Based on WGCNA,4,0,0,0,0,0,1,0,0,0,0,0,0,0,0,0,0,1,0,0,0,0,0,0,0,0,0,0,0,0,0,0,0,0,0,0,0,0,0,0,0.0204,0.0533,0.25,0.0,铜死亡,1,1.0,6
SIG219,2024,Technology in cancer research & treatment,A Pyroptosis-Related Gene Signature Predicts Prognosis and Tumor Immune Microenvironment in Colorectal Cancer,8,0,0,0,0,0,0,0,0,0,0,1,0,0,0,0,0,0,0,1,0,0,0,0,1,0,0,0,0,0,0,0,0,0,0,0,0,0,0,0,0.0027,0.0125,0.0,0.75,焦亡,2,0.875,6
SIG220,2025,Discover oncology,Using single cell sequencing to investigate tumor microenvironment differences in left and right colon cancer and prognosis-related core genes,7,0,0,0,0,0,0,0,0,0,0,0,0,0,0,0,0,0,0,0,0,0,0,0,0,0,0,0,0,0,0,0,0,0,0,0,0,0,0,0,0.0246,0.1034,0.1429,0.0,未分类,0,1.0,6
SIG221,2023,Frontiers in oncology,Integrative analysis reveals a four-gene signature for predicting survival and immunotherapy response in colon cancer patients using bulk and single-cell RNA-seq data,4,0,0,0,0,0,0,0,1,0,0,0,1,0,0,0,0,0,0,0,0,0,0,0,1,0,0,0,0,0,0,0,0,0,0,0,0,0,0,0,0.0157,0.0408,0.25,0.25,免疫/炎症,1,1.0,6
SIG222,2024,Heliyon,Development and validation of prognostic signatures of NAD+ metabolism and immune-related genes in colorectal cancer,3,0,0,0,0,0,0,0,0,0,0,0,0,0,0,0,0,0,0,0,0,0,0,0,1,0,0,0,0,0,0,0,0,0,0,0,0,0,0,0,0.0094,0.0157,0.0,0.3333,免疫/炎症,1,1.0,6
SIG223,2023,Frontiers in genetics,Identification and validation of a novel stress granules-related prognostic model in colorectal cancer,4,0,0,0,0,0,0,0,0,0,0,0,0,0,0,0,0,0,0,0,0,0,0,0,0,0,0,0,0,0,0,0,0,0,0,0,0,0,0,0,0.0243,0.0533,0.25,0.25,未分类,0,1.0,6
SIG224,2025,Frontiers in immunology,Machine learning identifies PYGM as a macrophage polarization-linked metabolic biomarker in rectal cancer prognosis,3,0,0,0,0,1,0,0,0,0,0,0,0,0,0,0,0,0,0,0,0,0,0,0,1,1,0,0,0,0,0,0,0,0,0,0,0,0,0,0,0.0366,0.1034,0.3333,0.3333,免疫/炎症,2,1.0,6
SIG225,2026,Frontiers in molecular biosciences,Disulfidptosis-related genes signature predicts prognosis and immune microenvironment in colon cancer,5,0,0,0,0,0,0,0,0,0,0,1,0,0,0,0,0,0,0,0,0,0,0,0,1,0,0,0,0,0,0,0,0,0,0,0,0,0,0,0,0.0031,0.0063,0.0,0.6,免疫/炎症,1,1.0,6
SIG226,2025,Discover oncology,SUMOylation-regulated genes in colon cancer: expression patterns and clinical implications,5,0,0,0,0,0,0,0,0,0,0,0,1,0,0,0,0,0,0,0,0,0,1,0,1,0,0,0,0,0,0,0,0,0,0,0,0,0,0,0,0.0019,0.0094,0.0,0.8,泛素化/蛋白酶体,2,1.0,6
SIG227,2025,Current issues in molecular biology,Integrative Bioinformatics and Experimental Validation Establish CCNB1 as a Potential Biomarker for Diagnosis and Prognosis in Colorectal Cancer,8,0,0,0,0,0,0,0,0,0,0,0,0,0,0,0,0,0,0,0,0,0,0,0,0,0,0,0,0,0,0,0,0,0,0,0,0,0,0,0,0.0118,0.0345,0.125,0.25,未分类,0,1.0,6
SIG228,2025,Discover oncology,Integration of single-cell and bulk RNA-sequencing data to construct and validate a signature based on NK cell marker genes to predict immunotherapy response and prognosis in colorectal cancer,6,0,0,0,0,0,0,0,1,0,0,0,1,0,0,0,0,0,0,0,0,0,0,0,1,0,0,0,0,0,0,0,0,0,0,0,0,0,0,0,0.0052,0.0157,0.0,0.6667,免疫/炎症,1,1.0,6
SIG229,2025,Discover oncology,Prognostic value of brown adipocyte-related genes in colorectal cancer: a multi-omics and Mendelian randomization study,4,0,0,0,0,0,0,0,0,0,0,0,0,0,0,0,0,0,0,0,0,0,0,0,0,0,0,0,0,0,0,0,0,0,0,0,0,0,0,0,0.0024,0.0063,0.0,0.75,未分类,0,1.0,6
SIG230,2024,Scientific reports,Integration of single-cell sequencing and bulk RNA-seq to identify and develop a prognostic signature related to colorectal cancer stem cells,16,1,0,0,0,0,0,0,1,0,0,0,0,0,0,0,0,0,0,0,0,0,0,0,0,0,0,0,0,0,0,1,0,0,0,0,0,0,0,0,0.0098,0.1034,0.0625,0.6875,干细胞性,1,1.0,6
SIG231,2025,PeerJ,Mito-fission gene prognostic model for colorectal cancer,3,0,0,0,0,0,0,0,0,0,0,0,0,0,0,0,0,0,0,0,0,0,0,0,1,0,1,0,0,0,0,0,0,0,0,0,0,0,0,0,0.0042,0.0094,0.0,0.6667,免疫/炎症,2,1.0,6
SIG232,2024,Medicine,Systemic immune profiling analysis identifying M2-TAM related genes predicted colon cancer prognosis and chemotherapy responses,7,0,0,0,0,0,0,0,0,0,0,0,0,0,0,0,0,0,0,0,0,0,0,0,1,0,0,0,0,0,0,0,0,0,0,0,0,0,0,0,0.0134,0.0313,0.1429,0.1429,免疫/炎症,1,1.0,6
SIG233,2025,Scientific reports,Comprehensive characterization of the molecular feature of acetylation in colorectal cancer using integrated single-cell and bulk RNA sequencing,10,0,0,0,0,0,0,0,1,0,0,0,0,0,0,0,0,0,0,0,0,0,0,0,1,0,0,0,0,0,0,0,0,0,0,0,0,0,0,0,0.0003,0.0031,0.0,1.0,免疫/炎症,1,1.0,6
SIG234,2023,Heliyon,Prognostic signature of colorectal cancer based on uric acid-related genes,13,0,0,1,0,0,0,0,0,0,0,0,0,0,0,0,0,0,0,0,0,0,0,0,0,0,0,0,0,0,0,0,0,0,0,0,0,0,0,0,0.0166,0.1034,0.0769,0.3846,未分类,0,0.9230769230769232,6
SIG235,2024,Frontiers in immunology,An inflammation-related subtype classification for analyzing tumor microenvironment and clinical prognosis in colorectal cancer,6,0,0,0,0,1,0,0,0,0,0,0,0,0,0,0,0,0,0,0,0,0,0,0,1,0,0,0,0,0,0,0,0,0,0,0,1,0,0,0,0.0026,0.0063,0.0,0.6667,免疫/炎症,2,1.0,6
SIG236,2025,Discover oncology,Multi-omics analysis reveals different cholesterol metabolism subtypes in colorectal cancer,5,0,0,0,0,0,0,0,0,1,0,0,0,0,0,1,0,0,0,0,0,0,0,0,0,0,0,0,0,0,0,0,0,0,0,0,0,0,0,0,0.015,0.0313,0.2,0.4,脂代谢,1,1.0,6
SIG237,2021,Aging,Development and validation of prognostic model based on the analysis of autophagy-related genes in colon cancer,6,0,0,0,0,0,0,1,0,0,0,0,0,0,0,0,0,0,1,0,0,0,0,0,0,0,0,0,0,0,0,0,0,0,0,0,0,0,0,0,0.0084,0.0219,0.0,0.5,自噬,1,1.0,6
SIG238,2024,Discover oncology,Identification and validation of a prognostic signature based on six immune-related genes for colorectal cancer,6,0,0,0,0,0,0,0,0,0,0,0,0,0,0,0,0,0,0,0,0,0,0,0,1,0,0,0,0,0,0,0,1,0,0,0,0,0,0,0,0.0068,0.0219,0.0,0.6667,免疫/炎症,2,1.0,6
SIG239,2025,BMC cancer,Development of a novel angiogenesis-associated gene model for prognosis prediction in colorectal cancer,7,1,0,0,0,0,0,0,0,0,0,0,0,0,0,0,0,0,0,0,0,0,0,0,0,0,0,0,1,0,0,0,0,0,0,0,0,0,0,0,0.0148,0.0408,0.1429,0.2857,血管生成,1,1.0,6
SIG240,2025,Scientific reports,Oxidative stress gene expression in ulcerative colitis: implications for colon cancer biomarker discovery,6,0,0,1,0,0,0,0,0,0,0,0,0,0,0,0,0,0,0,0,0,0,0,0,0,0,0,0,0,0,0,0,0,0,0,0,0,0,0,0,0.0287,0.1034,0.3333,0.3333,未分类,0,1.0,6
SIG241,2025,Frontiers in oncology,Identification of a signature gene set for oxaliplatin sensitivity prediction in colorectal cancer,4,0,0,0,0,0,0,0,0,0,0,0,0,0,0,0,0,0,0,0,0,0,0,0,0,0,0,0,0,0,0,0,0,0,0,0,0,0,0,0,0.0008,0.0031,0.0,1.0,未分类,0,1.0,6
SIG242,2024,Scientific reports,Comprehensive analyses of solute carrier family members identify SLC12A2 as a novel therapy target for colorectal cancer,6,0,0,0,0,0,0,0,0,0,0,0,0,0,0,0,0,0,0,0,0,0,0,0,0,0,0,0,0,0,0,0,0,0,0,0,0,0,0,0,0.0078,0.0345,0.1667,0.6667,未分类,0,1.0,6
SIG243,2024,BMC genomics,Development and validation of epigenetic modification-related signals for the diagnosis and prognosis of colorectal cancer,8,0,0,0,0,0,0,0,0,0,0,0,0,0,0,0,0,0,0,0,0,0,0,0,0,0,0,0,0,0,0,0,0,0,0,0,1,0,0,0,0.0012,0.0063,0.0,0.875,表观/染色质,1,1.0,6
SIG244,2024,Scientific reports,Disulfidptosis-related prognostic signature correlates with immunotherapy response in colorectal cancer,13,0,0,0,0,0,0,0,0,0,0,0,1,0,0,0,0,0,0,0,0,0,0,0,1,0,0,0,0,0,0,0,0,0,0,0,0,0,0,0,0.0043,0.0188,0.0,0.6923,免疫/炎症,1,1.0,6
SIG245,2026,"Open medicine (Warsaw, Poland)",Comprehensive analysis of m6A RNA methylation regulators for prognostic risk stratification and immune microenvironment characterization in colorectal cancer,3,0,0,0,0,0,0,0,0,0,0,1,0,0,0,0,0,0,0,0,0,1,0,0,1,0,0,0,0,0,0,0,0,0,0,0,1,0,0,0,0.0052,0.0094,0.0,0.3333,m6A甲基化,3,1.0,6
SIG246,2025,Translational gastroenterology and hepatology,Development of a novel prognostic prediction model using mitochondrial-related genes and single-cell sequencing data for colorectal carcinoma,5,0,0,0,0,0,0,0,1,0,0,0,0,0,0,0,0,0,0,0,0,0,0,0,0,0,1,0,0,0,0,0,0,0,0,0,0,0,0,0,0.01,0.0251,0.0,0.4,线粒体,1,1.0,6
SIG247,2025,Translational cancer research,Molecular dynamics simulation and single-cell and spatial transcriptomics validate immune and prognostic biomarkers in colorectal cancer and construct a clinical prognostic model,3,0,0,0,0,0,0,0,1,0,0,0,0,0,0,0,0,0,0,0,0,0,0,0,1,0,0,0,0,0,0,0,0,0,0,0,0,0,0,0,0.0219,0.0376,0.3333,0.0,免疫/炎症,1,1.0,6
SIG248,2026,Frontiers in oncology,The potential of mitochondrial permeability transition-driven necrosis-related genes in prognostic evaluation of colorectal cancer patients,5,0,0,0,0,0,0,0,0,0,0,0,0,0,0,0,0,0,0,0,0,0,0,0,0,0,1,0,0,0,0,0,0,0,0,0,0,0,0,0,0.005,0.0188,0.0,0.8,线粒体,1,1.0,6
SIG249,2025,Frontiers in immunology,CD47 expression in solid tumors correlates with phagocytic tumor-associated macrophage gene signature,4,0,0,0,0,0,0,0,0,0,0,0,0,0,0,0,0,0,0,0,0,0,0,0,1,0,0,0,0,0,0,0,0,0,0,0,0,0,0,0,0.0031,0.0125,0.0,0.75,免疫/炎症,1,1.0,6
SIG250,2025,Frontiers in pharmacology,Integrated network pharmacology and experimental verification to reveal the mechanisms of curcumin in the treatment of colorectal cancer,4,0,0,0,0,0,0,0,0,0,0,1,0,0,0,0,0,0,0,0,0,0,0,0,1,0,0,0,0,0,0,0,0,0,0,0,0,0,0,0,0.0196,0.0345,0.5,0.25,免疫/炎症,1,1.0,6
SIG251,2024,Discover oncology,Predictive role of oxidative stress-related genes in colon cancer: a retrospective cohort study based on The Cancer Genome Atlas,14,0,0,0,0,0,0,0,0,0,0,0,0,0,0,0,0,0,0,0,0,0,0,0,0,0,0,0,0,0,0,0,0,0,0,0,0,0,0,0,0.0074,0.0345,0.0714,0.6429,未分类,0,0.9285714285714287,6
SIG252,2024,Frontiers in immunology,Chemokine family significance and prognostic value in colorectal cancer,3,0,0,0,0,0,0,0,0,0,0,1,0,0,0,0,0,0,0,0,0,0,0,0,1,0,0,0,0,0,0,0,0,0,0,0,0,0,0,0,0.0136,0.0408,0.3333,0.6667,免疫/炎症,1,1.0,6
SIG253,2024,Journal of cancer research and clinical oncology,Identification of a distinctive immunogenomic gene signature in stage-matched colorectal cancer,3,0,0,0,0,0,0,0,1,0,0,0,0,0,0,0,0,0,0,0,0,0,0,0,1,0,0,0,0,0,0,0,0,0,0,0,0,0,0,0,0.0052,0.0157,0.0,0.6667,免疫/炎症,1,1.0,6
SIG254,2025,Cancer management and research,Advancing Prognostic Accuracy Beyond Classical N Staging in Colorectal Cancer: An Observational Cohort Study to Define a Lymph Node Ratio Based Risk Score,3,0,0,0,0,0,0,0,0,0,0,0,0,0,0,0,0,0,0,0,0,0,0,0,0,0,0,0,0,0,0,0,0,0,0,0,0,0,0,0,0.0042,0.0063,0.0,0.6667,未分类,0,1.0,6
SIG255,2025,Translational oncology,The KRAS-G12D mutation drives venous thromboembolism (VTE) and colorectal cancer progression via MAPK/ERK signaling,3,1,1,0,0,0,0,0,0,0,0,0,0,0,0,0,0,0,0,0,0,0,0,0,0,0,0,0,0,0,0,0,0,0,0,0,0,0,0,0,0.0031,0.0063,0.0,0.6667,未分类,0,0.6666666666666666,6
SIG256,2025,Clinical and experimental medicine,Integrate bulk RNA and single-cell sequencing to identify prognostic genes associated with dietary restriction and circadian rhythm in colorectal cancer and conduct experimental verification,5,0,0,0,0,0,0,1,1,0,0,0,0,0,0,0,0,0,0,0,0,0,0,0,0,0,0,0,0,0,0,0,0,0,0,0,0,0,0,1,0.0207,0.0408,0.6,0.4,昼夜/节律,1,1.0,6
SIG257,2025,Human vaccines & immunotherapeutics,The construction of a prognostic nomogram model for colorectal cancer and the prediction of immune characteristics and immune treatment responses based on the bioinformatics analysis of soluble mediator-related genes,4,0,0,0,0,0,0,1,0,0,0,0,1,0,0,0,0,0,0,0,0,0,0,0,1,0,0,0,0,0,0,0,0,0,0,0,0,0,0,0,0.0008,0.0031,0.0,1.0,免疫/炎症,1,0.75,6
SIG258,2022,Evidence-based complementary and alternative medicine : eCAM,A Novel Pyroptosis-Associated Gene Signature to Predict Prognosis in Patients with Colorectal Cancer,6,0,0,0,0,0,0,0,0,0,0,0,0,0,0,0,0,0,0,1,0,0,0,0,0,0,0,0,0,0,0,0,0,0,0,0,0,0,0,0,0.0021,0.0063,0.0,0.6667,焦亡,1,0.6666666666666666,6
SIG259,2024,Translational cancer research,Identification and validation of endoplasmic reticulum stress-related genes that enhance immunotherapy in colon cancer,6,0,0,0,0,0,0,0,0,0,0,0,0,0,0,0,0,0,0,0,0,0,0,0,1,0,0,1,0,0,0,0,0,0,0,0,0,1,0,0,0.0136,0.0376,0.3333,0.5,免疫/炎症,3,0.8333333333333334,6
SIG260,2022,Frontiers in genetics,"Exploring the Relationship Between Senescence and Colorectal Cancer in Prognosis, Immunity, and Treatment",5,1,0,1,0,0,0,0,0,0,0,0,0,0,0,0,0,0,0,0,0,0,0,0,1,0,0,0,0,0,1,0,0,0,0,0,0,0,0,0,0.0088,0.0157,0.0,0.4,免疫/炎症,2,1.0,6
SIG261,2023,International journal of general medicine,Identification of Hypoxia-Associated Signature in Colon Cancer to Assess Tumor Immune Microenvironment and Predict Prognosis Based on 14 Hypoxia-Associated Genes,14,1,0,0,0,0,0,0,0,0,0,1,0,0,1,0,0,0,0,0,0,0,0,0,1,0,0,0,0,0,0,0,0,0,0,0,0,0,0,0,0.0134,0.0376,0.1429,0.2857,缺氧,2,1.0,6
SIG262,2025,Oncology letters,Comprehensive analysis of a palmitoylation-related prognostic signature in colorectal cancer: Implications for immune therapy and personalized treatment,6,0,0,0,0,0,0,0,0,0,0,0,0,0,0,0,0,0,0,0,0,0,0,0,1,0,0,0,0,0,0,0,0,0,0,0,0,0,0,0,0.0068,0.0313,0.1667,0.6667,免疫/炎症,1,1.0,6
SIG263,2022,Frontiers in immunology,A novel enterocyte-related 4-gene signature for predicting prognosis in colon adenocarcinoma,4,0,0,0,0,0,0,0,0,0,0,0,0,0,0,0,0,0,0,0,0,0,0,0,0,0,0,0,0,0,0,0,0,0,0,0,0,0,0,0,0.0031,0.0063,0.0,0.75,未分类,0,1.0,6
SIG264,2025,Clinical and experimental medicine,Identification of a metabolic-immune signature associated with prognosis in colon cancer and exploration of potential predictive efficacy of immunotherapy response,6,0,0,0,0,0,0,0,0,0,0,0,1,0,0,0,0,0,0,0,0,0,0,0,1,1,0,0,0,0,0,0,0,0,0,0,0,0,0,0,0.0214,0.0376,0.3333,0.1667,免疫/炎症,2,1.0,6
SIG265,2025,Biological procedures online,FNDC5 and ACOX1 as Biomarkers of Peroxisomal Activity with Contrast Outcomes in Colon Adenocarcinoma,7,0,0,0,0,0,0,0,0,0,0,0,0,0,0,0,0,0,0,0,0,0,0,0,0,0,0,0,0,0,0,0,0,0,0,0,0,0,0,0,0.0031,0.0157,0.0,0.7143,未分类,0,1.0,6
SIG266,2024,Scientific reports,Construction and verification of a histone deacetylases-related prognostic signature model for colon cancer,5,0,0,0,0,0,0,0,0,0,0,0,0,0,0,0,0,0,0,0,0,0,0,0,0,0,0,0,0,0,0,0,0,0,0,0,1,0,0,0,0.0013,0.0031,0.0,1.0,表观/染色质,1,1.0,6
SIG267,2022,Frontiers in genetics,Identification of a novel lipid metabolism-related gene signature for predicting colorectal cancer survival,11,0,0,0,0,0,0,0,0,0,0,0,0,0,0,1,0,0,0,0,0,0,0,0,0,1,0,0,0,0,0,0,0,0,0,0,0,0,0,0,0.0111,0.0408,0.0909,0.4545,脂代谢,2,1.0,6
SIG268,2024,BMC medical genomics,Identification of a novel lymphangiogenesis signature associated with immune cell infiltration in colorectal cancer based on bioinformatics analysis,6,1,1,0,0,0,0,0,0,0,0,1,0,0,0,0,0,0,0,0,0,0,0,0,1,0,0,0,1,0,0,0,0,0,0,0,0,0,0,0,0.0031,0.0063,0.0,0.6667,免疫/炎症,2,1.0,6
SIG269,2025,Cell death & disease,PLIN2 promotes colorectal cancer progression through CD36-mediated epithelial-mesenchymal transition,3,0,0,0,0,0,0,0,0,0,0,0,0,0,0,0,0,0,0,0,0,0,0,0,0,0,0,0,0,0,0,0,1,0,0,0,0,0,0,0,0.0,0.0,0.0,1.0,EMT/转移,1,1.0,6
SIG270,2023,Frontiers in cell and developmental biology,Neurotransmitter receptor-related gene signature as potential prognostic and therapeutic biomarkers in colorectal cancer,4,0,0,0,0,1,1,0,0,0,0,0,0,0,0,0,0,0,0,0,0,0,0,0,0,0,0,0,0,0,0,0,0,0,0,0,0,0,0,0,0.0031,0.0125,0.0,0.75,未分类,0,1.0,6
SIG271,2025,International journal of molecular sciences,Identification of Colorectal Cancer-Related RNA Markers from Whole Blood Using Integrated Bioinformatics Analysis,5,0,0,0,0,0,0,0,0,0,0,0,0,0,0,0,0,0,0,0,0,0,0,0,1,0,0,0,0,0,0,0,0,0,0,0,0,0,0,0,0.0006,0.0031,0.0,1.0,免疫/炎症,1,1.0,6
SIG272,2025,PeerJ,Transformative insights from transcriptome analysis of colorectal cancer patient tissues: identification of four key prognostic genes,4,0,0,0,0,0,0,0,0,0,0,0,0,0,0,0,0,0,0,0,0,0,0,0,0,0,0,0,0,0,0,0,0,0,0,0,0,0,0,0,0.0024,0.0063,0.0,0.75,未分类,0,1.0,6
SIG273,2023,Translational cancer research,Extracellular matrix-based gene signature for predicting prognosis in colon cancer and immune microenvironment,4,0,0,1,0,0,0,0,0,0,0,1,0,0,0,0,0,0,0,0,0,0,0,0,1,0,0,0,0,0,0,0,0,0,0,0,0,0,0,0,0.011,0.0408,0.25,0.75,免疫/炎症,1,1.0,6
SIG274,2023,Frontiers in oncology,A pyroptosis-related gene signature that predicts immune infiltration and prognosis in colon cancer,8,1,0,0,0,0,0,0,0,0,0,1,0,0,0,0,0,0,0,1,0,0,0,0,1,0,0,0,0,0,0,0,0,0,0,0,0,0,0,0,0.0153,0.0408,0.25,0.25,焦亡,2,1.0,6
SIG275,2025,Frontiers in immunology,Identification of a coagulation-related classification and signature that predict disease heterogeneity for colorectal cancer and pan-cancer patients,4,0,0,0,0,0,0,0,0,0,0,1,1,0,0,0,0,0,0,0,0,0,0,0,1,0,0,0,0,0,0,0,0,0,0,0,0,0,0,0,0.0298,0.1034,0.25,0.5,免疫/炎症,1,1.0,6
SIG276,2025,Discover oncology,Immune gene features and prognosis in colorectal cancer: insights from ssGSEA typing,12,0,0,0,0,0,0,0,0,0,0,0,0,0,0,0,0,0,0,0,0,0,0,0,1,0,0,0,0,0,0,0,0,0,0,0,0,0,0,0,0.0086,0.0408,0.0833,0.6667,免疫/炎症,1,1.0,6
SIG277,2022,BMC bioinformatics,Novel six-gene prognostic signature based on colon adenocarcinoma immune-related genes,6,0,0,0,0,0,1,0,0,0,0,0,0,0,0,0,0,0,0,0,0,0,0,0,1,0,0,0,0,0,0,0,0,0,0,0,0,0,0,0,0.0089,0.0282,0.1667,0.5,免疫/炎症,1,1.0,6
SIG278,2024,"Cancer reports (Hoboken, N.J.)",The exploration of mitochondrial-related features helps to reveal the prognosis and immunotherapy methods of colorectal cancer,5,0,0,0,0,0,0,0,0,0,0,0,0,0,0,0,0,0,0,0,0,0,0,0,1,0,1,0,0,0,0,0,1,0,0,0,0,0,0,0,0.0132,0.0313,0.2,0.4,免疫/炎症,3,1.0,6
SIG279,2022,Frontiers in genetics,Exploration of Reduced Mitochondrial Content-Associated Gene Signature and Immunocyte Infiltration in Colon Adenocarcinoma by an Integrated Bioinformatic Analysis,7,1,0,0,0,0,0,0,0,0,0,0,0,0,0,0,0,0,0,0,0,0,0,0,1,0,1,0,0,0,0,0,0,0,0,0,0,0,0,0,0.004,0.0219,0.0,0.8571,免疫/炎症,2,1.0,6
SIG280,2024,Translational cancer research,Construction and validation of prognostic model for colorectal mucinous adenocarcinoma patients and identification of a new prognosis related gene <i>FAM174B</i>,4,0,0,0,0,0,0,0,0,0,0,0,0,0,0,0,0,0,0,0,0,0,0,0,0,0,0,0,0,0,0,0,0,0,0,0,0,0,0,0,0.0,0.0,0.0,1.0,未分类,0,1.0,6
SIG281,2025,Current issues in molecular biology,Identification and Validation of a Macrophage Phagocytosis-Related Gene Signature for Prognostic Prediction in Colorectal Cancer (CRC),4,0,0,0,0,0,0,0,0,0,0,0,0,0,0,0,0,0,0,0,0,0,0,0,1,0,0,0,0,0,0,0,0,0,0,0,0,0,0,0,0.0063,0.0251,0.0,0.75,免疫/炎症,1,1.0,6
SIG282,2023,Frontiers in surgery,A novel strategy for precise prognosis management and treatment option in colon adenocarcinoma with TP53 mutations,16,0,0,0,0,0,0,0,0,0,0,0,0,0,0,0,0,0,0,0,0,0,0,0,0,0,0,0,0,0,0,0,0,0,0,0,0,0,0,0,0.0006,0.0063,0.0,0.9375,未分类,0,1.0,6
SIG283,2022,Scientific reports,A mitophagy-related gene signature associated with prognosis and immune microenvironment in colorectal cancer,10,0,0,0,0,0,0,0,0,0,0,1,0,0,0,0,0,0,0,0,0,0,0,0,1,0,0,0,0,0,0,0,0,0,0,0,0,0,0,0,0.0,0.0,0.0,1.0,免疫/炎症,1,1.0,6
SIG284,2023,Journal of Cancer,A Prognostic Model of Angiogenesis and Neutrophil Extracellular Traps Related Genes Manipulating Tumor Microenvironment in Colon Cancer,3,0,0,0,0,0,0,0,0,0,0,0,0,1,0,0,0,0,0,0,0,0,0,0,1,0,0,0,1,0,0,0,0,0,0,0,0,0,0,0,0.0554,0.1034,0.6667,0.0,NETs中性粒细胞胞外诱捕网,3,1.0,6
SIG285,2024,Scientific reports,In-depth analysis of lymph node metastasis-related sialylated protein profiling and their clinical and biological significance in colorectal cancer using mass spectrometry and multi-omics technologies,9,1,0,0,0,0,0,0,0,0,0,1,0,0,0,0,0,0,0,0,0,0,0,0,1,0,0,0,0,0,0,0,1,0,0,0,0,0,0,0,0.0052,0.0188,0.0,0.6667,免疫/炎症,2,1.0,6
SIG286,2024,Heliyon,The prognostic model and immune landscape based on cancer-associated fibroblast features for patients with locally advanced rectal cancer,5,0,0,0,0,0,0,0,0,0,0,0,0,0,0,0,0,0,0,0,0,0,0,1,1,0,0,0,0,0,0,0,0,0,0,0,0,0,0,0,0.0019,0.0063,0.0,0.8,CAF成纤维细胞,2,1.0,6
SIG287,2022,Vaccines,Integration of Bulk and Single-Cell RNA-Seq Data to Construct a Prognostic Model of Membrane Tension-Related Genes for Colon Cancer,3,0,0,0,0,0,0,0,1,0,0,0,0,0,0,0,0,0,0,0,0,0,0,0,0,0,0,0,0,0,0,0,0,0,0,0,0,0,0,0,0.0387,0.1034,0.3333,0.3333,未分类,0,1.0,6
SIG288,2025,Human mutation,AIF1L as a Ferroptosis-Linked Biomarker in Microsatellite States-Driven Colorectal Cancer: Functional and Diagnostic Insights From Multiomics Analysis,5,0,0,0,0,0,0,0,0,0,0,0,0,0,0,0,1,0,0,0,0,0,0,0,0,0,0,0,0,0,0,0,0,0,0,0,0,0,0,0,0.01,0.0251,0.0,0.6,铁死亡,1,1.0,6
SIG289,2024,Heliyon,Identification and validation of a novel 17 coagulation-related genes signature for predicting prognostic risk in colorectal cancer,17,0,1,0,1,0,0,0,0,0,0,0,0,0,0,0,0,0,0,0,0,0,0,0,0,0,0,0,0,0,0,0,0,0,0,0,0,0,0,0,0.0052,0.0251,0.0,0.7059,未分类,0,0.9411764705882354,6
SIG290,2023,Frontiers in oncology,Establishment and validation of a ferroptosis-related signature predicting prognosis and immunotherapy effect in colon cancer,3,1,0,1,0,0,0,0,0,0,0,0,0,0,0,0,1,0,0,0,0,0,0,0,1,0,0,0,0,0,0,0,0,0,0,0,0,0,0,0,0.0313,0.0533,0.6667,0.3333,铁死亡,2,1.0,6
SIG291,2024,International journal of medical sciences,Construction and Validation of Novel Ferroptosis-related Risk Score Signature and Prognostic Prediction Nomogram for Patients with Colorectal Cancer,3,0,0,0,0,0,0,1,0,0,0,0,0,0,0,0,1,0,0,0,0,0,0,0,0,0,0,0,0,0,0,0,0,0,0,0,0,0,0,0,0.023,0.0533,0.3333,0.0,铁死亡,1,1.0,6
SIG292,2024,Nature communications,Plasma proteomic and polygenic profiling improve risk stratification and personalized screening for colorectal cancer,15,1,0,0,0,0,0,0,0,0,0,0,0,0,0,0,0,0,0,0,0,0,0,0,0,0,0,0,0,0,0,0,0,0,0,0,0,0,0,0,0.0006,0.0031,0.0,1.0,未分类,0,0.9333333333333335,6
SIG293,2023,Frontiers in oncology,Construction of a prognostic signature associated with liver metastases for prognosis and immune response prediction in colorectal cancer,7,1,1,0,0,0,0,0,0,0,0,0,0,0,0,0,0,0,0,0,0,0,0,0,1,0,0,0,0,0,0,0,1,0,0,0,0,0,0,0,0.0085,0.0345,0.1429,0.5714,免疫/炎症,2,0.8571428571428571,6
SIG294,2023,Frontiers in oncology,Construction of a DDR-related signature for predicting of prognosis in metastatic colorectal carcinoma,4,0,0,0,0,0,0,0,0,0,0,0,0,0,0,0,0,0,0,0,0,0,0,0,0,0,0,0,0,0,0,0,0,0,0,0,0,0,0,0,0.0008,0.0031,0.0,1.0,未分类,0,1.0,6
SIG295,2025,Scientific reports,Development of a prognostic prediction model based on damage-associated molecular pattern for colorectal cancer applying bulk RNA-seq analysis,9,0,0,0,0,0,0,0,0,0,0,0,0,0,0,0,0,0,0,0,0,0,0,0,0,0,0,0,0,0,0,0,0,0,1,0,0,0,0,0,0.0101,0.0408,0.2222,0.6667,细胞周期/增殖,1,0.7777777777777778,6
SIG296,2021,World journal of surgical oncology,Identification of a prognostic gene signature of colon cancer using integrated bioinformatics analysis,11,0,0,0,0,0,1,0,0,0,0,0,0,0,0,0,0,0,0,0,0,0,0,0,0,0,0,0,0,0,0,0,0,0,0,0,0,0,0,0,0.0066,0.0313,0.0909,0.4545,未分类,0,1.0,6
SIG297,2025,Communications biology,Cancer-associated fibroblasts shape the formation of budding cancer cells at the invasive front of human colorectal cancer,11,0,0,0,0,0,0,0,0,0,0,0,0,0,0,0,0,0,0,0,0,0,0,1,0,0,0,0,0,0,0,0,1,0,0,0,0,0,0,0,0.0,0.0,0.0,1.0,CAF成纤维细胞,2,1.0,6
SIG298,2022,Frontiers in public health,A Prognostic Model for Colon Adenocarcinoma Patients Based on Ten Amino Acid Metabolism Related Genes,9,0,0,0,0,0,0,0,0,0,0,0,0,0,0,0,0,0,0,0,0,0,0,0,0,0,0,0,0,0,0,0,0,1,0,0,0,0,0,0,0.0052,0.0094,0.0,0.3333,氨基酸代谢,1,1.0,6
SIG300,2022,BioMed research international,Identification of a 5-Nutrient Stress-Sensitive Gene Signature to Predict Survival for Colorectal Cancer,5,0,0,0,0,0,0,0,0,0,0,0,0,0,0,0,0,0,0,0,0,0,0,0,0,0,0,0,0,0,0,0,0,0,0,0,0,0,0,0,0.0013,0.0063,0.0,0.8,未分类,0,1.0,6
SIG301,2024,Translational cancer research,Construction of a new prognostic model for colorectal cancer based on bulk RNA-seq combined with The Cancer Genome Atlas data,7,1,0,0,0,0,0,0,0,0,0,0,0,0,0,0,0,0,0,0,0,0,0,0,1,0,0,0,0,0,0,0,0,0,0,0,0,0,0,0,0.0058,0.0125,0.0,0.5714,免疫/炎症,1,1.0,6
SIG302,2024,BMC cancer,Constructing a prognostic model for colon cancer: insights from immunity-related genes,6,1,1,0,0,0,0,0,0,0,0,0,0,0,0,0,0,0,0,0,0,0,0,0,1,0,0,0,0,0,0,0,0,0,0,0,0,0,0,0,0.0047,0.0157,0.0,0.6667,免疫/炎症,1,1.0,6
SIG303,2024,World journal of gastrointestinal oncology,Four centrosome-related genes to predict the prognosis and drug sensitivity of patients with colon cancer,3,0,0,0,0,0,0,0,0,0,0,0,1,0,0,0,0,0,0,0,0,0,0,0,0,0,0,0,0,0,0,0,0,0,0,0,0,0,0,0,0.0031,0.0031,0.0,1.0,未分类,0,1.0,6
SIG304,2024,Functional & integrative genomics,"Targeting nucleotide metabolic pathways in colorectal cancer by integrating scRNA-seq, spatial transcriptome, and bulk RNA-seq data",4,0,0,0,0,0,0,0,1,0,0,0,0,0,0,0,0,0,0,0,0,0,0,0,1,1,0,0,0,0,0,0,0,0,0,0,0,0,0,0,0.0165,0.0251,0.0,0.0,免疫/炎症,2,1.0,6
SIG305,2025,Discover oncology,ZNF385A was identified as a novel colorectal cancer-related functional gene by analysis of the interaction and immune characteristics of oxidative stress and the inflammatory response,7,0,0,0,0,0,0,0,0,0,0,0,0,0,0,0,0,0,0,0,0,0,0,0,1,0,0,0,0,0,0,0,0,0,0,0,0,0,0,0,0.0139,0.0345,0.1429,0.1429,免疫/炎症,1,1.0,6
SIG306,2022,Disease markers,A Novel Pyroptosis-Related Prognostic Signature for Risk Stratification and Clinical Prognosis in Clear Cell Renal Cell Carcinoma,11,0,0,0,0,0,0,1,0,0,0,0,0,0,0,0,0,0,0,1,0,0,0,0,0,0,0,0,0,0,0,0,0,0,0,0,0,0,0,0,0.0026,0.0125,0.0,0.8182,焦亡,1,1.0,6
SIG307,2024,Scientific reports,Identification of a novel macrophage-related prognostic signature in colorectal cancer,13,0,0,0,0,0,0,0,0,0,0,0,0,0,0,0,0,0,0,0,0,0,0,0,1,0,0,0,0,0,0,0,0,0,0,0,0,0,0,0,0.0224,0.1034,0.3077,0.2308,免疫/炎症,1,1.0,6
SIG308,2023,Medicine,CAF signature predicts the prognosis of colorectal cancer patients: A retrospective study based on bulk RNA sequencing and single-cell RNA sequencing data,5,1,0,0,0,0,0,0,1,0,0,0,0,0,0,0,0,0,0,0,0,0,0,0,0,0,0,0,0,0,0,0,0,0,0,0,0,0,0,0,0.0069,0.0188,0.0,0.4,未分类,0,1.0,6
SIG309,2025,Biomedicines,Migrasome-Related Genes as Potential Prognosis and Immunotherapy Response Predictors for Colorectal Cancer,3,0,0,0,0,0,0,0,0,0,0,0,1,0,0,0,0,0,0,0,0,0,0,0,1,0,0,0,0,0,0,0,0,0,0,0,0,0,1,0,0.0408,0.1034,0.3333,0.0,免疫/炎症,2,1.0,6
SIG310,2024,Translational oncology,Comprehensive analysis and experimental verification of the mechanism of action of T cell-mediated tumor-killing related genes in Colon adenocarcinoma,4,0,0,0,0,0,0,0,0,0,0,0,0,0,0,0,0,0,0,0,0,0,0,0,0,0,0,0,0,0,0,0,0,0,0,0,0,0,0,0,0.0251,0.0408,0.25,0.0,未分类,0,1.0,6
SIG311,2023,Scientific reports,Integrated single-cell and bulk RNA sequencing analysis identifies a prognostic signature related to ferroptosis dependence in colorectal cancer,5,1,1,0,0,0,0,0,1,0,0,0,0,0,0,0,1,0,0,0,0,0,0,0,0,0,0,0,0,0,0,0,0,0,0,0,0,0,0,0,0.0301,0.1034,0.4,0.4,铁死亡,1,0.7999999999999999,6
SIG312,2024,Frontiers in oncology,"Identification of a basement membrane-related gene signature for predicting prognosis, immune infiltration, and drug sensitivity in colorectal cancer",9,0,0,0,0,0,0,0,0,0,0,1,1,0,0,0,0,0,0,0,0,0,0,0,1,0,0,0,0,0,0,0,0,0,0,0,0,0,0,0,0.0181,0.1034,0.2222,0.5556,免疫/炎症,1,1.0,6
SIG313,2024,Biomedicines,Multi-Algorithm-Integrated Tertiary Lymphoid Structure Gene Signature for Immune Landscape Characterization and Prognosis in Colorectal Cancer Patients,3,0,0,0,0,0,0,0,0,0,0,0,1,0,0,0,0,0,0,0,0,0,0,0,1,0,0,0,0,0,0,0,0,0,0,0,0,0,0,0,0.0063,0.0157,0.0,0.6667,免疫/炎症,1,1.0,6
SIG314,2023,Cancers,Proteome-Wide Analysis Reveals TFEB Targets for Establishment of a Prognostic Signature to Predict Clinical Outcomes of Colorectal Cancer,8,1,0,0,0,0,0,0,0,0,0,0,0,0,0,0,0,0,0,0,0,0,0,0,0,1,0,0,0,0,0,0,0,0,0,0,0,0,0,0,0.0161,0.1034,0.125,0.625,糖酵解/代谢重编程,1,0.875,6
SIG315,2024,Heliyon,Classification of molecular subtypes for colorectal cancer and development of a prognostic model based on necroptosis-related genes,8,0,0,0,0,0,0,0,0,0,0,0,0,0,0,0,0,0,0,0,0,0,0,0,1,0,0,0,0,0,0,0,0,0,0,0,0,0,0,0,0.0031,0.0188,0.0,0.875,免疫/炎症,1,1.0,6
SIG316,2025,Discover oncology,Meta_B cells: a computationally identified candidate immunosuppressive driver of gastric cancer metastasis revealed by single-cell analysis and machine learning,10,1,0,0,0,1,0,0,1,0,0,0,0,0,0,0,0,0,0,0,0,0,0,0,1,0,0,0,0,0,0,0,1,0,0,0,0,0,0,0,0.0,0.0,0.0,1.0,免疫/炎症,2,1.0,6
SIG317,2023,IET systems biology,A novel investigation into an E2F transcription factor-related prognostic model with seven signatures for colon cancer patients,7,0,0,0,0,0,0,0,0,0,0,0,0,0,0,0,0,0,0,0,0,0,0,0,0,0,0,0,0,0,0,0,0,0,0,0,0,0,0,0,0.0085,0.0533,0.1429,0.7143,未分类,0,1.0,6
SIG318,2020,Frontiers in oncology,Development and Clinical Validation of a Novel 4-Gene Prognostic Signature Predicting Survival in Colorectal Cancer,4,0,0,0,0,0,0,0,0,0,0,0,0,0,0,0,0,0,0,0,0,0,0,0,0,0,0,0,0,0,0,0,0,0,0,0,0,0,0,0,0.0063,0.0251,0.0,0.75,未分类,0,1.0,6
SIG319,2022,Frontiers in surgery,A novel prognostic model based on urea cycle-related gene signature for colorectal cancer,8,1,0,0,0,0,0,0,0,0,0,0,0,0,0,0,0,0,0,0,0,0,0,0,0,0,0,0,0,0,0,0,0,0,0,0,0,0,0,0,0.0341,0.1034,0.625,0.25,未分类,0,1.0,6
SIG320,2023,Aging,Integrating scRNA-seq and bulk RNA-seq to characterize infiltrating cells in the colorectal cancer tumor microenvironment and construct molecular risk models,8,0,0,1,0,0,0,0,0,0,0,0,0,0,0,0,0,0,0,0,0,0,0,0,0,0,0,0,0,0,0,0,0,0,0,0,0,0,0,0,0.0114,0.0313,0.125,0.25,未分类,0,1.0,6
SIG321,2024,Frontiers in oncology,Identification of key programmed cell death genes for predicting prognosis and treatment sensitivity in colorectal cancer,3,0,0,0,0,0,0,0,0,0,0,0,0,0,0,0,0,0,0,0,0,0,0,0,0,0,0,0,0,0,0,0,1,0,0,0,0,0,0,0,0.0178,0.0408,0.3333,0.3333,EMT/转移,1,1.0,6
SIG322,2024,World journal of clinical oncology,Identification and validation of a pyroptosis-related prognostic model for colorectal cancer based on bulk and single-cell RNA sequencing data,7,1,0,0,0,0,0,0,1,0,0,0,0,0,0,0,0,0,0,1,0,0,0,0,0,0,0,0,0,0,0,0,0,0,0,0,0,0,0,0,0.0045,0.0125,0.0,0.5714,焦亡,1,1.0,6
SIG323,2021,Frontiers in oncology,Identification of Five Glycolysis-Related Gene Signature and Risk Score Model for Colorectal Cancer,5,0,0,0,0,0,0,0,0,0,0,0,0,0,0,0,0,0,0,0,0,0,0,0,0,1,0,0,0,0,0,0,0,0,0,0,0,0,0,0,0.0201,0.0376,0.2,0.2,糖酵解/代谢重编程,1,1.0,6
SIG324,2023,Oncology research,Transient receptor potential channels as predictive marker and potential indicator of chemoresistance in colon cancer,3,0,0,1,0,0,0,0,0,0,0,0,0,0,0,0,0,0,0,0,0,0,0,0,0,0,0,0,0,0,0,0,0,0,0,0,0,0,0,0,0.0031,0.0063,0.0,0.6667,未分类,0,1.0,6
SIG325,2024,iScience,Experimental prognostic model integrating N6-methyladenosine-related programmed cell death genes in colorectal cancer,3,0,0,0,0,0,0,0,0,0,0,0,0,0,0,0,0,0,0,0,0,1,0,0,0,0,0,0,0,0,0,0,0,0,0,0,0,0,0,0,0.0251,0.0313,0.3333,0.0,m6A甲基化,1,1.0,6
SIG326,2021,Frontiers in genetics,A Ferroptosis-Related Gene Signature Identified as a Novel Prognostic Biomarker for Colon Cancer,9,0,0,0,0,0,0,0,0,0,0,0,0,0,0,0,1,0,0,0,0,0,0,0,0,0,0,0,0,0,0,0,0,0,0,0,0,0,0,0,0.0049,0.0345,0.1111,0.8889,铁死亡,1,1.0,6
SIG327,2024,The Turkish journal of gastroenterology : the official journal of Turkish Society of Gastroenterology,Identification of a Novel 4-gene Prognostic Model Related to Neutrophil Extracellular Traps for Colorectal Cancer,3,0,0,0,0,0,0,0,0,0,0,0,0,1,0,0,0,0,0,0,0,0,0,0,1,0,0,0,0,0,0,0,0,0,0,0,0,0,0,0,0.0,0.0,0.0,1.0,NETs中性粒细胞胞外诱捕网,2,0.6666666666666666,6
SIG328,2025,Frontiers in immunology,A multi-omic analysis reveals a predictive value of tertiary lymphoid structures in improving the prognosis of colorectal cancer patients with BRAF mutation,9,0,0,0,0,0,0,0,0,0,0,0,0,0,0,0,0,0,0,0,0,0,0,0,1,0,0,0,0,0,0,0,0,0,0,0,0,0,0,0,0.0049,0.0157,0.0,0.6667,免疫/炎症,1,1.0,6
SIG329,2022,Translational oncology,Identification of a 5-gene-based signature to predict prognosis and correlate immunomodulators for rectal cancer,5,0,0,0,0,0,0,0,0,0,0,0,0,0,0,0,0,0,0,0,0,0,0,0,1,0,0,0,0,0,0,0,0,0,0,0,0,0,0,0,0.0,0.0,0.0,1.0,免疫/炎症,1,0.7999999999999999,6
SIG330,2021,Oxidative medicine and cellular longevity,Identification of a Tumor Microenvironment-Related Gene Signature Indicative of Disease Prognosis and Treatment Response in Colon Cancer,16,0,0,0,0,0,0,0,0,0,0,0,1,0,0,0,0,0,0,0,0,0,0,0,0,0,0,0,0,0,0,0,0,0,0,0,0,0,0,0,0.0071,0.0408,0.0625,0.625,未分类,0,1.0,6
SIG331,2023,BMC cancer,A novel nomogram based on cell cycle-related genes for predicting overall survival in early-onset colorectal cancer,4,0,0,0,0,0,0,1,0,0,0,0,0,0,0,0,0,0,0,0,0,0,0,0,0,0,0,0,0,0,0,0,0,0,1,0,0,0,0,0,0.0024,0.0094,0.0,0.75,细胞周期/增殖,1,1.0,6
SIG332,2023,Translational cancer research,A WGCNA-based cancer-associated fibroblast risk signature in colorectal cancer for prognosis and immunotherapy response,3,1,0,0,0,0,1,0,0,0,0,0,1,0,0,0,0,0,0,0,0,0,0,1,1,0,0,0,0,0,0,0,0,0,0,0,0,0,0,0,0.0,0.0,0.0,1.0,CAF成纤维细胞,2,1.0,6
SIG334,2022,Human genomics,A glycolysis-related two-gene risk model that can effectively predict the prognosis of patients with rectal cancer,4,0,0,0,0,0,0,0,0,0,0,0,0,0,0,0,0,0,0,0,0,0,0,0,0,1,0,0,0,0,0,0,0,0,0,0,0,0,0,0,0.0047,0.0094,0.0,0.5,糖酵解/代谢重编程,1,1.0,6
SIG335,2022,Frontiers in bioengineering and biotechnology,Identification of the prognostic signature based on genomic instability-related alternative splicing in colorectal cancer and its regulatory network,8,0,0,0,0,0,0,0,0,0,0,0,0,0,0,0,0,0,0,0,0,0,0,0,0,0,0,0,0,0,0,0,0,0,0,0,0,0,0,0,0.0071,0.0345,0.125,0.75,未分类,0,0.875,6
SIG336,2022,Frontiers in genetics,Development of an exosome-related and immune microenvironment prognostic signature in colon adenocarcinoma,3,0,0,0,0,0,0,0,0,0,0,1,0,0,0,0,0,0,0,0,0,0,0,0,1,0,0,0,0,1,0,0,0,0,0,0,0,0,0,0,0.0136,0.0251,0.0,0.3333,免疫/炎症,2,1.0,6
SIG337,2024,Heliyon,Comparison of left- and right-sided colorectal cancer to explore prognostic signatures related to pyroptosis,4,0,0,1,0,0,0,0,0,0,0,0,0,0,0,0,0,0,0,1,0,0,0,0,0,0,0,0,0,0,0,0,0,0,0,0,0,0,0,0,0.0118,0.0408,0.25,0.5,焦亡,1,1.0,6
SIG338,2023,Frontiers in immunology,Developing an m5C regulator-mediated RNA methylation modification signature to predict prognosis and immunotherapy efficacy in rectal cancer,3,0,0,0,0,0,0,0,0,0,0,0,0,0,0,0,0,0,0,0,0,0,0,0,1,0,0,0,0,0,0,0,0,0,0,0,1,0,0,0,0.0,0.0,0.0,1.0,免疫/炎症,2,1.0,6
