sig_id,C_geo,d_rand_geo,d_clin_geo,C_rna,d_rand_rna,d_clin_rna
SIG001,0.5599959884504809,0.01675008692239361,0.016440764639959003,0.543561779650514,0.007404882885114983,-0.0006203473945409
SIG002,0.5743835329669474,0.03113763143886017,0.008540185453459628,0.533709257652745,-0.0024476391126539987,0.0008960573476702
SIG003,0.5528313917940758,0.008670485847533414,0.0106306069586878,0.521873838145991,-0.018155905316644017,0.0007582023711056
SIG004,0.5402817378296283,-0.004212356621380546,0.004739122754593386,0.593010286280828,0.05180319742223294,0.0013096222773643
SIG005,0.5448684468479715,0.0008177608968914349,0.0071927960330746,0.516854628826373,-0.02057256165571897,-0.0010339123242348
SIG006,0.572073623191396,0.027785693053344582,0.005429913061721557,0.584830834056265,0.04458421117858502,0.003377446925834
SIG007,0.5499210126286422,0.005118216877083835,0.012057587779808173,0.614078572313794,0.07160118973850604,0.0060656189688448
SIG009,0.5518132581563935,0.007762572205313416,0.0164102873511936,0.579377865906556,0.04195067542446407,0.0053763440860215
SIG010,0.5392664002410671,-0.004784285710013008,0.007334834154667072,0.513446523732805,-0.023980666749287005,-0.0011717673007996
SIG011,0.5542771860432694,0.010460290955265556,0.01101604942133159,0.510534143016483,-0.027729582352212012,-0.0001378549765646
SIG012,0.5532773438893737,0.009460448801369854,0.008875219606373901,0.551989094063701,0.013725368695005957,0.0021367521367521
SIG013,0.5365506708449829,-0.007293302141725839,0.009519903378453987,0.70182178708638,0.16061469822778496,0.0224703611800386
SIG014,0.5511029246998521,0.006300128948293697,0.010054355740360914,0.567728343041269,0.025250960465980965,0.0026192445547284
SIG015,0.5326740109996465,-0.011142884088357285,0.010767321598937743,0.55552113025158,0.017257404882884964,0.0024813895781638
SIG016,0.5437267906859248,-0.004406054171689441,0.016690287003091615,0.513136695997026,-0.041981658198042004,-0.0006203473945409
SIG018,0.5865734112845983,0.0427294382978896,0.01445855577960327,0.699529061841616,0.15832197298302098,0.0164047422111939
SIG019,0.5659517271239721,0.021638596547988418,0.02069795632515606,0.553166439459661,0.013136695997026049,0.0007582023711056
SIG020,0.546838405238742,0.002660722603062588,0.013307700946650713,0.543561779650514,0.007404882885114983,0.0011028398125172
SIG021,0.544185443160647,7.958190251297229e-06,0.014012236961158815,0.577952658321973,0.03934812244392094,0.0047559966914805
SIG022,0.5552972368909594,0.012051335362872173,0.011754686178510314,0.563204858098897,0.02704796133349796,0.0077198786876207
SIG023,0.5273665223711669,-0.01647745061554186,-0.00010807960083217127,0.595674804808527,0.05446771594993194,0.0188172043010753
SIG024,0.5639302495165621,0.01983538549841971,0.01692641744440154,0.59121328541331,0.05260874953525796,0.0010339123242348
SIG025,0.558855367522282,0.014532475329844427,0.007335433560348014,0.544181435122072,0.005329037055397001,-0.0020678246484697
SIG026,0.559049949699528,0.014061213556562693,0.005436244211797702,0.518961457429669,-0.030579997521377966,0.0033085194375517
SIG027,0.568044354891068,0.024798453362980748,0.008258057727212156,0.509356797620523,-0.026800099144876022,-0.0013096222773642
SIG028,0.599269524809974,0.05602362328188675,0.028167998282382225,0.596480356921552,0.060323460156152975,0.0061345464571271
SIG029,0.5519563169415503,0.009071202961138614,0.014230338177642814,0.55905316643946,0.02078944107076497,-0.0019988971601874
SIG030,0.5508576390258771,0.00711631394243314,0.0022347812219199285,0.576775312926013,0.03817077704796101,0.000206782464847
SIG031,0.5546804189554723,0.011434517427385025,0.011444812409983286,0.505019209319618,-0.031137687445781048,-0.0004824924179762
SIG032,0.5336726590730967,-0.010308220728575417,0.00865019812001937,0.505452968149709,-0.03584706902961898,0.0022746071133168
SIG033,0.5615377996238701,0.017487662324204005,0.01332021666003413,0.624178956500186,0.082878919320858,0.0038599393438103
SIG034,0.5729961291526843,0.029507269240769723,0.01444064320777703,0.50117734539596,-0.04083529557566001,0.0002757099531293
SIG035,0.569217879945045,0.02522019302310214,0.019566382000077587,0.538914363613831,0.0021068286032970285,0.003377446925834
SIG036,0.5422874940668692,-0.0021876227550097055,0.010284201349261357,0.579191969265089,0.040339571198414026,0.0034463744141164
SIG037,0.5698273933515942,0.024661093852891582,0.02410489501650227,0.592638492997893,0.0506258520262729,0.0022746071133168
SIG038,0.5765560457670783,0.03273915067907444,0.019237032525210956,0.579439831453712,0.041176106085016984,-0.0004135649296939
SIG039,0.5323455021337135,-0.011342159079981564,0.006668084664721173,0.528566117238815,-0.013446523732805082,0.006341328921974
SIG040,0.5702707742798251,0.02530327608290298,0.014555979176060914,0.641715206345272,0.10168546288263702,0.0121312379376896
SIG041,0.5514342618641256,0.007453382062453432,0.006962784801505385,0.662287768000991,0.12108067914239595,0.0093052109181142
SIG042,0.5676952448158282,0.023998097799446443,0.015515866197720657,0.631862684347503,0.09325814846945102,0.0042735042735042
SIG043,0.5390196028095209,-0.004668058404174121,0.005287080034429486,0.535816086256042,-0.006878175734290948,0.0006203473945409
SIG044,0.5539667402707134,0.010149845182709545,0.007137098067653329,0.604721774693271,0.066458049324576,0.0059966914805624
SIG045,0.5549341575268497,0.0108834715757696,0.009254102136655399,0.504709381583839,-0.03271780889825293,0.0004135649296939
SIG046,0.5548845176601666,0.010983308137321877,0.007329680264701642,0.561036063948445,0.022896269674061998,6.89274882823554e-05
SIG047,0.5574348448943127,0.014188943366225464,0.019851302368902358,0.536559672821911,0.00040277605651195536,-0.0010339123242348
SIG048,0.5340706119840781,-0.010252280208359443,0.0072819214131355,0.57256165571942,0.03370925765274502,0.0007582023711056
SIG049,0.5745509878876965,0.0308633266740016,0.020318782064787815,0.605713223447763,0.06370058247614296,0.0014474772539289
SIG050,0.5395945211070544,-0.0035383663416712935,0.008097083212003614,0.544986987235097,0.00684719296071401,-0.0015164047422111
SIG051,0.5618895913383055,0.018148266254861562,0.01843829857243967,0.521130251580122,-0.017474284297929965,0.0007582023711056
SIG052,0.5620374921459491,0.01680716580264788,0.019404278461283803,0.515305490147478,-0.02961953154046404,-0.0008271298593878
SIG053,0.5529578509618323,0.008907713662166139,0.011702007792881086,0.510038418639237,-0.03126161854009091,-0.0030328094844223
SIG054,0.5657467265930505,0.018829163439085583,0.024493434540497034,0.567108687569711,0.013384558185647988,0.0049627791563275
SIG055,0.566875117957974,0.02268235981948127,0.004427125269870543,0.519705043995538,-0.025529805428182062,-0.0009649848359525
SIG056,0.5193428495701389,-0.02470783638094127,0.004897536950452497,0.595550873714215,0.058123683232123025,0.0006203473945409
SIG057,0.5580583339487658,0.013770403810714451,0.018532951398247455,0.50117734539596,-0.039069277481719955,-0.0007582023711055
SIG058,0.5436982855795135,-0.0012628383107709926,0.016672987233241815,0.533523361011278,-0.011308712355930006,-0.0006203473945409
SIG059,0.5392248525998232,-0.005477577194725144,0.015312935077777643,0.550997645309208,0.010967901846573036,0.003170664460987
SIG060,0.5486644380506863,0.004414950797825866,0.008040660541473371,0.529557565993308,-0.00858222828107491,-0.0016542597187758
SIG062,0.5365319895778632,-0.009231935438280714,0.014637794091094685,0.582476143264345,0.029650514314041088,0.0010339123242348
SIG063,0.5437236799997008,-0.0012415779412265429,0.005745385833514001,0.658507869624489,0.11485314165324101,0.0081334436173146
SIG064,0.6127958731526458,0.06897897806464201,0.03361121310990313,0.6189738505391,0.08071012517040499,0.0056520540391509
SIG065,0.5472595522840973,0.00412666483537156,0.004785722138575871,0.515553352336101,-0.022586441938281965,-0.0011028398125172
SIG066,0.5507470131280562,0.006424120935618552,0.01677075359559877,0.593815838393853,0.05496344032717804,0.0044113592500689
SIG067,0.5163072736417387,-0.02682561380698702,0.004798510685472072,0.544429297310695,0.0062895030363120386,-0.0006892748828232
SIG068,0.5588858164730437,0.01640823701907544,0.017903252136898157,0.563142892551741,0.026985995786341976,-0.0010339123242348
SIG069,0.537699115978239,-0.006042209105205016,0.0040480467465988,0.688932953277977,0.15032841739992497,0.0155776123518059
SIG070,0.5541924937945925,0.010375598706588598,0.02022205146980503,0.558247614326435,0.019983888957739948,0.0068238213399504
SIG071,0.5727162714897774,0.027748773292855283,0.007636259559280186,0.520448630561408,-0.022245631428924995,-0.0003446374414115
SIG072,0.5227085362595674,-0.02112638517766858,0.001730255340281169,0.566179204362375,0.02370182178708702,6.89274882823554e-05
SIG073,0.5696836022090042,0.025351028776767443,0.009362967156052443,0.595860701449994,0.052887594497460055,0.0034463744141164
SIG074,0.5499944460940853,0.005671553901647705,0.00025184637615161394,0.547961333498575,0.009108935431900056,0.0024124620898815
SIG075,0.5758379869754361,0.030870488778513838,0.018802233208588672,0.51982897508985,-0.02286528690048295,0.0005514199062586
SIG076,0.5607358432638406,0.016447913125789287,0.017660258753456743,0.553476267195439,0.01322964431775897,0.0009649848359525
SIG077,0.5332100891264937,-0.0105312359569503,0.005074124672197615,0.535568224067418,-0.003036311810634018,0.0016542597187758
SIG078,0.5737338850827215,0.030799798935775984,0.014578743574641728,0.56977320609741,0.032346015615318024,0.0100634132892198
SIG079,0.5588744910402588,0.015741603591533,0.017949715314198117,0.580617176849672,0.04247738257528899,0.0028949545078578
SIG080,0.5353281912505818,-0.008959738887469561,0.005461221116603672,0.608129879786839,0.06788325690915897,0.0092362834298318
SIG081,0.5566459838806741,0.013513096431948424,0.014328103536146771,0.685710744825877,0.14757095055149405,0.0263992280121312
SIG082,0.599320928318411,0.055270242367330864,0.029682306935564985,0.605279464617673,0.06785227413558104,0.0073063137579266
SIG083,0.5401146998927858,-0.004217873539450848,0.012913797375748786,0.550749783120585,0.007776676168051,-0.0011028398125172
SIG084,0.5976139904597064,0.05281119470814799,0.024583946618607272,0.621948196802578,0.07947081422728997,0.011373035566584
SIG085,0.5607869440755738,0.01704561899212983,0.011587074252280515,0.582600074358657,0.043995538480605,0.0084091535704439
SIG086,0.5603785257486189,0.01724563829989315,0.014686931007885243,0.5273268062957,-0.01081298797868302,0.003997794320375
SIG087,0.5620918896853706,0.01895900223664485,0.014843543181249228,0.567294584211179,0.02915478993679599,0.0021367521367521
SIG088,0.5665134274097822,0.022462741458702005,0.021001193060588556,0.592142768620647,0.05471557813855499,0.0034463744141164
SIG089,0.5802610978479177,0.037128210399191994,0.018070713830427913,0.6066427066551,0.06850291238071704,0.0004135649296939
SIG090,0.5711768196604783,0.02793091813239103,0.02177688090811203,0.521625975957368,-0.014530920808030978,-0.0007582023711055
SIG091,0.5400222960883955,-0.0037190289950484695,0.001605064913959657,0.509852521997769,-0.028752013880283034,-0.0002067824648469
SIG093,0.5504253963909653,0.006581423404256588,0.018002658030692183,0.563886479117611,0.022679390259015997,0.0026881720430107
SIG094,0.5414348026380554,-0.002382092449948438,0.014869136680962415,0.541888709877308,0.0036249845086129273,0.003377446925834
SIG095,0.6128246252228676,0.06840369565650627,0.027220610880770112,0.619221712727723,0.07556698475647494,0.0052384891094569
SIG096,0.5547658336967494,0.010442941504311829,0.012954129258164198,0.519333250712604,-0.019519147354070898,-0.0004135649296939
SIG097,0.542635543225639,-0.0010521179880559814,0.0073235819291819,0.523856735654976,-0.018155905316644017,-0.0001378549765646
SIG098,0.5404174836530216,-0.0027154037957041505,0.009928877835824258,0.549014747800223,0.010874953525840003,-0.0004135649296939
SIG099,0.5696499977535538,0.025327105561116264,0.01592221423194373,0.620337092576528,0.08148469450985307,0.0089605734767025
SIG101,0.5429972549200764,-0.0012906752179750061,0.012779249795326842,0.524786218862313,-0.015460404015366969,0.0
SIG102,0.5418183257441845,-0.0014275757839026873,0.007960332504421156,0.546226298178213,0.010069401412813983,0.0008271298593879
SIG107,0.5473428441247002,0.0020292844024566914,0.005230920177450615,0.507249969017226,-0.035227413558062026,0.0004824924179762
SIG108,0.5432183401326698,-0.0017491580642524335,0.005704319210128141,0.534762671954393,-0.007249969017227076,0.0005514199062586
SIG109,0.570160317624839,0.026418992541394983,0.007977899689129228,0.532222084521006,-0.006382451357046071,-6.89274882823554e-05
SIG110,0.5419911371227594,-0.0018528358639494172,0.0007230850234116142,0.50954269426199,-0.03166439459660508,0.0005514199062586
SIG111,0.5448922487546412,0.0005791181786574276,0.006296069575377971,0.649460899739745,0.10943115627710998,0.0226771436448856
SIG112,0.5663023781112368,0.023056476583149594,0.0229778369573281,0.586999628206717,0.05084273144131801,0.0073063137579266
SIG113,0.5842034233909214,0.040222543589249274,0.026719472389559972,0.586379972735159,0.04507993555583101,0.0
SIG114,0.5835944289106548,0.03866239862878356,0.025718040759084553,0.547651505762796,0.005638864791175924,0.0017231872070582
SIG115,0.534640118001373,-0.008605783526714261,0.005070322655795291,0.502912380716322,-0.033244516049076966,6.89274882823554e-05
SIG116,0.5556686279185117,0.01253574046978599,0.01395789505522867,0.561221960589912,0.023082166315529062,0.0053763440860215
SIG117,0.5464008929744902,0.0031549914464030293,0.0066191759708321,0.575412070888586,0.03714834551989099,0.0046181417149159
SIG118,0.5879110707035489,0.04422340948985388,0.006571104397970514,0.513570454827116,-0.028442186144504,0.0022056796250344
SIG119,0.5494642519251769,0.005483372123504725,0.014700666170378171,0.593691907299542,0.05239187012021407,0.0036531568789632
SIG120,0.5436625951741277,-0.00015429991387614996,0.016247135040468142,0.516296938901971,-0.02196678646672401,-0.0033085194375517
SIG121,0.5485646548780266,0.0045139689269465865,0.020278312182807172,0.55552113025158,0.018093939769488032,-0.0002757099531292
SIG122,0.5518439019862657,0.007555971848214168,0.0056769542165999425,0.531974222332383,-0.008272400545296987,-0.0002067824648469
SIG124,0.6009047556259215,0.05765885409783416,0.026656674085210528,0.652497211550378,0.11634031478497897,0.0075130962227736
SIG125,0.523237692529847,-0.019647421450564702,0.005301171870437472,0.583343660924526,0.04718676415912704,0.0044802867383513
SIG126,0.5326492317970387,-0.010596669731048527,0.007105339423895157,0.554591647044243,0.016327921675547974,0.0051006341328923
SIG127,0.5577166139979427,0.013665928046862555,0.017369794053970385,0.587619283678275,0.05019209319618301,0.0051695616211745
SIG128,0.5372721647982731,-0.007050727394164442,0.0028439936439984713,0.514933696864543,-0.02391870120213191,0.0027570995312931
SIG129,0.546423117751781,0.0025791447650722926,0.01685505887416063,0.559548890816706,0.01834180195811097,0.0010339123242348
SIG130,0.5850317828450292,0.04118780985832043,0.022408471374637313,0.596790184657331,0.05558309579873599,0.0048249241797628
SIG132,0.5296936659704985,-0.012783913483469729,0.003538992488376057,0.573800966662536,0.03764406989713698,0.0064102564102563
SIG133,0.5659355777464006,0.02280269029767485,0.01811426000533614,0.600384186392366,0.06224439211798305,0.0073063137579266
SIG134,0.5411282531500492,-0.0031596769880022674,0.003814621959889257,0.500247862188623,-0.038356673689428966,-0.0005514199062586
SIG135,0.5552471746531339,0.011150485140402002,0.011176894956329063,0.546102367083901,0.00929483207336701,-0.0003446374414115
SIG136,0.5791867205933732,0.035342747606664414,0.018766176161591073,0.654604040153675,0.11339695129507998,0.0184725668596637
SIG138,0.5529719694120411,0.0098390819633154,0.021420268872274627,0.558247614326435,0.020107820052052028,0.0014474772539289
SIG139,0.5407456888743404,-0.002500212653746844,0.0017001382063141712,0.501673069773206,-0.03448382699219299,-0.0012406947890818
SIG140,0.5564790251694083,0.012428339218328168,0.008447692438482243,0.554839509232867,0.01741231875077498,-0.0012406947890818
SIG141,0.5384284635526547,-0.005312861530789311,0.0025822071361873817,0.531912256785228,-0.006692279092823994,0.0051695616211745
SIG142,0.5375873225321767,-0.0067258080438069735,0.007654574635140386,0.512207212789689,-0.027822530672946044,0.0002757099531293
SIG143,0.5890389404023116,0.044988254451231446,0.01584149874762066,0.620832816953774,0.08340562647168204,0.0022056796250344
SIG144,0.5545251572155728,0.01070826212756902,0.004485579255219486,0.584706902961953,0.046443177593258,0.0012406947890819
SIG145,0.5419468339810204,-0.0023662965949632513,0.01447430466015197,0.531912256785228,-0.008117486677406971,-6.89274882823554e-05
SIG146,0.549831755883444,0.006014860795440129,0.0003156264490356859,0.660738629322097,0.12247490395340199,0.0161290322580645
SIG147,0.5594305544068894,0.015613659318885571,0.009629049283929842,0.551741231875077,0.013477506506381909,0.0007582023711056
SIG148,0.5939740224972171,0.049879158479074724,0.024748082353751814,0.66334118230264,0.12473664642458804,0.0047559966914805
SIG149,0.5493174202198354,0.005029490081783994,0.005387675277144473,0.638492997893171,0.09988846201511903,0.0074441687344912
SIG150,0.5363952430199626,-0.007585636781709585,0.011507319333552202,0.528256289503036,-0.013043747676291906,-0.0001378549765646
SIG151,0.545107902582677,0.0008199724446256004,0.015231590958432241,0.516358904449126,-0.023887718428553972,-0.0012406947890818
SIG152,0.5300247156180953,-0.014263214519956142,-8.16325206961572e-05,0.67523856735655,0.13663403147849795,0.0238489109456852
SIG153,0.5599849478282609,0.015697017690209432,0.006218048941356365,0.514623869128764,-0.025622753748915983,-0.0011717673007996
SIG154,0.6148599879065291,0.07104309281852515,0.018240835739374288,0.561036063948445,0.022772338579749918,6.89274882823554e-05
SIG155,0.5518393706133106,0.007995397626601857,0.011825165270724759,0.536311810633288,-0.003934812244391961,0.003584229390681
SIG156,0.5530149289735665,0.009882041524840861,0.012654234834310116,0.586875697112406,0.04873590283802298,0.0030328094844224
SIG157,0.5985209645994071,0.05538807715068128,0.011241335392184358,0.629446028008427,0.091306233734044,0.0087537910118555
SIG159,0.5273680033338358,-0.01668268261724429,-0.00027183840420397123,0.554901474780022,0.017474284297930076,-0.0013785497656464
SIG161,0.5626321074414183,0.019386205913331036,0.014185452205314614,0.602367083901351,0.06621018713595195,0.0096498483595257
SIG163,0.598889388792056,0.05564348726396874,0.020532047471520126,0.68552484818441,0.14936795141901094,0.0190239867659223
SIG164,0.5853621797520107,0.04211627822392345,0.030425359307009143,0.575721898624365,0.03956500185896594,0.0060656189688448
SIG165,0.5813084371034908,0.03817554965476501,0.011112421976684484,0.610422605031602,0.07228281075721898,0.0060656189688448
SIG166,0.5487995434357467,0.004982648347742742,0.013681828847879657,0.605341430164828,0.06707770479613295,0.0137165701681832
SIG167,0.5502974503133216,0.006480555225317716,0.009105900403735828,0.51146362622382,-0.026800099144875023,-0.0002757099531292
SIG168,0.602376850849808,0.058532877863099304,0.030893834957482498,0.636757962572809,0.095550873714214,0.011373035566584
SIG169,0.5455220275463372,0.001234097408285744,0.010370022722142658,0.522431528070393,-0.017815094807287046,0.0004135649296939
SIG170,0.5540184957698587,0.00996780981877857,0.0169819395263133,0.528008427314413,-0.009418763167678978,-6.89274882823554e-05
SIG171,0.5541529556431959,0.010907054115108616,0.009139002862885501,0.599454703185029,0.06329780641963001,0.0043424317617866
SIG172,0.5298001453114382,-0.014250540639641976,0.009440295338278715,0.548085264592887,0.010658074110795002,0.0002757099531293
SIG173,0.5402943960636043,-0.002838491385121441,0.011349358377046644,0.541888709877308,0.003748915602925007,-0.0003446374414115
SIG175,0.555378433370695,0.012245545921969279,0.007812281865699186,0.512579006072624,-0.025560788201759,0.0004824924179762
SIG176,0.5513046722214884,0.007016742083436992,0.012836533260376088,0.625418267443302,0.08517164456562198,0.0077198786876207
SIG177,0.5530170153254629,0.009329354111767876,0.007761765525719286,0.557565993307721,0.015553352336101,0.0028949545078578
SIG178,0.5499421169582969,0.0061252218702930105,0.010821188005629914,0.618664022803321,0.08040029743462596,0.0077198786876207
SIG179,0.5631175381651273,0.018804407589143573,0.004731009097041243,0.540091709009791,6.196554715598435e-05,-0.0011028398125172
SIG180,0.5770570877295764,0.0339242002808507,0.0171806471700956,0.508489279960342,-0.029650514314040977,6.89274882823554e-05
SIG181,0.5881246086701726,0.04499172122144684,0.005847929113900728,0.522307596976081,-0.015832197298301987,-6.89274882823554e-05
SIG182,0.5656752409315284,0.021858345843524578,0.0174841954864162,0.558495476515058,0.020231751146362997,0.0015164047422111
SIG183,0.540530098764748,-0.0027158027633392384,0.008340744772499643,0.628640475895402,0.09248357913000294,0.0059966914805624
SIG184,0.5598393244134925,0.016022429325488603,0.0189230814550378,0.545606642706655,0.007342917337959998,-0.0005514199062586
SIG185,0.5507834301710389,0.006183093828430012,0.002847652321588385,0.614016606766638,0.06729458421117906,0.0033085194375517
SIG186,0.5957976873149844,0.05027661613894926,0.017681163495854572,0.650328417399926,0.10540339571198398,0.011993382961125
SIG187,0.5536704811304164,0.010424579602329152,0.0038911533095563285,0.517288387656463,-0.018868509108936005,-0.0002757099531292
SIG188,0.5639134817490998,0.01986279579801975,0.018249883513505157,0.521687941504523,-0.015739248977568954,-0.0003446374414115
SIG189,0.5541757029206461,0.009926215667785716,0.0103237766452276,0.551989094063701,0.013849299789318037,0.0013785497656465
SIG190,0.5653552876072457,0.021613962523801704,0.0047846671917566004,0.557504027760565,0.018899491882512942,-0.002550317066446
SIG191,0.5254636633725368,-0.018633026140195002,0.0017815328469570429,0.521440079315901,-0.015367455694633048,0.0011717673007996
SIG192,0.5339516388364788,-0.009865256251525123,0.003086144642865757,0.626037922914859,0.087774197546164,0.0091673559415494
SIG193,0.5422680567424997,-0.0014290902738820182,0.011379288043496099,0.531540463502293,-0.005886726979798973,0.0043424317617866
SIG194,0.5470736763479577,0.0030229903968775735,0.009488468585765058,0.644007931590036,0.10658074110794402,0.0073063137579266
SIG195,0.5472255776637983,0.0029124470878145736,0.013591880354282845,0.606456810013632,0.06642706655099706,0.011166253101737
SIG196,0.5744686548711171,0.0312227533430299,0.004996935795689557,0.569835171644566,0.03367827487916697,-0.0013096222773642
SIG197,0.5635693170207211,0.02068420304030944,0.0065821208895777425,0.534700706407238,-0.0014561903581610247,-0.0003446374414115
SIG198,0.5391679316589597,-0.004648963429044147,0.0036993283613850577,0.505081174866774,-0.03318255050192109,-0.0003446374414115
SIG199,0.5518024244635271,0.008669537014801412,0.0037120344460259283,0.60193332507126,0.063793530796877,0.0032395919492693
SIG200,0.5957917677659174,0.051974872677913404,0.02157709050263767,0.627834923782377,0.089571198413682,0.011373035566584
SIG201,0.5881508298242369,0.04397314718855757,0.022169861542216597,0.508551245507498,-0.027605651257901043,0.000206782464847
SIG202,0.5751706411759262,0.029828480496462424,0.01632725076602496,0.531974222332383,-0.014902714090965996,6.89274882823554e-05
SIG203,0.5432650011849429,0.00013211373621725895,0.004682899842048072,0.572499690172264,0.03435989589788102,0.0023435346015992
SIG204,0.5323463027008342,-0.011470592387169711,0.004161231528028986,0.645371173627463,0.10710744825876795,0.0153019023986767
SIG205,0.5746384822002772,0.030897157116833274,0.019299221108612857,0.599516668732185,0.060912132854132994,0.0070995312930797
SIG206,0.5435458447543657,-0.0007770474380718635,0.003091275042645271,0.531912256785228,-0.006940141281446932,0.0007582023711056
SIG207,0.5559630455178051,0.010995547320882957,0.008990172509660414,0.653426694757715,0.11073243276738198,0.0127515853322305
SIG208,0.5849385740199027,0.040843710001760285,0.0093368644098349,0.651072003965795,0.112467468087743,0.0093052109181142
SIG209,0.5495251417644276,0.0063922543157018475,0.012399955659571386,0.592204734167803,0.05406493989341998,-0.0006892748828232
SIG210,0.591873075449905,0.04690557725298287,0.022407528407679768,0.597285909034577,0.05459164704424402,0.0053763440860215
SIG211,0.5800794197434322,0.0368335182153449,0.022531326234066586,0.535134465237328,-0.0010224315280710217,-0.0003446374414115
SIG212,0.5269379821547829,-0.016878912933220858,0.008298297923501799,0.52261742471186,-0.015646300656835033,-0.0006892748828232
SIG213,0.5716966896931904,0.02856380224446469,0.023507320353382457,0.596790184657331,0.05865039038294806,0.0082712985938793
SIG214,0.5464142771038667,0.0032813896551409888,0.005559058484603914,0.603048704920064,0.06490891064568105,0.0041356492969396
SIG215,0.5517635301537301,0.00851762862564287,0.018534060915773816,0.555892923534515,0.01973602676911601,-0.0013096222773642
SIG216,0.5636938809602384,0.020447979432151136,0.02373564741905206,0.613706779030859,0.07754988226546,0.0075130962227736
SIG217,0.5519079724940306,0.007620042355979144,0.017516582471850544,0.590221836658818,0.049975213781138006,0.0013785497656465
SIG218,0.5714146759364654,0.02816877440837819,0.007001905228639743,0.576589416284546,0.04043251951914695,-0.0002757099531292
SIG219,0.5253674266879708,-0.01837389839547329,0.0001903075414950288,0.592638492997893,0.054033957119840936,-0.0005514199062586
SIG220,0.5549172177770009,0.011175892693556852,0.017456530654584915,0.585326558433511,0.046722022555458986,0.0006892748828233
SIG221,0.5541889338564207,0.010943032328333444,0.007060208163578814,0.536001982897509,-0.00015491386789001638,0.0022746071133168
SIG222,0.5423557931632469,-0.0014611019247570134,0.016616728286401615,0.556574544553229,0.018310819184533922,0.0055831265508685
SIG223,0.5233002164618686,-0.019945685066218553,0.006904244404460529,0.511339695129508,-0.024817201635890962,6.89274882823554e-05
SIG224,0.6093607204000815,0.06554382531207759,0.027052361379468728,0.631924649894659,0.09366092452596397,0.0108216156603254
SIG225,0.576119161027301,0.032986273578575295,0.0209299203020752,0.567604411946958,0.029464617672575022,0.0006203473945409
SIG226,0.5673738308717869,0.02424094342306114,0.007828965068304014,0.665138183170157,0.12898128640475803,0.01392335263303
SIG227,0.5478956347075907,0.003607704569539294,0.008739780521740143,0.522803321353328,-0.01744330152435203,0.0010339123242348
SIG228,0.5523738156188797,0.008323129667799578,0.009875157018816872,0.529991324823398,-0.00743586565869403,0.000206782464847
SIG229,0.5631332246397956,0.01988732311170847,0.010854087254394799,0.624798611971744,0.088641715206345,0.0153019023986767
SIG230,0.5520360259820226,0.0077918086839103996,0.0198108269554934,0.549634403271781,0.007157020696493044,-0.0004824924179762
SIG231,0.570860044231164,0.027043149143160163,0.025075677477047927,0.504399553848061,-0.033864171520634034,-0.0010339123242348
SIG232,0.541554700249805,-0.002186624833639025,0.010425557349379373,0.618416160614698,0.07981162473664594,0.0112351805900193
SIG233,0.550493131498265,0.006512251696592863,0.010584217582492257,0.570392861568968,0.029092824389640004,0.0015164047422111
SIG234,0.5426066300367531,-0.0017065005392305568,0.004618699732300557,0.62015119593506,0.08012145247242497,0.0093741384063965
SIG235,0.5826738666859816,0.0386231807349016,0.012760618468481729,0.538542570330896,0.0011153798488040545,0.0013096222773643
SIG236,0.5832489836712051,0.04011609622247941,0.011331844692729087,0.67846077580865,0.1403209815342671,0.0128894403087951
SIG237,0.5696482584655801,0.02539877121271959,0.014922893431525,0.590407733300285,0.05226793902590199,0.010545905707196
SIG238,0.5415665996512052,-0.0024840862998749707,0.009086614469059602,0.517102491014996,-0.02032469946709603,0.0018610421836229
SIG239,0.5373971216869435,-0.006344203396500452,0.0035188131808808,0.581546660057008,0.04294212417895593,0.0017231872070582
SIG240,0.5370631072157198,-0.006987578735360267,0.006774151989185744,0.522431528070393,-0.014995662411699029,0.0049627791563275
SIG241,0.532669404714809,-0.01057649681327826,0.008968590905485458,0.575907795265832,0.03764406989713698,0.0019988971601875
SIG242,0.5334158345147076,-0.010634851436372423,0.01588979819913353,0.543313917461891,0.005886726979798973,0.0024124620898815
SIG243,0.5651351092042064,0.020847179066155012,0.007188451948932686,0.500495724377246,-0.03810881150080603,0.0037220843672456
SIG244,0.5659146392595112,0.021050223219067847,0.008964020189098544,0.728095179080431,0.18924278101375602,0.0303970223325063
SIG245,0.5474491141873167,0.0036322190993128517,-0.0012676589695121282,0.535320361878795,-0.0014871731317390724,-0.0004824924179762
SIG246,0.5499429635677126,0.0068100761189868585,0.003974529615441514,0.516049076713347,-0.022090717561035977,-0.0003446374414115
SIG247,0.5974359799679683,0.05361908487996444,0.013022754178525914,0.631181063328789,0.09291733796009394,0.0042735042735042
SIG248,0.5623056284025295,0.019172740953803724,0.014365351257393856,0.531354566860825,-0.006785227413557915,0.0003446374414116
SIG249,0.5463673634257554,0.0031214618976681857,0.011983361289358927,0.609059362994175,0.07290246622877594,-0.0006203473945409
SIG250,0.5532917682155072,0.010045866687419898,0.013700631295309865,0.517660180939398,-0.018496715826000987,-0.0004135649296939
SIG251,0.5471537018991219,0.0019874024004193913,0.006567531522735843,0.707832445160491,0.165819804188871,0.0217121588089331
SIG252,0.5797411869328941,0.03592429184489029,0.01357851275737243,0.532841739992564,-0.005421985376131033,0.0012406947890819
SIG253,0.5981658583699241,0.05406916885719215,0.024324103453578657,0.511339695129508,-0.025467839881025967,0.0004824924179762
SIG254,0.5354509513804743,-0.008365943707529553,0.009865332209126958,0.539038294708142,0.0007745693394469733,-0.0011028398125172
SIG255,0.5443124232698394,0.0005945307726245812,0.01664368630067637,0.621576403519643,0.08476886850910903,0.007788806175903
SIG256,0.5572516585749892,0.014118771126263443,0.008702576917010015,0.585016730697732,0.046876936423349,0.0064791838985387
SIG257,0.565858305010338,0.02168062237465857,0.009215091914048427,0.548828851158756,0.012671954393356999,0.0095119933829611
SIG258,0.5244824455554513,-0.019418763967393424,0.008112452530982783,0.600817945222456,0.064661048457057,0.0001378549765647
SIG259,0.53069312696186,-0.012240959185085403,0.014959490728465714,0.500557689924402,-0.036869500557690005,0.0006203473945409
SIG260,0.5740870112513458,0.030954123802620002,0.013313932136552872,0.503408105093568,-0.03473168918081493,-0.0002757099531292
SIG261,0.5634441725482427,0.01975651133454773,0.005742095165030764,0.577085140661792,0.0350724996901719,0.0022746071133168
SIG262,0.5321144252616897,-0.011936260689390419,0.006635500269970943,0.511959350601066,-0.026180443673316955,0.0002757099531293
SIG263,0.5494260324821462,0.006540918501734454,0.011872595400011643,0.584582971867642,0.04842607510224295,0.0068238213399504
SIG264,0.6131705212295567,0.06911983527847658,0.018322036627986815,0.621266575783864,0.08383938530177204,0.0051695616211745
SIG265,0.5977354089939143,0.05399408391047029,0.025707167086906502,0.541331019952906,0.0027264840748539854,0.000206782464847
SIG266,0.5643571673970368,0.021224279948311126,0.014120702294121856,0.534948568595861,-0.003191225678521925,-6.89274882823554e-05
SIG267,0.5697825054367885,0.025459613244351007,0.00808864645968017,0.560478374024043,0.021625975957368038,0.0048938516680452
SIG268,0.5568322895628943,0.01278160361181416,0.015456762257028514,0.583839385301772,0.046412194819680064,0.0059966914805624
SIG269,0.5471403534450181,0.003043663932286294,0.007481743998059357,0.512702937166935,-0.02257095055149394,0.0019299696719051
SIG270,0.5634163220646036,0.020170420536516315,0.009337875517187243,0.596728219110175,0.060571322344776024,0.0056520540391509
SIG271,0.5414776430220073,-0.0016552444267184305,0.016124684868669414,0.539781881274012,0.0036249845086130383,0.0
SIG272,0.5699745609717691,0.026728659443681874,0.01888106117199303,0.582724005452968,0.04656710868756897,0.0013785497656465
SIG273,0.5428797426143087,-0.00036615891377854225,0.008840683786596942,0.504089726112282,-0.03206717065311704,-0.0021367521367521
SIG274,0.5449256411959825,0.000637711057931153,0.0035654179113910832,0.521254182674433,-0.018992440203246974,-0.0009649848359525
SIG275,0.532436494128685,-0.010809407399402235,0.0005597127887659429,0.539967777915479,0.003810881150079992,0.0104080507306314
SIG276,0.5688091593660891,0.024496028790105435,0.014641325384651713,0.626409716197794,0.08637997273515896,0.0150951199338296
SIG277,0.5191755293066628,-0.0248751566444174,0.010876909073077756,0.507064072375759,-0.030363118106332965,-0.0018610421836228
SIG278,0.579309419051713,0.03617653160298728,0.012261049609232685,0.543437848556203,0.005298054281820064,0.0012406947890819
SIG279,0.5711558301938722,0.027414505110428138,0.009040215840592614,0.608935431899864,0.07033089602181197,0.0122001654259719
SIG280,0.5329509659421542,-0.0102949355859331,0.010372996008836616,0.503903829470814,-0.03225306729458499,0.0008271298593879
SIG281,0.5627027536832967,0.019456852155209443,0.02080044658849976,0.569649275003098,0.033492378237699016,0.0037220843672456
SIG282,0.5647909847452567,0.020458411313020015,0.0147580041955077,0.517660180939398,-0.02531292601313595,-0.0007582023711055
SIG283,0.557288295020149,0.013307415218476861,0.011255820516782701,0.545792539348122,0.0045854504895269654,0.0088916459884201
SIG284,0.6112239417417041,0.06740704665370026,0.024619975683085844,0.669723633659685,0.13145990829098997,0.0166115246760408
SIG285,0.5639294248546926,0.020085451867983876,0.015677125511257644,0.561221960589912,0.020014871731316997,-0.0008271298593878
SIG286,0.5588725531074209,0.015739665658695143,0.008819906061086586,0.532655843351097,-0.005483950923286018,0.003997794320375
SIG287,0.5829926824416379,0.039175787353633994,0.029006527294999272,0.591461147601933,0.05319742223323798,0.0077198786876207
SIG288,0.5696632309634311,0.02653034351470542,0.0173730297792999,0.60385425703309,0.06571446275870707,0.0059277639922801
SIG289,0.5640738200678101,0.019822239758520994,0.005095108355867128,0.565187755607882,0.022679390259015997,0.0036531568789632
SIG290,0.5933692381045521,0.04955234301654828,0.020056888410767543,0.630561407857231,0.09229768248853598,0.0008960573476702
SIG291,0.5895472676271806,0.04573037253917673,0.013332829025524486,0.646362622381956,0.10809889701326092,0.0028949545078578
SIG292,0.5446501676673582,0.001161307755443573,0.010883850557920299,0.55434378485562,0.011649522865286976,0.0052384891094569
SIG293,0.5542005377342715,0.010105673716129011,0.010300138865214,0.523422976824885,-0.014004213657206943,0.0016542597187758
SIG294,0.5428240807397525,-0.0004218207883346846,0.006543865557002928,0.567542446399802,0.029278721031106958,0.0026192445547284
SIG295,0.534966826935679,-0.008884943315420715,0.008288429975347471,0.536373776180444,-0.004833312678151014,0.0009649848359525
SIG296,0.5743156211013641,0.030213619244238123,0.010313084924060028,0.501487173131739,-0.03736522493493599,-0.0002757099531292
SIG297,0.5505045769077573,0.006181684715319705,0.0225284707856168,0.564258272400545,0.025405874333870093,-0.0012406947890818
SIG298,0.5259323902219702,-0.017911582764738428,0.007420396983565643,0.522121700334614,-0.01812492254306597,0.0060656189688448
SIG300,0.5342440863748267,-0.008888801073899015,0.010353739772873844,0.548642954517288,0.010503160242904985,-0.0005514199062586
SIG301,0.5674037561233976,0.02366243103995355,0.018766565842515587,0.647973726608006,0.10936919072995399,0.0141301350978771
SIG302,0.5523113144717379,0.008717135213634866,0.019061359185972543,0.595364977072748,0.05722518279836508,0.0073063137579266
SIG303,0.5403076467701872,-0.0035092483178167217,0.012254330392500287,0.553724129384063,0.015460404015367968,0.003377446925834
SIG304,0.5509409800929213,0.007695078564834027,0.008579959031905672,0.683789812864048,0.14763291609864904,0.0225392886683209
SIG305,0.550322303209562,0.006580978126117972,0.010874984204081114,0.595612839261371,0.05700830338331897,0.0062034739454094
SIG306,0.5566080894190645,0.012285197226626845,0.0106464321792923,0.550873714214897,0.012021316148221994,0.0004135649296939
SIG307,0.5393299046047794,-0.005372525189768844,0.012364755049516228,0.563266823646053,0.02323708018341797,0.0021367521367521
SIG308,0.5784809516273856,0.03534806417865984,0.020127695011354974,0.620770851406618,0.08263105713223506,0.0073063137579266
SIG309,0.5881159124235131,0.044019222910781274,0.0240147213658515,0.646672450117735,0.10986491510720098,0.021298593879239
SIG310,0.5240066068633621,-0.01923929466472512,0.0076107867752107285,0.560602305118354,0.024445408352954945,-0.0007582023711055
SIG311,0.5505036029096518,0.006602393386807174,0.016861686756142493,0.598587185524848,0.060447391250465055,0.0093052109181142
SIG312,0.5467937487375437,0.002949775750835009,0.013420609585199986,0.601871359524105,0.060664270665509945,0.0117176730079955
SIG313,0.5534336070302908,0.009616711942286875,-0.0007905413377186289,0.528132358408725,-0.010131366959970078,0.000206782464847
SIG314,0.5644302679847181,0.020578497733618417,0.007684350512796886,0.571570206964928,0.031323584087248,0.0043424317617866
SIG315,0.5474451429202174,0.003157212782166011,0.0068285332258530345,0.54480109059363,0.004554467715950028,0.0015164047422111
SIG316,0.6130747246620064,0.0690938448603343,0.02584442881484746,0.58005948692527,0.03875944974594203,0.0059966914805624
SIG317,0.5416412533413869,-0.0021000717420571586,0.0069985225398764865,0.542818193084645,0.004213657206592947,-0.0011717673007996
SIG318,0.5634592124117718,0.020213310883684468,0.0153655110682529,0.62250588672698,0.08634898996158102,0.0096498483595257
SIG319,0.5515462715854023,0.007258341447350872,0.008838907911445057,0.542136572065931,0.0018899491882510278,-0.0002757099531292
SIG320,0.5679816844484862,0.023693754310434714,0.012579959115184029,0.549324575536002,0.009077952658322008,-0.0011717673007996
SIG321,0.5400077334147736,-0.0038091616732302625,0.002608599431246157,0.505638864791176,-0.03262486057751901,0.0004135649296939
SIG322,0.54173719783529,-0.0020041272481540356,0.0052620769508223714,0.506506382451357,-0.032098153426694975,0.0010339123242348
SIG323,0.5714822987822912,0.02834941133356542,0.005445352359459028,0.636138307101252,0.097998512826869,0.0068238213399504
SIG324,0.5640575628124983,0.02024066772449443,0.013946128650748065,0.651010038418639,0.11274631304994398,0.0097187758478081
SIG325,0.6197261138210658,0.07590921873306199,0.02461538459831737,0.678770603544429,0.14050687817573393,0.0130272952853598
SIG326,0.540002625012164,-0.003635183661587279,0.0046730902037221715,0.504027760565126,-0.036218862312554,-0.0004135649296939
SIG327,0.5862715399927009,0.042553647495486006,0.015555764630215114,0.675734291733796,0.1374705663651009,0.0208161014612628
SIG328,0.5743248058057208,0.03084162036668744,0.0016895782695590428,0.527388771842855,-0.010038418639236935,0.0002757099531293
SIG329,0.5862699087565607,0.042368699233716035,0.02617670071974137,0.574854380964184,0.03671458668980099,-0.0009649848359525
SIG330,0.5360845482510114,-0.00824802518122528,0.0069908975633668005,0.583591523113149,0.04061841616061501,0.0093741384063965
SIG331,0.5566203880142632,0.013374486486175896,0.013784224678439315,0.56977320609741,0.033616309332010985,-0.0004135649296939
SIG332,0.5920912092550253,0.04827431416702142,0.027388790371179045,0.598587185524848,0.060323460156152975,0.0055141990625862
SIG334,0.5424621251073801,-0.0007837764207071178,0.011138150970031457,0.524662287768001,-0.01149460899739807,-0.0053763440860215
SIG335,0.559366447255,0.015514677003900254,0.018807659290927127,0.599330772090718,0.05908414921303795,0.0001378549765647
SIG336,0.5636538346350477,0.01983693954704386,0.0114327504710852,0.668794150452349,0.13053042508365398,0.0210918114143921
SIG337,0.5707063104138242,0.027460408885737024,0.011989668375037999,0.500805552113025,-0.035351344652373995,-0.0001378549765646
SIG338,0.5431407790536341,-0.0006761160343697099,0.0017567832752457288,0.582600074358657,0.04433634898996197,0.0037220843672456
