source,train,test,K,n_gene,genes,C
de_novo,GSE17536,GSE17537,3,3,EHBP1;DCBLD2;PCNX1,0.630681818181818
de_novo,GSE17536,GSE29621,3,3,EHBP1;DCBLD2;PCNX1,0.69522091974752
de_novo,GSE17536,GSE38832,3,3,EHBP1;DCBLD2;PCNX1,0.640135478408129
de_novo,GSE17536,GSE39582,3,3,EHBP1;DCBLD2;PCNX1,0.578521402846625
de_novo,GSE17536,GSE72970,3,3,EHBP1;DCBLD2;PCNX1,0.560794044665012
de_novo,GSE17536,GSE17537,5,5,EHBP1;DCBLD2;PCNX1;FRG1EP;SLAMF1,0.519318181818182
de_novo,GSE17536,GSE29621,5,5,EHBP1;DCBLD2;PCNX1;FRG1EP;SLAMF1,0.590622182146078
de_novo,GSE17536,GSE38832,5,5,EHBP1;DCBLD2;PCNX1;FRG1EP;SLAMF1,0.624047417442845
de_novo,GSE17536,GSE39582,5,5,EHBP1;DCBLD2;PCNX1;FRG1EP;SLAMF1,0.56362379895544
de_novo,GSE17536,GSE72970,5,5,EHBP1;DCBLD2;PCNX1;FRG1EP;SLAMF1,0.641439205955335
de_novo,GSE17536,GSE17537,8,8,EHBP1;DCBLD2;PCNX1;FRG1EP;ZEB1-AS1;SLAMF1;CXCR6;C14orf1,0.568181818181818
de_novo,GSE17536,GSE29621,8,8,EHBP1;DCBLD2;PCNX1;FRG1EP;ZEB1-AS1;SLAMF1;CXCR6;C14orf1,0.547339945897205
de_novo,GSE17536,GSE38832,8,8,EHBP1;DCBLD2;PCNX1;FRG1EP;ZEB1-AS1;SLAMF1;CXCR6;C14orf1,0.560118543607113
de_novo,GSE17536,GSE39582,8,8,EHBP1;DCBLD2;PCNX1;FRG1EP;ZEB1-AS1;SLAMF1;CXCR6;C14orf1,0.567637247996598
de_novo,GSE17536,GSE72970,8,8,EHBP1;DCBLD2;PCNX1;FRG1EP;ZEB1-AS1;SLAMF1;CXCR6;C14orf1,0.593052109181142
de_novo,GSE17536,GSE17537,10,9,EHBP1;DCBLD2;PCNX1;FRG1EP;ZEB1-AS1;LOC401317;SLAMF1;CXCR6;C14orf1,0.559090909090909
de_novo,GSE17536,GSE29621,10,9,EHBP1;DCBLD2;PCNX1;FRG1EP;ZEB1-AS1;LOC401317;SLAMF1;CXCR6;C14orf1,0.598737601442741
de_novo,GSE17536,GSE38832,10,9,EHBP1;DCBLD2;PCNX1;FRG1EP;ZEB1-AS1;LOC401317;SLAMF1;CXCR6;C14orf1,0.580440304826418
de_novo,GSE17536,GSE39582,10,9,EHBP1;DCBLD2;PCNX1;FRG1EP;ZEB1-AS1;LOC401317;SLAMF1;CXCR6;C14orf1,0.557829548021848
de_novo,GSE17536,GSE72970,10,9,EHBP1;DCBLD2;PCNX1;FRG1EP;ZEB1-AS1;LOC401317;SLAMF1;CXCR6;C14orf1,0.63151364764268
de_novo,GSE17536,GSE17537,15,15,EHBP1;DCBLD2;PCNX1;FRG1EP;ZEB1-AS1;LOC401317;SLAMF1;CXCR6;C14orf1;CISH;AKNA;ATF4;CSTF3-AS1;ASNS;ISOC1,0.606818181818182
de_novo,GSE17536,GSE29621,15,15,EHBP1;DCBLD2;PCNX1;FRG1EP;ZEB1-AS1;LOC401317;SLAMF1;CXCR6;C14orf1;CISH;AKNA;ATF4;CSTF3-AS1;ASNS;ISOC1,0.575293056807935
de_novo,GSE17536,GSE38832,15,15,EHBP1;DCBLD2;PCNX1;FRG1EP;ZEB1-AS1;LOC401317;SLAMF1;CXCR6;C14orf1;CISH;AKNA;ATF4;CSTF3-AS1;ASNS;ISOC1,0.554191363251482
de_novo,GSE17536,GSE39582,15,15,EHBP1;DCBLD2;PCNX1;FRG1EP;ZEB1-AS1;LOC401317;SLAMF1;CXCR6;C14orf1;CISH;AKNA;ATF4;CSTF3-AS1;ASNS;ISOC1,0.517588741079379
de_novo,GSE17536,GSE72970,15,15,EHBP1;DCBLD2;PCNX1;FRG1EP;ZEB1-AS1;LOC401317;SLAMF1;CXCR6;C14orf1;CISH;AKNA;ATF4;CSTF3-AS1;ASNS;ISOC1,0.683622828784119
de_novo,GSE17536,GSE17537,20,21,EHBP1;DCBLD2;PCNX1;FRG1EP;ZEB1-AS1;LOC401317;SLAMF1;CXCR6;C14orf1;CISH;AKNA;TREML2;ATF4;NETO1;CSTF3-AS1;ACOX3;FBXL16;GATA3;ASNS;ISOC1;TGFBRAP1,0.614772727272727
de_novo,GSE17536,GSE29621,20,21,EHBP1;DCBLD2;PCNX1;FRG1EP;ZEB1-AS1;LOC401317;SLAMF1;CXCR6;C14orf1;CISH;AKNA;TREML2;ATF4;NETO1;CSTF3-AS1;ACOX3;FBXL16;GATA3;ASNS;ISOC1;TGFBRAP1,0.521190261496844
de_novo,GSE17536,GSE38832,20,21,EHBP1;DCBLD2;PCNX1;FRG1EP;ZEB1-AS1;LOC401317;SLAMF1;CXCR6;C14orf1;CISH;AKNA;TREML2;ATF4;NETO1;CSTF3-AS1;ACOX3;FBXL16;GATA3;ASNS;ISOC1;TGFBRAP1,0.574089754445385
de_novo,GSE17536,GSE39582,20,21,EHBP1;DCBLD2;PCNX1;FRG1EP;ZEB1-AS1;LOC401317;SLAMF1;CXCR6;C14orf1;CISH;AKNA;TREML2;ATF4;NETO1;CSTF3-AS1;ACOX3;FBXL16;GATA3;ASNS;ISOC1;TGFBRAP1,0.505322471327761
de_novo,GSE17536,GSE72970,20,21,EHBP1;DCBLD2;PCNX1;FRG1EP;ZEB1-AS1;LOC401317;SLAMF1;CXCR6;C14orf1;CISH;AKNA;TREML2;ATF4;NETO1;CSTF3-AS1;ACOX3;FBXL16;GATA3;ASNS;ISOC1;TGFBRAP1,0.667493796526055
de_novo,GSE17536,GSE17537,30,29,EHBP1;DCBLD2;PCNX1;FRG1EP;ZEB1-AS1;LOC401317;SLAMF1;CXCR6;DBF4B;C14orf1;ENDOU;CISH;LOC101928505;AKNA;ATF4;MAP3K9;LOC100507033;NETO1;CSTF3-AS1;LOC100506922;ZBED5-AS1;ACOX3;LOC101928861;FBXL16;GATA3;ASNS;ISOC1;TGFBRAP1;C17orf77,0.526136363636364
de_novo,GSE17536,GSE29621,30,29,EHBP1;DCBLD2;PCNX1;FRG1EP;ZEB1-AS1;LOC401317;SLAMF1;CXCR6;DBF4B;C14orf1;ENDOU;CISH;LOC101928505;AKNA;ATF4;MAP3K9;LOC100507033;NETO1;CSTF3-AS1;LOC100506922;ZBED5-AS1;ACOX3;LOC101928861;FBXL16;GATA3;ASNS;ISOC1;TGFBRAP1;C17orf77,0.557258791704238
de_novo,GSE17536,GSE38832,30,29,EHBP1;DCBLD2;PCNX1;FRG1EP;ZEB1-AS1;LOC401317;SLAMF1;CXCR6;DBF4B;C14orf1;ENDOU;CISH;LOC101928505;AKNA;ATF4;MAP3K9;LOC100507033;NETO1;CSTF3-AS1;LOC100506922;ZBED5-AS1;ACOX3;LOC101928861;FBXL16;GATA3;ASNS;ISOC1;TGFBRAP1;C17orf77,0.540643522438611
de_novo,GSE17536,GSE39582,30,29,EHBP1;DCBLD2;PCNX1;FRG1EP;ZEB1-AS1;LOC401317;SLAMF1;CXCR6;DBF4B;C14orf1;ENDOU;CISH;LOC101928505;AKNA;ATF4;MAP3K9;LOC100507033;NETO1;CSTF3-AS1;LOC100506922;ZBED5-AS1;ACOX3;LOC101928861;FBXL16;GATA3;ASNS;ISOC1;TGFBRAP1;C17orf77,0.509096708174412
de_novo,GSE17536,GSE72970,30,29,EHBP1;DCBLD2;PCNX1;FRG1EP;ZEB1-AS1;LOC401317;SLAMF1;CXCR6;DBF4B;C14orf1;ENDOU;CISH;LOC101928505;AKNA;ATF4;MAP3K9;LOC100507033;NETO1;CSTF3-AS1;LOC100506922;ZBED5-AS1;ACOX3;LOC101928861;FBXL16;GATA3;ASNS;ISOC1;TGFBRAP1;C17orf77,0.616625310173697
de_novo,GSE17536,GSE17537,50,50,DCBLD2;FRG1EP;ZEB1-AS1;LOC401317;SLAMF1;CXCR6;C14orf1;ENDOU;CISH;LOC101928505;UTS2;AKNA;ADCY10;MAP3K9;ZNF204P;LOC100507033;NETO1;RDH11;BTBD8;CSTF3-AS1;CCDC83;PLA2G16;LOC100506922;ZBED5-AS1;ZBP1;ACOX3;INTS6L;TUBGCP5;ANKS4B;LOC101928861;IDI1;ZC3H14;CLN3;AIP;FBXL16;GATA3;TEKT1;ASNS;ISOC1;IL17D;ARL8A;BSPRY;ANKHD1-EIF4EBP3;POU2F3;IRAK4;HORMAD1;C17orf77;C9orf38;ORAOV1;CYP4V2,0.536363636363636
de_novo,GSE17536,GSE29621,50,50,DCBLD2;FRG1EP;ZEB1-AS1;LOC401317;SLAMF1;CXCR6;C14orf1;ENDOU;CISH;LOC101928505;UTS2;AKNA;ADCY10;MAP3K9;ZNF204P;LOC100507033;NETO1;RDH11;BTBD8;CSTF3-AS1;CCDC83;PLA2G16;LOC100506922;ZBED5-AS1;ZBP1;ACOX3;INTS6L;TUBGCP5;ANKS4B;LOC101928861;IDI1;ZC3H14;CLN3;AIP;FBXL16;GATA3;TEKT1;ASNS;ISOC1;IL17D;ARL8A;BSPRY;ANKHD1-EIF4EBP3;POU2F3;IRAK4;HORMAD1;C17orf77;C9orf38;ORAOV1;CYP4V2,0.54463480613165
de_novo,GSE17536,GSE38832,50,50,DCBLD2;FRG1EP;ZEB1-AS1;LOC401317;SLAMF1;CXCR6;C14orf1;ENDOU;CISH;LOC101928505;UTS2;AKNA;ADCY10;MAP3K9;ZNF204P;LOC100507033;NETO1;RDH11;BTBD8;CSTF3-AS1;CCDC83;PLA2G16;LOC100506922;ZBED5-AS1;ZBP1;ACOX3;INTS6L;TUBGCP5;ANKS4B;LOC101928861;IDI1;ZC3H14;CLN3;AIP;FBXL16;GATA3;TEKT1;ASNS;ISOC1;IL17D;ARL8A;BSPRY;ANKHD1-EIF4EBP3;POU2F3;IRAK4;HORMAD1;C17orf77;C9orf38;ORAOV1;CYP4V2,0.50381033022862
de_novo,GSE17536,GSE39582,50,50,DCBLD2;FRG1EP;ZEB1-AS1;LOC401317;SLAMF1;CXCR6;C14orf1;ENDOU;CISH;LOC101928505;UTS2;AKNA;ADCY10;MAP3K9;ZNF204P;LOC100507033;NETO1;RDH11;BTBD8;CSTF3-AS1;CCDC83;PLA2G16;LOC100506922;ZBED5-AS1;ZBP1;ACOX3;INTS6L;TUBGCP5;ANKS4B;LOC101928861;IDI1;ZC3H14;CLN3;AIP;FBXL16;GATA3;TEKT1;ASNS;ISOC1;IL17D;ARL8A;BSPRY;ANKHD1-EIF4EBP3;POU2F3;IRAK4;HORMAD1;C17orf77;C9orf38;ORAOV1;CYP4V2,0.532140816245166
de_novo,GSE17536,GSE72970,50,50,DCBLD2;FRG1EP;ZEB1-AS1;LOC401317;SLAMF1;CXCR6;C14orf1;ENDOU;CISH;LOC101928505;UTS2;AKNA;ADCY10;MAP3K9;ZNF204P;LOC100507033;NETO1;RDH11;BTBD8;CSTF3-AS1;CCDC83;PLA2G16;LOC100506922;ZBED5-AS1;ZBP1;ACOX3;INTS6L;TUBGCP5;ANKS4B;LOC101928861;IDI1;ZC3H14;CLN3;AIP;FBXL16;GATA3;TEKT1;ASNS;ISOC1;IL17D;ARL8A;BSPRY;ANKHD1-EIF4EBP3;POU2F3;IRAK4;HORMAD1;C17orf77;C9orf38;ORAOV1;CYP4V2,0.584367245657568
de_novo,GSE17537,GSE17536,3,2,NKX1-1;STAG3L2,0.526942711287578
de_novo,GSE17537,GSE29621,3,2,NKX1-1;STAG3L2,0.519386834986474
de_novo,GSE17537,GSE38832,3,2,NKX1-1;STAG3L2,0.53259949195597
de_novo,GSE17537,GSE39582,3,2,NKX1-1;STAG3L2,0.526054194851622
de_novo,GSE17537,GSE72970,3,2,NKX1-1;STAG3L2,0.516129032258065
de_novo,GSE17537,GSE17536,5,5,NKX1-1;STAG3L2;LOC105374042;SOX1;HES5,0.5471355643789
de_novo,GSE17537,GSE29621,5,5,NKX1-1;STAG3L2;LOC105374042;SOX1;HES5,0.54824165915239
de_novo,GSE17537,GSE38832,5,5,NKX1-1;STAG3L2;LOC105374042;SOX1;HES5,0.624894157493649
de_novo,GSE17537,GSE39582,5,5,NKX1-1;STAG3L2;LOC105374042;SOX1;HES5,0.544074846837748
de_novo,GSE17537,GSE72970,5,5,NKX1-1;STAG3L2;LOC105374042;SOX1;HES5,0.533498759305211
de_novo,GSE17537,GSE17536,8,7,NKX1-1;STAG3L2;PGBD5;LOC105374042;SOX1;HES5;BEX4,0.5310266591038
de_novo,GSE17537,GSE29621,8,7,NKX1-1;STAG3L2;PGBD5;LOC105374042;SOX1;HES5;BEX4,0.551848512173129
de_novo,GSE17537,GSE38832,8,7,NKX1-1;STAG3L2;PGBD5;LOC105374042;SOX1;HES5;BEX4,0.59991532599492
de_novo,GSE17537,GSE39582,8,7,NKX1-1;STAG3L2;PGBD5;LOC105374042;SOX1;HES5;BEX4,0.548300928940689
de_novo,GSE17537,GSE72970,8,7,NKX1-1;STAG3L2;PGBD5;LOC105374042;SOX1;HES5;BEX4,0.512406947890819
de_novo,GSE17537,GSE17536,10,10,NKX1-1;STAG3L2;LOC100505715;PGBD5;LOC105374042;LOC100996760;SOX1;HES5;BEX4;ERAP1,0.500850822461713
de_novo,GSE17537,GSE29621,10,10,NKX1-1;STAG3L2;LOC100505715;PGBD5;LOC105374042;LOC100996760;SOX1;HES5;BEX4;ERAP1,0.550045085662759
de_novo,GSE17537,GSE38832,10,10,NKX1-1;STAG3L2;LOC100505715;PGBD5;LOC105374042;LOC100996760;SOX1;HES5;BEX4;ERAP1,0.554191363251482
de_novo,GSE17537,GSE39582,10,10,NKX1-1;STAG3L2;LOC100505715;PGBD5;LOC105374042;LOC100996760;SOX1;HES5;BEX4;ERAP1,0.546466968782809
de_novo,GSE17537,GSE72970,10,10,NKX1-1;STAG3L2;LOC100505715;PGBD5;LOC105374042;LOC100996760;SOX1;HES5;BEX4;ERAP1,0.537220843672457
de_novo,GSE17537,GSE17536,15,14,NKX1-1;STAG3L2;LOC100505715;PGBD5;LOC105374042;TRAPPC2B;LOC100996760;SOX1;HES5;GPX2;BEX4;LOC101928760;LRRC4C;ERAP1,0.500170164492343
de_novo,GSE17537,GSE29621,15,14,NKX1-1;STAG3L2;LOC100505715;PGBD5;LOC105374042;TRAPPC2B;LOC100996760;SOX1;HES5;GPX2;BEX4;LOC101928760;LRRC4C;ERAP1,0.568079350766456
de_novo,GSE17537,GSE38832,15,14,NKX1-1;STAG3L2;LOC100505715;PGBD5;LOC105374042;TRAPPC2B;LOC100996760;SOX1;HES5;GPX2;BEX4;LOC101928760;LRRC4C;ERAP1,0.544453852667231
de_novo,GSE17537,GSE39582,15,14,NKX1-1;STAG3L2;LOC100505715;PGBD5;LOC105374042;TRAPPC2B;LOC100996760;SOX1;HES5;GPX2;BEX4;LOC101928760;LRRC4C;ERAP1,0.544114715536832
de_novo,GSE17537,GSE72970,15,14,NKX1-1;STAG3L2;LOC100505715;PGBD5;LOC105374042;TRAPPC2B;LOC100996760;SOX1;HES5;GPX2;BEX4;LOC101928760;LRRC4C;ERAP1,0.580645161290323
de_novo,GSE17537,GSE17536,20,20,NKX1-1;STAG3L2;PGBD5;LOC105374042;TRAPPC2B;HES5;CAMK4;FAM193A;GPX2;BEX4;LOC101928760;ZNF304;MIR4296;ZNRF1;LRRC4C;TLX3;SNRNP35;ERAP1;PBX2;RPS6KA2,0.506749858196256
de_novo,GSE17537,GSE29621,20,20,NKX1-1;STAG3L2;PGBD5;LOC105374042;TRAPPC2B;HES5;CAMK4;FAM193A;GPX2;BEX4;LOC101928760;ZNF304;MIR4296;ZNRF1;LRRC4C;TLX3;SNRNP35;ERAP1;PBX2;RPS6KA2,0.618575293056808
de_novo,GSE17537,GSE38832,20,20,NKX1-1;STAG3L2;PGBD5;LOC105374042;TRAPPC2B;HES5;CAMK4;FAM193A;GPX2;BEX4;LOC101928760;ZNF304;MIR4296;ZNRF1;LRRC4C;TLX3;SNRNP35;ERAP1;PBX2;RPS6KA2,0.573666384419983
de_novo,GSE17537,GSE39582,20,20,NKX1-1;STAG3L2;PGBD5;LOC105374042;TRAPPC2B;HES5;CAMK4;FAM193A;GPX2;BEX4;LOC101928760;ZNF304;MIR4296;ZNRF1;LRRC4C;TLX3;SNRNP35;ERAP1;PBX2;RPS6KA2,0.548287639374327
de_novo,GSE17537,GSE72970,20,20,NKX1-1;STAG3L2;PGBD5;LOC105374042;TRAPPC2B;HES5;CAMK4;FAM193A;GPX2;BEX4;LOC101928760;ZNF304;MIR4296;ZNRF1;LRRC4C;TLX3;SNRNP35;ERAP1;PBX2;RPS6KA2,0.559553349875931
de_novo,GSE17537,GSE17536,30,30,NKX1-1;MIA2;STAG3L2;B3GALT2;PGBD5;LOC105374042;HES5;CAMK4;FAM193A;SNURF;LOC101928760;ZNF304;KIAA1661;DNAJB12;MIR4296;ZNRF1;LRRC4C;CDKAL1;HIST2H2AA4;TLX3;ERAP1;GNL3;EDNRB;TLDC1;CFAP54;VDAC2;PBX2;LIMS1;RPS6KA2;CTSE,0.502779353374929
de_novo,GSE17537,GSE29621,30,30,NKX1-1;MIA2;STAG3L2;B3GALT2;PGBD5;LOC105374042;HES5;CAMK4;FAM193A;SNURF;LOC101928760;ZNF304;KIAA1661;DNAJB12;MIR4296;ZNRF1;LRRC4C;CDKAL1;HIST2H2AA4;TLX3;ERAP1;GNL3;EDNRB;TLDC1;CFAP54;VDAC2;PBX2;LIMS1;RPS6KA2;CTSE,0.571686203787196
de_novo,GSE17537,GSE38832,30,30,NKX1-1;MIA2;STAG3L2;B3GALT2;PGBD5;LOC105374042;HES5;CAMK4;FAM193A;SNURF;LOC101928760;ZNF304;KIAA1661;DNAJB12;MIR4296;ZNRF1;LRRC4C;CDKAL1;HIST2H2AA4;TLX3;ERAP1;GNL3;EDNRB;TLDC1;CFAP54;VDAC2;PBX2;LIMS1;RPS6KA2;CTSE,0.591024555461473
de_novo,GSE17537,GSE39582,30,30,NKX1-1;MIA2;STAG3L2;B3GALT2;PGBD5;LOC105374042;HES5;CAMK4;FAM193A;SNURF;LOC101928760;ZNF304;KIAA1661;DNAJB12;MIR4296;ZNRF1;LRRC4C;CDKAL1;HIST2H2AA4;TLX3;ERAP1;GNL3;EDNRB;TLDC1;CFAP54;VDAC2;PBX2;LIMS1;RPS6KA2;CTSE,0.511143301394076
de_novo,GSE17537,GSE72970,30,30,NKX1-1;MIA2;STAG3L2;B3GALT2;PGBD5;LOC105374042;HES5;CAMK4;FAM193A;SNURF;LOC101928760;ZNF304;KIAA1661;DNAJB12;MIR4296;ZNRF1;LRRC4C;CDKAL1;HIST2H2AA4;TLX3;ERAP1;GNL3;EDNRB;TLDC1;CFAP54;VDAC2;PBX2;LIMS1;RPS6KA2;CTSE,0.516129032258065
de_novo,GSE17537,GSE17536,50,36,NKX1-1;MIA2;STAG3L2;B3GALT2;PGBD5;LOC105374042;FAM193A;SOAT2;SNURF;MFAP3L;ZNF304;KIAA1661;ZNRF1;GABRA2;LRRC4C;CDKAL1;HIST2H2AA4;TLX3;LINC01619;ERAP1;DISP2;EDNRB;TMEM27;PKD2L1;TLDC1;ZBED9;CFAP54;VDAC2;PBX2;XCL2;LIMS1;RPS6KA2;PAQR6;CTSE;ZBTB43;BCAR4,0.503346568349405
de_novo,GSE17537,GSE29621,50,36,NKX1-1;MIA2;STAG3L2;B3GALT2;PGBD5;LOC105374042;FAM193A;SOAT2;SNURF;MFAP3L;ZNF304;KIAA1661;ZNRF1;GABRA2;LRRC4C;CDKAL1;HIST2H2AA4;TLX3;LINC01619;ERAP1;DISP2;EDNRB;TMEM27;PKD2L1;TLDC1;ZBED9;CFAP54;VDAC2;PBX2;XCL2;LIMS1;RPS6KA2;PAQR6;CTSE;ZBTB43;BCAR4,0.528403967538323
de_novo,GSE17537,GSE38832,50,36,NKX1-1;MIA2;STAG3L2;B3GALT2;PGBD5;LOC105374042;FAM193A;SOAT2;SNURF;MFAP3L;ZNF304;KIAA1661;ZNRF1;GABRA2;LRRC4C;CDKAL1;HIST2H2AA4;TLX3;LINC01619;ERAP1;DISP2;EDNRB;TMEM27;PKD2L1;TLDC1;ZBED9;CFAP54;VDAC2;PBX2;XCL2;LIMS1;RPS6KA2;PAQR6;CTSE;ZBTB43;BCAR4,0.632938187976291
de_novo,GSE17537,GSE39582,50,36,NKX1-1;MIA2;STAG3L2;B3GALT2;PGBD5;LOC105374042;FAM193A;SOAT2;SNURF;MFAP3L;ZNF304;KIAA1661;ZNRF1;GABRA2;LRRC4C;CDKAL1;HIST2H2AA4;TLX3;LINC01619;ERAP1;DISP2;EDNRB;TMEM27;PKD2L1;TLDC1;ZBED9;CFAP54;VDAC2;PBX2;XCL2;LIMS1;RPS6KA2;PAQR6;CTSE;ZBTB43;BCAR4,0.511953964942124
de_novo,GSE17537,GSE72970,50,36,NKX1-1;MIA2;STAG3L2;B3GALT2;PGBD5;LOC105374042;FAM193A;SOAT2;SNURF;MFAP3L;ZNF304;KIAA1661;ZNRF1;GABRA2;LRRC4C;CDKAL1;HIST2H2AA4;TLX3;LINC01619;ERAP1;DISP2;EDNRB;TMEM27;PKD2L1;TLDC1;ZBED9;CFAP54;VDAC2;PBX2;XCL2;LIMS1;RPS6KA2;PAQR6;CTSE;ZBTB43;BCAR4,0.508684863523573
de_novo,GSE29621,GSE17536,3,2,TNFAIP8L2;CXCR6,0.667725467952354
de_novo,GSE29621,GSE17537,3,2,TNFAIP8L2;CXCR6,0.593181818181818
de_novo,GSE29621,GSE38832,3,2,TNFAIP8L2;CXCR6,0.530906011854361
de_novo,GSE29621,GSE39582,3,2,TNFAIP8L2;CXCR6,0.509109997740774
de_novo,GSE29621,GSE72970,3,2,TNFAIP8L2;CXCR6,0.559553349875931
de_novo,GSE29621,GSE17536,5,5,TNFAIP8L2;CXCR6;MPHOSPH10;HMGCS1;PCMT1,0.503573454339195
de_novo,GSE29621,GSE17537,5,5,TNFAIP8L2;CXCR6;MPHOSPH10;HMGCS1;PCMT1,0.717045454545455
de_novo,GSE29621,GSE38832,5,5,TNFAIP8L2;CXCR6;MPHOSPH10;HMGCS1;PCMT1,0.543607112616427
de_novo,GSE29621,GSE39582,5,5,TNFAIP8L2;CXCR6;MPHOSPH10;HMGCS1;PCMT1,0.524167076428296
de_novo,GSE29621,GSE72970,5,5,TNFAIP8L2;CXCR6;MPHOSPH10;HMGCS1;PCMT1,0.503722084367246
de_novo,GSE29621,GSE17536,8,8,TNFAIP8L2;SMIM17;CXCR6;MPHOSPH10;HMGCS1;PCMT1;FUCA1;FGF6,0.544866704480998
de_novo,GSE29621,GSE17537,8,8,TNFAIP8L2;SMIM17;CXCR6;MPHOSPH10;HMGCS1;PCMT1;FUCA1;FGF6,0.731818181818182
de_novo,GSE29621,GSE38832,8,8,TNFAIP8L2;SMIM17;CXCR6;MPHOSPH10;HMGCS1;PCMT1;FUCA1;FGF6,0.609229466553768
de_novo,GSE29621,GSE39582,8,8,TNFAIP8L2;SMIM17;CXCR6;MPHOSPH10;HMGCS1;PCMT1;FUCA1;FGF6,0.5328185841296
de_novo,GSE29621,GSE72970,8,8,TNFAIP8L2;SMIM17;CXCR6;MPHOSPH10;HMGCS1;PCMT1;FUCA1;FGF6,0.513647642679901
de_novo,GSE29621,GSE17536,10,10,TNFAIP8L2;SMIM17;CXCR6;MPHOSPH10;HMGCS1;PCMT1;FUCA1;HIKESHI;P4HA1;FGF6,0.534883720930233
de_novo,GSE29621,GSE17537,10,10,TNFAIP8L2;SMIM17;CXCR6;MPHOSPH10;HMGCS1;PCMT1;FUCA1;HIKESHI;P4HA1;FGF6,0.761363636363636
de_novo,GSE29621,GSE38832,10,10,TNFAIP8L2;SMIM17;CXCR6;MPHOSPH10;HMGCS1;PCMT1;FUCA1;HIKESHI;P4HA1;FGF6,0.520745131244708
de_novo,GSE29621,GSE39582,10,10,TNFAIP8L2;SMIM17;CXCR6;MPHOSPH10;HMGCS1;PCMT1;FUCA1;HIKESHI;P4HA1;FGF6,0.525296689569019
de_novo,GSE29621,GSE72970,10,10,TNFAIP8L2;SMIM17;CXCR6;MPHOSPH10;HMGCS1;PCMT1;FUCA1;HIKESHI;P4HA1;FGF6,0.507444168734491
de_novo,GSE29621,GSE17536,15,16,TNFAIP8L2;SMIM17;CXCR6;MPHOSPH10;HMGCS1;PCMT1;ERMN;FUCA1;HIKESHI;ZNF221;P4HA1;FGF6;NLGN4X;EMB;SCCPDH;ABLIM3,0.506296086216676
de_novo,GSE29621,GSE17537,15,16,TNFAIP8L2;SMIM17;CXCR6;MPHOSPH10;HMGCS1;PCMT1;ERMN;FUCA1;HIKESHI;ZNF221;P4HA1;FGF6;NLGN4X;EMB;SCCPDH;ABLIM3,0.780681818181818
de_novo,GSE29621,GSE38832,15,16,TNFAIP8L2;SMIM17;CXCR6;MPHOSPH10;HMGCS1;PCMT1;ERMN;FUCA1;HIKESHI;ZNF221;P4HA1;FGF6;NLGN4X;EMB;SCCPDH;ABLIM3,0.501693480101609
de_novo,GSE29621,GSE39582,15,16,TNFAIP8L2;SMIM17;CXCR6;MPHOSPH10;HMGCS1;PCMT1;ERMN;FUCA1;HIKESHI;ZNF221;P4HA1;FGF6;NLGN4X;EMB;SCCPDH;ABLIM3,0.517920980238415
de_novo,GSE29621,GSE72970,15,16,TNFAIP8L2;SMIM17;CXCR6;MPHOSPH10;HMGCS1;PCMT1;ERMN;FUCA1;HIKESHI;ZNF221;P4HA1;FGF6;NLGN4X;EMB;SCCPDH;ABLIM3,0.550868486352357
de_novo,GSE29621,GSE17536,20,20,TNFAIP8L2;SMIM17;CXCR6;MPHOSPH10;HMGCS1;PCMT1;ERMN;FUCA1;HIKESHI;ZNF221;P4HA1;FGF6;PRO0471;NLGN4X;EMB;SCCPDH;RNASEH2C;CNOT6L;LOC400548;ABLIM3,0.523993193420306
de_novo,GSE29621,GSE17537,20,20,TNFAIP8L2;SMIM17;CXCR6;MPHOSPH10;HMGCS1;PCMT1;ERMN;FUCA1;HIKESHI;ZNF221;P4HA1;FGF6;PRO0471;NLGN4X;EMB;SCCPDH;RNASEH2C;CNOT6L;LOC400548;ABLIM3,0.747727272727273
de_novo,GSE29621,GSE38832,20,20,TNFAIP8L2;SMIM17;CXCR6;MPHOSPH10;HMGCS1;PCMT1;ERMN;FUCA1;HIKESHI;ZNF221;P4HA1;FGF6;PRO0471;NLGN4X;EMB;SCCPDH;RNASEH2C;CNOT6L;LOC400548;ABLIM3,0.524555461473328
de_novo,GSE29621,GSE39582,20,20,TNFAIP8L2;SMIM17;CXCR6;MPHOSPH10;HMGCS1;PCMT1;ERMN;FUCA1;HIKESHI;ZNF221;P4HA1;FGF6;PRO0471;NLGN4X;EMB;SCCPDH;RNASEH2C;CNOT6L;LOC400548;ABLIM3,0.504285885151568
de_novo,GSE29621,GSE72970,20,20,TNFAIP8L2;SMIM17;CXCR6;MPHOSPH10;HMGCS1;PCMT1;ERMN;FUCA1;HIKESHI;ZNF221;P4HA1;FGF6;PRO0471;NLGN4X;EMB;SCCPDH;RNASEH2C;CNOT6L;LOC400548;ABLIM3,0.581885856079405
de_novo,GSE29621,GSE17536,30,30,TNFAIP8L2;SMIM17;CXCR6;MPHOSPH10;HMGCS1;LOC101928505;SOX9-AS1;HIKESHI;STRIP2;PARP3;ZNF257;P4HA1;CASP1;FGF6;PRO0471;NLGN4X;EMB;SCCPDH;RNASEH2C;LINC00051;CNOT6L;DCDC2;LOC400548;FAM24B;ABLIM3;DDIT3;ARRB2;KIAA1549L;MBD1;UNC93A,0.500283607487238
de_novo,GSE29621,GSE17537,30,30,TNFAIP8L2;SMIM17;CXCR6;MPHOSPH10;HMGCS1;LOC101928505;SOX9-AS1;HIKESHI;STRIP2;PARP3;ZNF257;P4HA1;CASP1;FGF6;PRO0471;NLGN4X;EMB;SCCPDH;RNASEH2C;LINC00051;CNOT6L;DCDC2;LOC400548;FAM24B;ABLIM3;DDIT3;ARRB2;KIAA1549L;MBD1;UNC93A,0.647727272727273
de_novo,GSE29621,GSE38832,30,30,TNFAIP8L2;SMIM17;CXCR6;MPHOSPH10;HMGCS1;LOC101928505;SOX9-AS1;HIKESHI;STRIP2;PARP3;ZNF257;P4HA1;CASP1;FGF6;PRO0471;NLGN4X;EMB;SCCPDH;RNASEH2C;LINC00051;CNOT6L;DCDC2;LOC400548;FAM24B;ABLIM3;DDIT3;ARRB2;KIAA1549L;MBD1;UNC93A,0.518204911092295
de_novo,GSE29621,GSE39582,30,30,TNFAIP8L2;SMIM17;CXCR6;MPHOSPH10;HMGCS1;LOC101928505;SOX9-AS1;HIKESHI;STRIP2;PARP3;ZNF257;P4HA1;CASP1;FGF6;PRO0471;NLGN4X;EMB;SCCPDH;RNASEH2C;LINC00051;CNOT6L;DCDC2;LOC400548;FAM24B;ABLIM3;DDIT3;ARRB2;KIAA1549L;MBD1;UNC93A,0.506040107911279
de_novo,GSE29621,GSE72970,30,30,TNFAIP8L2;SMIM17;CXCR6;MPHOSPH10;HMGCS1;LOC101928505;SOX9-AS1;HIKESHI;STRIP2;PARP3;ZNF257;P4HA1;CASP1;FGF6;PRO0471;NLGN4X;EMB;SCCPDH;RNASEH2C;LINC00051;CNOT6L;DCDC2;LOC400548;FAM24B;ABLIM3;DDIT3;ARRB2;KIAA1549L;MBD1;UNC93A,0.524813895781638
de_novo,GSE29621,GSE17536,50,45,TNFAIP8L2;SMIM17;MPHOSPH10;HMGCS1;LOC101928505;ERMN;SOX9-AS1;TBP;HERC2;ZNF221;P4HA1;CASP1;LOC100507033;FGF6;PRO0471;NLGN4X;LRRC57;EMB;SCCPDH;RNASEH2C;HLA-F-AS1;LOC102724788;ALDH1L1-AS2;CNOT6L;DCDC2;LCMT2;DCBLD2;LOC400548;APOBEC3B;FAM24B;ABLIM3;DDIT3;CYP51A1-AS1;GCOM1;ST3GAL5;LOC100506563;APTR;DBNDD1;ARRB2;GS1-259H13.2;AQP8;MBD1;ABCA13;ELSPBP1;UNC93A,0.559841179807147
de_novo,GSE29621,GSE17537,50,45,TNFAIP8L2;SMIM17;MPHOSPH10;HMGCS1;LOC101928505;ERMN;SOX9-AS1;TBP;HERC2;ZNF221;P4HA1;CASP1;LOC100507033;FGF6;PRO0471;NLGN4X;LRRC57;EMB;SCCPDH;RNASEH2C;HLA-F-AS1;LOC102724788;ALDH1L1-AS2;CNOT6L;DCDC2;LCMT2;DCBLD2;LOC400548;APOBEC3B;FAM24B;ABLIM3;DDIT3;CYP51A1-AS1;GCOM1;ST3GAL5;LOC100506563;APTR;DBNDD1;ARRB2;GS1-259H13.2;AQP8;MBD1;ABCA13;ELSPBP1;UNC93A,0.677272727272727
de_novo,GSE29621,GSE38832,50,45,TNFAIP8L2;SMIM17;MPHOSPH10;HMGCS1;LOC101928505;ERMN;SOX9-AS1;TBP;HERC2;ZNF221;P4HA1;CASP1;LOC100507033;FGF6;PRO0471;NLGN4X;LRRC57;EMB;SCCPDH;RNASEH2C;HLA-F-AS1;LOC102724788;ALDH1L1-AS2;CNOT6L;DCDC2;LCMT2;DCBLD2;LOC400548;APOBEC3B;FAM24B;ABLIM3;DDIT3;CYP51A1-AS1;GCOM1;ST3GAL5;LOC100506563;APTR;DBNDD1;ARRB2;GS1-259H13.2;AQP8;MBD1;ABCA13;ELSPBP1;UNC93A,0.582133784928027
de_novo,GSE29621,GSE39582,50,45,TNFAIP8L2;SMIM17;MPHOSPH10;HMGCS1;LOC101928505;ERMN;SOX9-AS1;TBP;HERC2;ZNF221;P4HA1;CASP1;LOC100507033;FGF6;PRO0471;NLGN4X;LRRC57;EMB;SCCPDH;RNASEH2C;HLA-F-AS1;LOC102724788;ALDH1L1-AS2;CNOT6L;DCDC2;LCMT2;DCBLD2;LOC400548;APOBEC3B;FAM24B;ABLIM3;DDIT3;CYP51A1-AS1;GCOM1;ST3GAL5;LOC100506563;APTR;DBNDD1;ARRB2;GS1-259H13.2;AQP8;MBD1;ABCA13;ELSPBP1;UNC93A,0.501428628383856
de_novo,GSE29621,GSE72970,50,45,TNFAIP8L2;SMIM17;MPHOSPH10;HMGCS1;LOC101928505;ERMN;SOX9-AS1;TBP;HERC2;ZNF221;P4HA1;CASP1;LOC100507033;FGF6;PRO0471;NLGN4X;LRRC57;EMB;SCCPDH;RNASEH2C;HLA-F-AS1;LOC102724788;ALDH1L1-AS2;CNOT6L;DCDC2;LCMT2;DCBLD2;LOC400548;APOBEC3B;FAM24B;ABLIM3;DDIT3;CYP51A1-AS1;GCOM1;ST3GAL5;LOC100506563;APTR;DBNDD1;ARRB2;GS1-259H13.2;AQP8;MBD1;ABCA13;ELSPBP1;UNC93A,0.517369727047147
de_novo,GSE38832,GSE17536,3,2,FOXC1;PCDHGA4,0.583323879750425
de_novo,GSE38832,GSE17537,3,2,FOXC1;PCDHGA4,0.546590909090909
de_novo,GSE38832,GSE29621,3,2,FOXC1;PCDHGA4,0.605049594229035
de_novo,GSE38832,GSE39582,3,2,FOXC1;PCDHGA4,0.579624436854626
de_novo,GSE38832,GSE72970,3,2,FOXC1;PCDHGA4,0.507444168734491
de_novo,GSE38832,GSE17536,5,5,F2RL2;FOXC1;GGN;C12orf76;PCDHGA4,0.517300056721497
de_novo,GSE38832,GSE17537,5,5,F2RL2;FOXC1;GGN;C12orf76;PCDHGA4,0.582954545454546
de_novo,GSE38832,GSE29621,5,5,F2RL2;FOXC1;GGN;C12orf76;PCDHGA4,0.528403967538323
de_novo,GSE38832,GSE39582,5,5,F2RL2;FOXC1;GGN;C12orf76;PCDHGA4,0.514957406939812
de_novo,GSE38832,GSE72970,5,5,F2RL2;FOXC1;GGN;C12orf76;PCDHGA4,0.550868486352357
de_novo,GSE38832,GSE17536,8,7,F2RL2;FOXC1;LIMK2;GGN;EP300;C12orf76;PCDHGA4,0.530686330119115
de_novo,GSE38832,GSE17537,8,7,F2RL2;FOXC1;LIMK2;GGN;EP300;C12orf76;PCDHGA4,0.55
de_novo,GSE38832,GSE29621,8,7,F2RL2;FOXC1;LIMK2;GGN;EP300;C12orf76;PCDHGA4,0.517583408476105
de_novo,GSE38832,GSE39582,8,7,F2RL2;FOXC1;LIMK2;GGN;EP300;C12orf76;PCDHGA4,0.505535104389544
de_novo,GSE38832,GSE72970,8,7,F2RL2;FOXC1;LIMK2;GGN;EP300;C12orf76;PCDHGA4,0.543424317617866
de_novo,GSE38832,GSE17536,10,10,F2RL2;FOXC1;LIMK2;GGN;EP300;C12orf76;PCDHGA4;EHBP1;KCNA4;ARV1,0.572660238230289
de_novo,GSE38832,GSE17537,10,10,F2RL2;FOXC1;LIMK2;GGN;EP300;C12orf76;PCDHGA4;EHBP1;KCNA4;ARV1,0.519318181818182
de_novo,GSE38832,GSE29621,10,10,F2RL2;FOXC1;LIMK2;GGN;EP300;C12orf76;PCDHGA4;EHBP1;KCNA4;ARV1,0.519386834986474
de_novo,GSE38832,GSE39582,10,10,F2RL2;FOXC1;LIMK2;GGN;EP300;C12orf76;PCDHGA4;EHBP1;KCNA4;ARV1,0.513163315481016
de_novo,GSE38832,GSE72970,10,10,F2RL2;FOXC1;LIMK2;GGN;EP300;C12orf76;PCDHGA4;EHBP1;KCNA4;ARV1,0.53970223325062
de_novo,GSE38832,GSE17536,15,15,F2RL2;FOXC1;LIMK2;GGN;EP300;C12orf76;PCDHGA4;EHBP1;KCNA4;LMX1B;LOC143188;C17orf77;TMEM99;ARV1;IGHG1,0.53976176971072
de_novo,GSE38832,GSE17537,15,15,F2RL2;FOXC1;LIMK2;GGN;EP300;C12orf76;PCDHGA4;EHBP1;KCNA4;LMX1B;LOC143188;C17orf77;TMEM99;ARV1;IGHG1,0.539772727272727
de_novo,GSE38832,GSE29621,15,15,F2RL2;FOXC1;LIMK2;GGN;EP300;C12orf76;PCDHGA4;EHBP1;KCNA4;LMX1B;LOC143188;C17orf77;TMEM99;ARV1;IGHG1,0.586113615870153
de_novo,GSE38832,GSE39582,15,15,F2RL2;FOXC1;LIMK2;GGN;EP300;C12orf76;PCDHGA4;EHBP1;KCNA4;LMX1B;LOC143188;C17orf77;TMEM99;ARV1;IGHG1,0.508179728095472
de_novo,GSE38832,GSE72970,15,15,F2RL2;FOXC1;LIMK2;GGN;EP300;C12orf76;PCDHGA4;EHBP1;KCNA4;LMX1B;LOC143188;C17orf77;TMEM99;ARV1;IGHG1,0.503722084367246
de_novo,GSE38832,GSE17536,20,20,F2RL2;FOXC1;LIMK2;GGN;EP300;C12orf76;PCDHGA4;EHBP1;KCNA4;PGD;LMX1B;LOC143188;C17orf77;TMEM99;ARV1;NTNG2;CEMP1;NNMT;IGHG1;ARHGEF19,0.560748723766308
de_novo,GSE38832,GSE17537,20,20,F2RL2;FOXC1;LIMK2;GGN;EP300;C12orf76;PCDHGA4;EHBP1;KCNA4;PGD;LMX1B;LOC143188;C17orf77;TMEM99;ARV1;NTNG2;CEMP1;NNMT;IGHG1;ARHGEF19,0.569318181818182
de_novo,GSE38832,GSE29621,20,20,F2RL2;FOXC1;LIMK2;GGN;EP300;C12orf76;PCDHGA4;EHBP1;KCNA4;PGD;LMX1B;LOC143188;C17orf77;TMEM99;ARV1;NTNG2;CEMP1;NNMT;IGHG1;ARHGEF19,0.636609558160505
de_novo,GSE38832,GSE39582,20,20,F2RL2;FOXC1;LIMK2;GGN;EP300;C12orf76;PCDHGA4;EHBP1;KCNA4;PGD;LMX1B;LOC143188;C17orf77;TMEM99;ARV1;NTNG2;CEMP1;NNMT;IGHG1;ARHGEF19,0.50934920993528
de_novo,GSE38832,GSE72970,20,20,F2RL2;FOXC1;LIMK2;GGN;EP300;C12orf76;PCDHGA4;EHBP1;KCNA4;PGD;LMX1B;LOC143188;C17orf77;TMEM99;ARV1;NTNG2;CEMP1;NNMT;IGHG1;ARHGEF19,0.524813895781638
de_novo,GSE38832,GSE17536,30,30,F2RL2;FOXC1;LIMK2;GGN;EP300;C12orf76;PCDHGA4;EHBP1;KCNA4;WNK1;PGD;RBP7;SHQ1;LMX1B;LOC143188;C17orf77;TMEM99;ARV1;NTNG2;CEMP1;NNMT;MIA;ZBTB17;NPAS2;TTC21A;IGHG1;LOC100134822;LIMD2;ARHGEF19;PECR,0.560975609756098
de_novo,GSE38832,GSE17537,30,30,F2RL2;FOXC1;LIMK2;GGN;EP300;C12orf76;PCDHGA4;EHBP1;KCNA4;WNK1;PGD;RBP7;SHQ1;LMX1B;LOC143188;C17orf77;TMEM99;ARV1;NTNG2;CEMP1;NNMT;MIA;ZBTB17;NPAS2;TTC21A;IGHG1;LOC100134822;LIMD2;ARHGEF19;PECR,0.539772727272727
de_novo,GSE38832,GSE29621,30,30,F2RL2;FOXC1;LIMK2;GGN;EP300;C12orf76;PCDHGA4;EHBP1;KCNA4;WNK1;PGD;RBP7;SHQ1;LMX1B;LOC143188;C17orf77;TMEM99;ARV1;NTNG2;CEMP1;NNMT;MIA;ZBTB17;NPAS2;TTC21A;IGHG1;LOC100134822;LIMD2;ARHGEF19;PECR,0.585211902614969
de_novo,GSE38832,GSE39582,30,30,F2RL2;FOXC1;LIMK2;GGN;EP300;C12orf76;PCDHGA4;EHBP1;KCNA4;WNK1;PGD;RBP7;SHQ1;LMX1B;LOC143188;C17orf77;TMEM99;ARV1;NTNG2;CEMP1;NNMT;MIA;ZBTB17;NPAS2;TTC21A;IGHG1;LOC100134822;LIMD2;ARHGEF19;PECR,0.50109638922482
de_novo,GSE38832,GSE72970,30,30,F2RL2;FOXC1;LIMK2;GGN;EP300;C12orf76;PCDHGA4;EHBP1;KCNA4;WNK1;PGD;RBP7;SHQ1;LMX1B;LOC143188;C17orf77;TMEM99;ARV1;NTNG2;CEMP1;NNMT;MIA;ZBTB17;NPAS2;TTC21A;IGHG1;LOC100134822;LIMD2;ARHGEF19;PECR,0.566997518610422
de_novo,GSE38832,GSE17536,50,51,F2RL2;NUAK2;LIMK2;GGN;EP300;C12orf76;PCDHGA4;WNK1;PGD;RBP7;SHQ1;LMX1B;LOC143188;C17orf77;TMEM99;ARV1;NTNG2;CEMP1;AKAP5;ALG9;NNMT;BMP2K;CORIN;SH3GL2;MIA;TMPRSS11E;PBX2;VAC14-AS1;ZBTB17;NPAS2;TTC21A;GRIA3;IGHG1;IL3RA;CTD-2350J17.1;IFITM10;ZNF83;LOC100134822;LIMD2;MTOR;ARHGEF19;PECR;LOC100505664;SEMA3F;BAIAP3;GPR146;PKP1;GOLGA2P10;DDB1;HES5;P4HA1,0.554395916052184
de_novo,GSE38832,GSE17537,50,51,F2RL2;NUAK2;LIMK2;GGN;EP300;C12orf76;PCDHGA4;WNK1;PGD;RBP7;SHQ1;LMX1B;LOC143188;C17orf77;TMEM99;ARV1;NTNG2;CEMP1;AKAP5;ALG9;NNMT;BMP2K;CORIN;SH3GL2;MIA;TMPRSS11E;PBX2;VAC14-AS1;ZBTB17;NPAS2;TTC21A;GRIA3;IGHG1;IL3RA;CTD-2350J17.1;IFITM10;ZNF83;LOC100134822;LIMD2;MTOR;ARHGEF19;PECR;LOC100505664;SEMA3F;BAIAP3;GPR146;PKP1;GOLGA2P10;DDB1;HES5;P4HA1,0.570454545454545
de_novo,GSE38832,GSE29621,50,51,F2RL2;NUAK2;LIMK2;GGN;EP300;C12orf76;PCDHGA4;WNK1;PGD;RBP7;SHQ1;LMX1B;LOC143188;C17orf77;TMEM99;ARV1;NTNG2;CEMP1;AKAP5;ALG9;NNMT;BMP2K;CORIN;SH3GL2;MIA;TMPRSS11E;PBX2;VAC14-AS1;ZBTB17;NPAS2;TTC21A;GRIA3;IGHG1;IL3RA;CTD-2350J17.1;IFITM10;ZNF83;LOC100134822;LIMD2;MTOR;ARHGEF19;PECR;LOC100505664;SEMA3F;BAIAP3;GPR146;PKP1;GOLGA2P10;DDB1;HES5;P4HA1,0.563570784490532
de_novo,GSE38832,GSE39582,50,51,F2RL2;NUAK2;LIMK2;GGN;EP300;C12orf76;PCDHGA4;WNK1;PGD;RBP7;SHQ1;LMX1B;LOC143188;C17orf77;TMEM99;ARV1;NTNG2;CEMP1;AKAP5;ALG9;NNMT;BMP2K;CORIN;SH3GL2;MIA;TMPRSS11E;PBX2;VAC14-AS1;ZBTB17;NPAS2;TTC21A;GRIA3;IGHG1;IL3RA;CTD-2350J17.1;IFITM10;ZNF83;LOC100134822;LIMD2;MTOR;ARHGEF19;PECR;LOC100505664;SEMA3F;BAIAP3;GPR146;PKP1;GOLGA2P10;DDB1;HES5;P4HA1,0.513402527675522
de_novo,GSE38832,GSE72970,50,51,F2RL2;NUAK2;LIMK2;GGN;EP300;C12orf76;PCDHGA4;WNK1;PGD;RBP7;SHQ1;LMX1B;LOC143188;C17orf77;TMEM99;ARV1;NTNG2;CEMP1;AKAP5;ALG9;NNMT;BMP2K;CORIN;SH3GL2;MIA;TMPRSS11E;PBX2;VAC14-AS1;ZBTB17;NPAS2;TTC21A;GRIA3;IGHG1;IL3RA;CTD-2350J17.1;IFITM10;ZNF83;LOC100134822;LIMD2;MTOR;ARHGEF19;PECR;LOC100505664;SEMA3F;BAIAP3;GPR146;PKP1;GOLGA2P10;DDB1;HES5;P4HA1,0.517369727047147
de_novo,GSE72970,GSE17536,3,2,SMTN;ROR2,0.517640385706183
de_novo,GSE72970,GSE17537,3,2,SMTN;ROR2,0.568181818181818
de_novo,GSE72970,GSE29621,3,2,SMTN;ROR2,0.523895401262399
de_novo,GSE72970,GSE38832,3,2,SMTN;ROR2,0.534716342082981
de_novo,GSE72970,GSE39582,3,2,SMTN;ROR2,0.507953805467328
de_novo,GSE72970,GSE17536,5,5,SMTN;ROR2;DLX6;KMT2B;ZC2HC1C,0.540442427680091
de_novo,GSE72970,GSE17537,5,5,SMTN;ROR2;DLX6;KMT2B;ZC2HC1C,0.588636363636364
de_novo,GSE72970,GSE29621,5,5,SMTN;ROR2;DLX6;KMT2B;ZC2HC1C,0.556357078449053
de_novo,GSE72970,GSE38832,5,5,SMTN;ROR2;DLX6;KMT2B;ZC2HC1C,0.540643522438611
de_novo,GSE72970,GSE39582,5,5,SMTN;ROR2;DLX6;KMT2B;ZC2HC1C,0.520007442157163
de_novo,GSE72970,GSE17536,8,8,ISM1-AS1;LOC101929125;SMTN;ROR2;DLX6;KMT2B;TMEM200B;ZC2HC1C,0.528757799205899
de_novo,GSE72970,GSE17537,8,8,ISM1-AS1;LOC101929125;SMTN;ROR2;DLX6;KMT2B;TMEM200B;ZC2HC1C,0.521590909090909
de_novo,GSE72970,GSE29621,8,8,ISM1-AS1;LOC101929125;SMTN;ROR2;DLX6;KMT2B;TMEM200B;ZC2HC1C,0.589720468890893
de_novo,GSE72970,GSE38832,8,8,ISM1-AS1;LOC101929125;SMTN;ROR2;DLX6;KMT2B;TMEM200B;ZC2HC1C,0.528365791701948
de_novo,GSE72970,GSE39582,8,8,ISM1-AS1;LOC101929125;SMTN;ROR2;DLX6;KMT2B;TMEM200B;ZC2HC1C,0.507927226334605
de_novo,GSE72970,GSE17536,10,10,ISM1-AS1;LOC101929125;SMTN;ROR2;KMT2B;RPL21P28;ARHGAP33;TMEM200B;CNN3;ZC2HC1C,0.503800340328985
de_novo,GSE72970,GSE17537,10,10,ISM1-AS1;LOC101929125;SMTN;ROR2;KMT2B;RPL21P28;ARHGAP33;TMEM200B;CNN3;ZC2HC1C,0.535227272727273
de_novo,GSE72970,GSE29621,10,10,ISM1-AS1;LOC101929125;SMTN;ROR2;KMT2B;RPL21P28;ARHGAP33;TMEM200B;CNN3;ZC2HC1C,0.561767357980162
de_novo,GSE72970,GSE38832,10,10,ISM1-AS1;LOC101929125;SMTN;ROR2;KMT2B;RPL21P28;ARHGAP33;TMEM200B;CNN3;ZC2HC1C,0.512701100762066
de_novo,GSE72970,GSE39582,10,10,ISM1-AS1;LOC101929125;SMTN;ROR2;KMT2B;RPL21P28;ARHGAP33;TMEM200B;CNN3;ZC2HC1C,0.503382194638989
de_novo,GSE72970,GSE17536,15,16,ISM1-AS1;CDH9;SMTN;ROR2;KMT2B;SYT17;RPL21P28;ARHGAP33;TMEM200B;CNN3;CYP1A1;ZC2HC1C;NUCKS1;HSPB6;SIAE;LOC101929479,0.552694271128758
de_novo,GSE72970,GSE17537,15,16,ISM1-AS1;CDH9;SMTN;ROR2;KMT2B;SYT17;RPL21P28;ARHGAP33;TMEM200B;CNN3;CYP1A1;ZC2HC1C;NUCKS1;HSPB6;SIAE;LOC101929479,0.557954545454546
de_novo,GSE72970,GSE29621,15,16,ISM1-AS1;CDH9;SMTN;ROR2;KMT2B;SYT17;RPL21P28;ARHGAP33;TMEM200B;CNN3;CYP1A1;ZC2HC1C;NUCKS1;HSPB6;SIAE;LOC101929479,0.541027953110911
de_novo,GSE72970,GSE38832,15,16,ISM1-AS1;CDH9;SMTN;ROR2;KMT2B;SYT17;RPL21P28;ARHGAP33;TMEM200B;CNN3;CYP1A1;ZC2HC1C;NUCKS1;HSPB6;SIAE;LOC101929479,0.533869602032176
de_novo,GSE72970,GSE39582,15,16,ISM1-AS1;CDH9;SMTN;ROR2;KMT2B;SYT17;RPL21P28;ARHGAP33;TMEM200B;CNN3;CYP1A1;ZC2HC1C;NUCKS1;HSPB6;SIAE;LOC101929479,0.51548898959427
de_novo,GSE72970,GSE17536,20,20,ISM1-AS1;CDH9;SMTN;CSRP1;ROR2;CASP5;KMT2B;SYT17;RPL21P28;ARHGAP33;TMEM200B;CNN3;CYP1A1;ZC2HC1C;NUCKS1;LINC00668;ATG9B;SIAE;LOC101929479;MARVELD3,0.516279069767442
de_novo,GSE72970,GSE17537,20,20,ISM1-AS1;CDH9;SMTN;CSRP1;ROR2;CASP5;KMT2B;SYT17;RPL21P28;ARHGAP33;TMEM200B;CNN3;CYP1A1;ZC2HC1C;NUCKS1;LINC00668;ATG9B;SIAE;LOC101929479;MARVELD3,0.554545454545455
de_novo,GSE72970,GSE29621,20,20,ISM1-AS1;CDH9;SMTN;CSRP1;ROR2;CASP5;KMT2B;SYT17;RPL21P28;ARHGAP33;TMEM200B;CNN3;CYP1A1;ZC2HC1C;NUCKS1;LINC00668;ATG9B;SIAE;LOC101929479;MARVELD3,0.553651938683499
de_novo,GSE72970,GSE38832,20,20,ISM1-AS1;CDH9;SMTN;CSRP1;ROR2;CASP5;KMT2B;SYT17;RPL21P28;ARHGAP33;TMEM200B;CNN3;CYP1A1;ZC2HC1C;NUCKS1;LINC00668;ATG9B;SIAE;LOC101929479;MARVELD3,0.525825571549534
de_novo,GSE72970,GSE39582,20,20,ISM1-AS1;CDH9;SMTN;CSRP1;ROR2;CASP5;KMT2B;SYT17;RPL21P28;ARHGAP33;TMEM200B;CNN3;CYP1A1;ZC2HC1C;NUCKS1;LINC00668;ATG9B;SIAE;LOC101929479;MARVELD3,0.512299493667522
de_novo,GSE72970,GSE17536,30,30,ISM1-AS1;LOC101929125;CDH9;CSRP1;ROR2;CASP5;PUM2;KMT2B;SYT17;RPL21P28;CNN3;SPANXA2-OT1;ZC2HC1C;NUCKS1;ZNF91;LINC00668;HSPB6;KANK1;SLC23A1;ERC1;ATG9B;SIAE;LOC101929479;ABCA2;ABCD4;MARVELD3;PRELID2;GFER;PDIA4;FUBP1,0.516959727736812
de_novo,GSE72970,GSE17537,30,30,ISM1-AS1;LOC101929125;CDH9;CSRP1;ROR2;CASP5;PUM2;KMT2B;SYT17;RPL21P28;CNN3;SPANXA2-OT1;ZC2HC1C;NUCKS1;ZNF91;LINC00668;HSPB6;KANK1;SLC23A1;ERC1;ATG9B;SIAE;LOC101929479;ABCA2;ABCD4;MARVELD3;PRELID2;GFER;PDIA4;FUBP1,0.536363636363636
de_novo,GSE72970,GSE29621,30,30,ISM1-AS1;LOC101929125;CDH9;CSRP1;ROR2;CASP5;PUM2;KMT2B;SYT17;RPL21P28;CNN3;SPANXA2-OT1;ZC2HC1C;NUCKS1;ZNF91;LINC00668;HSPB6;KANK1;SLC23A1;ERC1;ATG9B;SIAE;LOC101929479;ABCA2;ABCD4;MARVELD3;PRELID2;GFER;PDIA4;FUBP1,0.517583408476105
de_novo,GSE72970,GSE38832,30,30,ISM1-AS1;LOC101929125;CDH9;CSRP1;ROR2;CASP5;PUM2;KMT2B;SYT17;RPL21P28;CNN3;SPANXA2-OT1;ZC2HC1C;NUCKS1;ZNF91;LINC00668;HSPB6;KANK1;SLC23A1;ERC1;ATG9B;SIAE;LOC101929479;ABCA2;ABCD4;MARVELD3;PRELID2;GFER;PDIA4;FUBP1,0.537256562235394
de_novo,GSE72970,GSE39582,30,30,ISM1-AS1;LOC101929125;CDH9;CSRP1;ROR2;CASP5;PUM2;KMT2B;SYT17;RPL21P28;CNN3;SPANXA2-OT1;ZC2HC1C;NUCKS1;ZNF91;LINC00668;HSPB6;KANK1;SLC23A1;ERC1;ATG9B;SIAE;LOC101929479;ABCA2;ABCD4;MARVELD3;PRELID2;GFER;PDIA4;FUBP1,0.541084694406422
de_novo,GSE72970,GSE17536,50,40,NUFIP1;ISM1-AS1;LOC101929125;CDH9;SVIL;CASP5;SPANXA2-OT1;SECISBP2;ZNF91;VAMP2;ACAP3;PTPA;KANK1;NAA35;SLC23A1;ERC1;CATSPERB;SLC30A10;LINC01098;LOC729218;SIAE;LOC101929479;DQX1;LINC01018;ABCA2;PHF11;ABCD4;MARVELD3;PRELID2;S100G;FLNC;NIPSNAP1;HDGF;GFER;PDIA4;OSR1;POMP;FUBP1;TPCN2;PLIN3,0.516165626772547
de_novo,GSE72970,GSE17537,50,40,NUFIP1;ISM1-AS1;LOC101929125;CDH9;SVIL;CASP5;SPANXA2-OT1;SECISBP2;ZNF91;VAMP2;ACAP3;PTPA;KANK1;NAA35;SLC23A1;ERC1;CATSPERB;SLC30A10;LINC01098;LOC729218;SIAE;LOC101929479;DQX1;LINC01018;ABCA2;PHF11;ABCD4;MARVELD3;PRELID2;S100G;FLNC;NIPSNAP1;HDGF;GFER;PDIA4;OSR1;POMP;FUBP1;TPCN2;PLIN3,0.5375
de_novo,GSE72970,GSE29621,50,40,NUFIP1;ISM1-AS1;LOC101929125;CDH9;SVIL;CASP5;SPANXA2-OT1;SECISBP2;ZNF91;VAMP2;ACAP3;PTPA;KANK1;NAA35;SLC23A1;ERC1;CATSPERB;SLC30A10;LINC01098;LOC729218;SIAE;LOC101929479;DQX1;LINC01018;ABCA2;PHF11;ABCD4;MARVELD3;PRELID2;S100G;FLNC;NIPSNAP1;HDGF;GFER;PDIA4;OSR1;POMP;FUBP1;TPCN2;PLIN3,0.507664562669071
de_novo,GSE72970,GSE38832,50,40,NUFIP1;ISM1-AS1;LOC101929125;CDH9;SVIL;CASP5;SPANXA2-OT1;SECISBP2;ZNF91;VAMP2;ACAP3;PTPA;KANK1;NAA35;SLC23A1;ERC1;CATSPERB;SLC30A10;LINC01098;LOC729218;SIAE;LOC101929479;DQX1;LINC01018;ABCA2;PHF11;ABCD4;MARVELD3;PRELID2;S100G;FLNC;NIPSNAP1;HDGF;GFER;PDIA4;OSR1;POMP;FUBP1;TPCN2;PLIN3,0.524132091447926
de_novo,GSE72970,GSE39582,50,40,NUFIP1;ISM1-AS1;LOC101929125;CDH9;SVIL;CASP5;SPANXA2-OT1;SECISBP2;ZNF91;VAMP2;ACAP3;PTPA;KANK1;NAA35;SLC23A1;ERC1;CATSPERB;SLC30A10;LINC01098;LOC729218;SIAE;LOC101929479;DQX1;LINC01018;ABCA2;PHF11;ABCD4;MARVELD3;PRELID2;S100G;FLNC;NIPSNAP1;HDGF;GFER;PDIA4;OSR1;POMP;FUBP1;TPCN2;PLIN3,0.518319667229258
