test,n_gene,train,K_target,genes,C,cohort,null_median,null_mean,null_p95,dC,beat_random
GSE17537,3,GSE17536,3,EHBP1;DCBLD2;PCNX1,0.630681818181818,GSE17537,0.556818181818182,0.566346818181818,0.656818181818182,0.07386363636363602,1
GSE29621,3,GSE17536,3,EHBP1;DCBLD2;PCNX1,0.69522091974752,GSE29621,0.550045085662759,0.558279531109107,0.640216411181244,0.14517583408476098,1
GSE38832,3,GSE17536,3,EHBP1;DCBLD2;PCNX1,0.640135478408129,GSE38832,0.540643522438611,0.547782641828959,0.617696867061812,0.09949195596951799,1
GSE39582,3,GSE17536,3,EHBP1;DCBLD2;PCNX1,0.578521402846625,GSE39582,0.520226720002126,0.523587770941034,0.556885988810185,0.05829468284449901,1
GSE72970,3,GSE17536,3,EHBP1;DCBLD2;PCNX1,0.560794044665012,GSE72970,0.555831265508685,0.564506451612903,0.652667493796526,0.004962779156327035,1
GSE17537,5,GSE17536,5,EHBP1;DCBLD2;PCNX1;FRG1EP;SLAMF1,0.519318181818182,GSE17537,0.556818181818182,0.565732727272727,0.655681818181818,-0.03749999999999998,0
GSE29621,5,GSE17536,5,EHBP1;DCBLD2;PCNX1;FRG1EP;SLAMF1,0.590622182146078,GSE29621,0.550045085662759,0.558040577096483,0.640216411181244,0.040577096483318975,1
GSE38832,5,GSE17536,5,EHBP1;DCBLD2;PCNX1;FRG1EP;SLAMF1,0.624047417442845,GSE38832,0.541066892464014,0.547729635901778,0.616426756985606,0.08298052497883102,1
GSE39582,5,GSE17536,5,EHBP1;DCBLD2;PCNX1;FRG1EP;SLAMF1,0.56362379895544,GSE39582,0.520020731723524,0.523696157986365,0.557619572873337,0.04360306723191598,1
GSE72970,5,GSE17536,5,EHBP1;DCBLD2;PCNX1;FRG1EP;SLAMF1,0.641439205955335,GSE72970,0.558312655086849,0.565846153846154,0.655086848635236,0.08312655086848597,1
GSE17537,8,GSE17536,8,EHBP1;DCBLD2;PCNX1;FRG1EP;ZEB1-AS1;SLAMF1;CXCR6;C14orf1,0.568181818181818,GSE17537,0.557954545454546,0.565419090909091,0.657954545454546,0.010227272727271974,1
GSE29621,8,GSE17536,8,EHBP1;DCBLD2;PCNX1;FRG1EP;ZEB1-AS1;SLAMF1;CXCR6;C14orf1,0.547339945897205,GSE29621,0.550946798917944,0.557850135256988,0.634806131650135,-0.0036068530207389315,0
GSE38832,8,GSE17536,8,EHBP1;DCBLD2;PCNX1;FRG1EP;ZEB1-AS1;SLAMF1;CXCR6;C14orf1,0.560118543607113,GSE38832,0.540643522438611,0.546964521591871,0.611769686706181,0.01947502116850197,1
GSE39582,8,GSE17536,8,EHBP1;DCBLD2;PCNX1;FRG1EP;ZEB1-AS1;SLAMF1;CXCR6;C14orf1,0.567637247996598,GSE39582,0.520406129148006,0.523682682366074,0.556275333235877,0.04723111884859199,1
GSE72970,8,GSE17536,8,EHBP1;DCBLD2;PCNX1;FRG1EP;ZEB1-AS1;SLAMF1;CXCR6;C14orf1,0.593052109181142,GSE72970,0.557071960297767,0.565939454094293,0.655086848635236,0.035980148883375085,1
GSE17537,9,GSE17536,10,EHBP1;DCBLD2;PCNX1;FRG1EP;ZEB1-AS1;LOC401317;SLAMF1;CXCR6;C14orf1,0.559090909090909,GSE17537,0.555681818181818,0.564968863636364,0.655681818181818,0.003409090909090917,1
GSE29621,9,GSE17536,10,EHBP1;DCBLD2;PCNX1;FRG1EP;ZEB1-AS1;LOC401317;SLAMF1;CXCR6;C14orf1,0.598737601442741,GSE29621,0.549143372407574,0.557066907123535,0.63751127141569,0.04959422903516697,1
GSE38832,9,GSE17536,10,EHBP1;DCBLD2;PCNX1;FRG1EP;ZEB1-AS1;LOC401317;SLAMF1;CXCR6;C14orf1,0.580440304826418,GSE38832,0.540643522438611,0.547279932260796,0.612616426756986,0.03979678238780693,1
GSE39582,9,GSE17536,10,EHBP1;DCBLD2;PCNX1;FRG1EP;ZEB1-AS1;LOC401317;SLAMF1;CXCR6;C14orf1,0.557829548021848,GSE39582,0.520386194798464,0.52400362273579,0.558002976862865,0.03744335322338399,1
GSE72970,9,GSE17536,10,EHBP1;DCBLD2;PCNX1;FRG1EP;ZEB1-AS1;LOC401317;SLAMF1;CXCR6;C14orf1,0.63151364764268,GSE72970,0.557071960297767,0.565126799007444,0.656327543424318,0.07444168734491308,1
GSE17537,15,GSE17536,15,EHBP1;DCBLD2;PCNX1;FRG1EP;ZEB1-AS1;LOC401317;SLAMF1;CXCR6;C14orf1;CISH;AKNA;ATF4;CSTF3-AS1;ASNS;ISOC1,0.606818181818182,GSE17537,0.554545454545455,0.562439318181818,0.648863636363636,0.052272727272727026,1
GSE29621,15,GSE17536,15,EHBP1;DCBLD2;PCNX1;FRG1EP;ZEB1-AS1;LOC401317;SLAMF1;CXCR6;C14orf1;CISH;AKNA;ATF4;CSTF3-AS1;ASNS;ISOC1,0.575293056807935,GSE29621,0.54824165915239,0.555719567177638,0.629395852119026,0.027051397655544984,1
GSE38832,15,GSE17536,15,EHBP1;DCBLD2;PCNX1;FRG1EP;ZEB1-AS1;LOC401317;SLAMF1;CXCR6;C14orf1;CISH;AKNA;ATF4;CSTF3-AS1;ASNS;ISOC1,0.554191363251482,GSE38832,0.539796782387807,0.545677646062659,0.607959356477561,0.014394580863674955,1
GSE39582,15,GSE17536,15,EHBP1;DCBLD2;PCNX1;FRG1EP;ZEB1-AS1;LOC401317;SLAMF1;CXCR6;C14orf1;CISH;AKNA;ATF4;CSTF3-AS1;ASNS;ISOC1,0.517588741079379,GSE39582,0.521695217085067,0.524910244926708,0.558867463154677,-0.004106476005688031,0
GSE72970,15,GSE17536,15,EHBP1;DCBLD2;PCNX1;FRG1EP;ZEB1-AS1;LOC401317;SLAMF1;CXCR6;C14orf1;CISH;AKNA;ATF4;CSTF3-AS1;ASNS;ISOC1,0.683622828784119,GSE72970,0.557071960297767,0.56512952853598,0.652605459057072,0.126550868486352,1
GSE17537,20,GSE17536,20,EHBP1;DCBLD2;PCNX1;FRG1EP;ZEB1-AS1;LOC401317;SLAMF1;CXCR6;C14orf1;CISH;AKNA;TREML2;ATF4;NETO1;CSTF3-AS1;ACOX3;FBXL16;GATA3;ASNS;ISOC1,0.644318181818182,GSE17537,0.554545454545455,0.562540227272727,0.648863636363636,0.089772727272727,1
GSE29621,20,GSE17536,20,EHBP1;DCBLD2;PCNX1;FRG1EP;ZEB1-AS1;LOC401317;SLAMF1;CXCR6;C14orf1;CISH;AKNA;TREML2;ATF4;NETO1;CSTF3-AS1;ACOX3;FBXL16;GATA3;ASNS;ISOC1,0.501352569882777,GSE29621,0.549143372407574,0.556434084761046,0.634851217312895,-0.04779080252479706,0
GSE38832,20,GSE17536,20,EHBP1;DCBLD2;PCNX1;FRG1EP;ZEB1-AS1;LOC401317;SLAMF1;CXCR6;C14orf1;CISH;AKNA;TREML2;ATF4;NETO1;CSTF3-AS1;ACOX3;FBXL16;GATA3;ASNS;ISOC1,0.552497883149873,GSE38832,0.539796782387807,0.545839627434378,0.607535986452159,0.012701100762065987,1
GSE39582,20,GSE17536,20,EHBP1;DCBLD2;PCNX1;FRG1EP;ZEB1-AS1;LOC401317;SLAMF1;CXCR6;C14orf1;CISH;AKNA;TREML2;ATF4;NETO1;CSTF3-AS1;ACOX3;FBXL16;GATA3;ASNS;ISOC1,0.520844684837934,GSE39582,0.522233444522705,0.525247587279227,0.559557856127155,-0.0013887596847710348,0
GSE72970,20,GSE17536,20,EHBP1;DCBLD2;PCNX1;FRG1EP;ZEB1-AS1;LOC401317;SLAMF1;CXCR6;C14orf1;CISH;AKNA;TREML2;ATF4;NETO1;CSTF3-AS1;ACOX3;FBXL16;GATA3;ASNS;ISOC1,0.667493796526055,GSE72970,0.557071960297767,0.564961042183623,0.652605459057072,0.11042183622828805,1
GSE17537,29,GSE17536,30,EHBP1;DCBLD2;PCNX1;FRG1EP;ZEB1-AS1;LOC401317;SLAMF1;CXCR6;DBF4B;C14orf1;ENDOU;CISH;KLC2;LOC101928505;UTS2;AKNA;ATF4;MAP3K9;LOC100507033;NETO1;CSTF3-AS1;LOC100506922;ZBED5-AS1;ACOX3;LOC101928861;FBXL16;GATA3;ASNS;ISOC1,0.542045454545455,GSE17537,0.553409090909091,0.561210227272727,0.645454545454546,-0.01136363636363591,0
GSE29621,29,GSE17536,30,EHBP1;DCBLD2;PCNX1;FRG1EP;ZEB1-AS1;LOC401317;SLAMF1;CXCR6;DBF4B;C14orf1;ENDOU;CISH;KLC2;LOC101928505;UTS2;AKNA;ATF4;MAP3K9;LOC100507033;NETO1;CSTF3-AS1;LOC100506922;ZBED5-AS1;ACOX3;LOC101928861;FBXL16;GATA3;ASNS;ISOC1,0.523895401262399,GSE29621,0.547339945897205,0.555547159603246,0.63214607754734,-0.023444544634806053,0
GSE38832,29,GSE17536,30,EHBP1;DCBLD2;PCNX1;FRG1EP;ZEB1-AS1;LOC401317;SLAMF1;CXCR6;DBF4B;C14orf1;ENDOU;CISH;KLC2;LOC101928505;UTS2;AKNA;ATF4;MAP3K9;LOC100507033;NETO1;CSTF3-AS1;LOC100506922;ZBED5-AS1;ACOX3;LOC101928861;FBXL16;GATA3;ASNS;ISOC1,0.563082133784928,GSE38832,0.539373412362405,0.545154445385267,0.604170194750212,0.023708721422523005,1
GSE39582,29,GSE17536,30,EHBP1;DCBLD2;PCNX1;FRG1EP;ZEB1-AS1;LOC401317;SLAMF1;CXCR6;DBF4B;C14orf1;ENDOU;CISH;KLC2;LOC101928505;UTS2;AKNA;ATF4;MAP3K9;LOC100507033;NETO1;CSTF3-AS1;LOC100506922;ZBED5-AS1;ACOX3;LOC101928861;FBXL16;GATA3;ASNS;ISOC1,0.511488830119473,GSE39582,0.523097266336199,0.526245822424814,0.560502079817136,-0.011608436216726026,0
GSE72970,29,GSE17536,30,EHBP1;DCBLD2;PCNX1;FRG1EP;ZEB1-AS1;LOC401317;SLAMF1;CXCR6;DBF4B;C14orf1;ENDOU;CISH;KLC2;LOC101928505;UTS2;AKNA;ATF4;MAP3K9;LOC100507033;NETO1;CSTF3-AS1;LOC100506922;ZBED5-AS1;ACOX3;LOC101928861;FBXL16;GATA3;ASNS;ISOC1,0.600496277915633,GSE72970,0.559553349875931,0.567103722084367,0.652605459057072,0.04094292803970201,1
GSE17537,50,GSE17536,50,DCBLD2;FRG1EP;ZEB1-AS1;LOC401317;SLAMF1;CXCR6;DBF4B;C14orf1;ENDOU;CISH;KLC2;LOC101928505;UTS2;AKNA;ADCY10;MAP3K9;ZNF204P;LOC100507033;NETO1;RDH11;OIT3;FUCA1;BTBD8;CSTF3-AS1;CCDC83;PLA2G16;LOC100506922;CALB2;ZBED5-AS1;ACOX3;INTS6L;TUBGCP5;ANKS4B;LOC101928861;ABLIM3;ZNF720;IDI1;ZC3H14;CLN3;CDC23;LOC106146153;CTTN;AIP;FBXL16;GATA3;TEKT1;MAP2K4;ASNS;ISOC1;LOC339988,0.589772727272727,GSE17537,0.551136363636364,0.557968636363636,0.638636363636364,0.038636363636363025,1
GSE29621,50,GSE17536,50,DCBLD2;FRG1EP;ZEB1-AS1;LOC401317;SLAMF1;CXCR6;DBF4B;C14orf1;ENDOU;CISH;KLC2;LOC101928505;UTS2;AKNA;ADCY10;MAP3K9;ZNF204P;LOC100507033;NETO1;RDH11;OIT3;FUCA1;BTBD8;CSTF3-AS1;CCDC83;PLA2G16;LOC100506922;CALB2;ZBED5-AS1;ACOX3;INTS6L;TUBGCP5;ANKS4B;LOC101928861;ABLIM3;ZNF720;IDI1;ZC3H14;CLN3;CDC23;LOC106146153;CTTN;AIP;FBXL16;GATA3;TEKT1;MAP2K4;ASNS;ISOC1;LOC339988,0.556357078449053,GSE29621,0.54824165915239,0.555679891794409,0.631199278629396,0.00811541929666304,1
GSE38832,50,GSE17536,50,DCBLD2;FRG1EP;ZEB1-AS1;LOC401317;SLAMF1;CXCR6;DBF4B;C14orf1;ENDOU;CISH;KLC2;LOC101928505;UTS2;AKNA;ADCY10;MAP3K9;ZNF204P;LOC100507033;NETO1;RDH11;OIT3;FUCA1;BTBD8;CSTF3-AS1;CCDC83;PLA2G16;LOC100506922;CALB2;ZBED5-AS1;ACOX3;INTS6L;TUBGCP5;ANKS4B;LOC101928861;ABLIM3;ZNF720;IDI1;ZC3H14;CLN3;CDC23;LOC106146153;CTTN;AIP;FBXL16;GATA3;TEKT1;MAP2K4;ASNS;ISOC1;LOC339988,0.544030482641829,GSE38832,0.5385266723116,0.542512023708721,0.5961049957663,0.005503810330228953,1
GSE39582,50,GSE17536,50,DCBLD2;FRG1EP;ZEB1-AS1;LOC401317;SLAMF1;CXCR6;DBF4B;C14orf1;ENDOU;CISH;KLC2;LOC101928505;UTS2;AKNA;ADCY10;MAP3K9;ZNF204P;LOC100507033;NETO1;RDH11;OIT3;FUCA1;BTBD8;CSTF3-AS1;CCDC83;PLA2G16;LOC100506922;CALB2;ZBED5-AS1;ACOX3;INTS6L;TUBGCP5;ANKS4B;LOC101928861;ABLIM3;ZNF720;IDI1;ZC3H14;CLN3;CDC23;LOC106146153;CTTN;AIP;FBXL16;GATA3;TEKT1;MAP2K4;ASNS;ISOC1;LOC339988,0.503063245046314,GSE39582,0.525828272223477,0.527760599093652,0.561406434808032,-0.022765027177163,0
GSE72970,50,GSE17536,50,DCBLD2;FRG1EP;ZEB1-AS1;LOC401317;SLAMF1;CXCR6;DBF4B;C14orf1;ENDOU;CISH;KLC2;LOC101928505;UTS2;AKNA;ADCY10;MAP3K9;ZNF204P;LOC100507033;NETO1;RDH11;OIT3;FUCA1;BTBD8;CSTF3-AS1;CCDC83;PLA2G16;LOC100506922;CALB2;ZBED5-AS1;ACOX3;INTS6L;TUBGCP5;ANKS4B;LOC101928861;ABLIM3;ZNF720;IDI1;ZC3H14;CLN3;CDC23;LOC106146153;CTTN;AIP;FBXL16;GATA3;TEKT1;MAP2K4;ASNS;ISOC1;LOC339988,0.566997518610422,GSE72970,0.562034739454094,0.568683870967742,0.653846153846154,0.004962779156328034,1
GSE17536,2,GSE17537,3,NKX1-1;STAG3L2,0.526942711287578,GSE17536,0.534203062960862,0.539466749858196,0.59194554736245,-0.007260351673283982,0
GSE29621,2,GSE17537,3,NKX1-1;STAG3L2,0.519386834986474,GSE29621,0.551848512173129,0.559559603246168,0.640216411181244,-0.03246167718665505,0
GSE38832,2,GSE17537,3,NKX1-1;STAG3L2,0.53259949195597,GSE38832,0.541913632514818,0.548701185436071,0.618141405588484,-0.009314140558847939,0
GSE39582,2,GSE17537,3,NKX1-1;STAG3L2,0.526054194851622,GSE39582,0.520100469121693,0.523568009355855,0.556329820457959,0.005953725729928916,1
GSE72970,2,GSE17537,3,NKX1-1;STAG3L2,0.516129032258065,GSE72970,0.557071960297767,0.565354838709677,0.652605459057072,-0.04094292803970201,0
GSE17536,5,GSE17537,5,NKX1-1;STAG3L2;LOC105374042;SOX1;HES5,0.5471355643789,GSE17536,0.533862733976177,0.538931276233693,0.59206466250709,0.01327283040272298,1
GSE29621,5,GSE17537,5,NKX1-1;STAG3L2;LOC105374042;SOX1;HES5,0.54824165915239,GSE29621,0.550045085662759,0.558040577096483,0.640216411181244,-0.0018034265103690217,0
GSE38832,5,GSE17537,5,NKX1-1;STAG3L2;LOC105374042;SOX1;HES5,0.624894157493649,GSE38832,0.541066892464014,0.547729635901778,0.616426756985606,0.083827265029635,1
GSE39582,5,GSE17537,5,NKX1-1;STAG3L2;LOC105374042;SOX1;HES5,0.544074846837748,GSE39582,0.520020731723524,0.523696157986365,0.557619572873337,0.02405411511422395,1
GSE72970,5,GSE17537,5,NKX1-1;STAG3L2;LOC105374042;SOX1;HES5,0.533498759305211,GSE72970,0.558312655086849,0.565846153846154,0.655086848635236,-0.024813895781638062,0
GSE17536,7,GSE17537,8,NKX1-1;STAG3L2;PGBD5;LOC105374042;SOX1;HES5;BEX4,0.5310266591038,GSE17536,0.535791264889393,0.539656653431651,0.591043675553035,-0.004764605785593012,0
GSE29621,7,GSE17537,8,NKX1-1;STAG3L2;PGBD5;LOC105374042;SOX1;HES5;BEX4,0.551848512173129,GSE29621,0.550045085662759,0.557245626690712,0.63570784490532,0.0018034265103700209,1
GSE38832,7,GSE17537,8,NKX1-1;STAG3L2;PGBD5;LOC105374042;SOX1;HES5;BEX4,0.59991532599492,GSE38832,0.539373412362405,0.546679508890771,0.611790855207451,0.06054191363251504,1
GSE39582,7,GSE17537,8,NKX1-1;STAG3L2;PGBD5;LOC105374042;SOX1;HES5;BEX4,0.548300928940689,GSE39582,0.520578893510705,0.523971552354247,0.557592993740614,0.027722035429984082,1
GSE72970,7,GSE17537,8,NKX1-1;STAG3L2;PGBD5;LOC105374042;SOX1;HES5;BEX4,0.512406947890819,GSE72970,0.555831265508685,0.564924069478908,0.653846153846154,-0.043424317617866026,0
GSE17536,10,GSE17537,10,NKX1-1;STAG3L2;LOC100505715;PGBD5;LOC105374042;LOC100996760;SOX1;HES5;BEX4;ERAP1,0.500850822461713,GSE17536,0.535110606920023,0.539838275666478,0.592739648326716,-0.034259784458310016,0
GSE29621,10,GSE17537,10,NKX1-1;STAG3L2;LOC100505715;PGBD5;LOC105374042;LOC100996760;SOX1;HES5;BEX4;ERAP1,0.550045085662759,GSE29621,0.550045085662759,0.556930568079351,0.63570784490532,0.0,0
GSE38832,10,GSE17537,10,NKX1-1;STAG3L2;LOC100505715;PGBD5;LOC105374042;LOC100996760;SOX1;HES5;BEX4;ERAP1,0.554191363251482,GSE38832,0.541490262489416,0.547465791701948,0.614733276883997,0.012701100762065987,1
GSE39582,10,GSE17537,10,NKX1-1;STAG3L2;LOC100505715;PGBD5;LOC105374042;LOC100996760;SOX1;HES5;BEX4;ERAP1,0.546466968782809,GSE39582,0.520824750488392,0.524349534200699,0.558004305819501,0.02564221829441693,1
GSE72970,10,GSE17537,10,NKX1-1;STAG3L2;LOC100505715;PGBD5;LOC105374042;LOC100996760;SOX1;HES5;BEX4;ERAP1,0.537220843672457,GSE72970,0.557071960297767,0.565474193548387,0.656327543424318,-0.019851116625309917,0
GSE17536,14,GSE17537,15,NKX1-1;STAG3L2;LOC100505715;PGBD5;LOC105374042;TRAPPC2B;LOC100996760;SOX1;HES5;GPX2;BEX4;LOC101928760;LRRC4C;ERAP1,0.500170164492343,GSE17536,0.535337492909813,0.53982822461713,0.591605218377765,-0.035167328417470056,0
GSE29621,14,GSE17537,15,NKX1-1;STAG3L2;LOC100505715;PGBD5;LOC105374042;TRAPPC2B;LOC100996760;SOX1;HES5;GPX2;BEX4;LOC101928760;LRRC4C;ERAP1,0.568079350766456,GSE29621,0.549143372407574,0.55684526600541,0.63570784490532,0.018935978358881944,1
GSE38832,14,GSE17537,15,NKX1-1;STAG3L2;LOC100505715;PGBD5;LOC105374042;TRAPPC2B;LOC100996760;SOX1;HES5;GPX2;BEX4;LOC101928760;LRRC4C;ERAP1,0.544453852667231,GSE38832,0.539796782387807,0.546245977984759,0.60965283657917,0.004657070279423969,1
GSE39582,14,GSE17537,15,NKX1-1;STAG3L2;LOC100505715;PGBD5;LOC105374042;TRAPPC2B;LOC100996760;SOX1;HES5;GPX2;BEX4;LOC101928760;LRRC4C;ERAP1,0.544114715536832,GSE39582,0.521077252249259,0.5245477321355,0.558150491049477,0.023037463287572946,1
GSE72970,14,GSE17537,15,NKX1-1;STAG3L2;LOC100505715;PGBD5;LOC105374042;TRAPPC2B;LOC100996760;SOX1;HES5;GPX2;BEX4;LOC101928760;LRRC4C;ERAP1,0.580645161290323,GSE72970,0.557071960297767,0.565649627791563,0.656327543424318,0.023573200992555998,1
GSE17536,19,GSE17537,20,NKX1-1;STAG3L2;LOC100505715;PGBD5;LOC105374042;TRAPPC2B;HES5;CAMK4;FAM193A;GPX2;BEX4;LOC101928760;ZNRF1;LRRC4C;TLX3;SNRNP35;ERAP1;PBX2;CCNA1,0.527963698241634,GSE17536,0.535904707884288,0.540050187180942,0.59138400453772,-0.007941009642653984,0
GSE29621,19,GSE17537,20,NKX1-1;STAG3L2;LOC100505715;PGBD5;LOC105374042;TRAPPC2B;HES5;CAMK4;FAM193A;GPX2;BEX4;LOC101928760;ZNRF1;LRRC4C;TLX3;SNRNP35;ERAP1;PBX2;CCNA1,0.587015329125338,GSE29621,0.54824165915239,0.555264201983769,0.633002705139766,0.038773669972948066,1
GSE38832,19,GSE17537,20,NKX1-1;STAG3L2;LOC100505715;PGBD5;LOC105374042;TRAPPC2B;HES5;CAMK4;FAM193A;GPX2;BEX4;LOC101928760;ZNRF1;LRRC4C;TLX3;SNRNP35;ERAP1;PBX2;CCNA1,0.558425063505504,GSE38832,0.538950042337003,0.544933615580017,0.607133784928027,0.019475021168500972,1
GSE39582,19,GSE17537,20,NKX1-1;STAG3L2;LOC100505715;PGBD5;LOC105374042;TRAPPC2B;HES5;CAMK4;FAM193A;GPX2;BEX4;LOC101928760;ZNRF1;LRRC4C;TLX3;SNRNP35;ERAP1;PBX2;CCNA1,0.54455327122676,GSE39582,0.521874626230946,0.525108472098555,0.558613632437174,0.022678644995813957,1
GSE72970,19,GSE17537,20,NKX1-1;STAG3L2;LOC100505715;PGBD5;LOC105374042;TRAPPC2B;HES5;CAMK4;FAM193A;GPX2;BEX4;LOC101928760;ZNRF1;LRRC4C;TLX3;SNRNP35;ERAP1;PBX2;CCNA1,0.557071960297767,GSE72970,0.557071960297767,0.566658560794045,0.6575682382134,0.0,0
GSE17536,30,GSE17537,30,NKX1-1;MIA2;STAG3L2;B3GALT2;PGBD5;LOC105374042;HES5;CAMK4;FAM193A;SNURF;PGBD2;LOC101928760;ZNF304;KIAA1661;DNAJB12;MIR4296;ZNRF1;LRRC4C;CDKAL1;HIST2H2AA4;TLX3;ERAP1;GNL3;EDNRB;PKD2L1;TLDC1;CFAP54;VDAC2;PBX2;LIMS1,0.532501418037436,GSE17536,0.537039137833239,0.540752399319342,0.5908111174135,-0.004537719795802975,0
GSE29621,30,GSE17537,30,NKX1-1;MIA2;STAG3L2;B3GALT2;PGBD5;LOC105374042;HES5;CAMK4;FAM193A;SNURF;PGBD2;LOC101928760;ZNF304;KIAA1661;DNAJB12;MIR4296;ZNRF1;LRRC4C;CDKAL1;HIST2H2AA4;TLX3;ERAP1;GNL3;EDNRB;PKD2L1;TLDC1;CFAP54;VDAC2;PBX2;LIMS1,0.611361587015329,GSE29621,0.54824165915239,0.554965374211001,0.629395852119026,0.06311992786293907,1
GSE38832,30,GSE17537,30,NKX1-1;MIA2;STAG3L2;B3GALT2;PGBD5;LOC105374042;HES5;CAMK4;FAM193A;SNURF;PGBD2;LOC101928760;ZNF304;KIAA1661;DNAJB12;MIR4296;ZNRF1;LRRC4C;CDKAL1;HIST2H2AA4;TLX3;ERAP1;GNL3;EDNRB;PKD2L1;TLDC1;CFAP54;VDAC2;PBX2;LIMS1,0.589331075359865,GSE38832,0.5385266723116,0.544363759525826,0.603302286198137,0.050804403048264946,1
GSE39582,30,GSE17537,30,NKX1-1;MIA2;STAG3L2;B3GALT2;PGBD5;LOC105374042;HES5;CAMK4;FAM193A;SNURF;PGBD2;LOC101928760;ZNF304;KIAA1661;DNAJB12;MIR4296;ZNRF1;LRRC4C;CDKAL1;HIST2H2AA4;TLX3;ERAP1;GNL3;EDNRB;PKD2L1;TLDC1;CFAP54;VDAC2;PBX2;LIMS1,0.515329514797932,GSE39582,0.522971015455766,0.525837375576435,0.558840219543636,-0.007641500657833977,0
GSE72970,30,GSE17537,30,NKX1-1;MIA2;STAG3L2;B3GALT2;PGBD5;LOC105374042;HES5;CAMK4;FAM193A;SNURF;PGBD2;LOC101928760;ZNF304;KIAA1661;DNAJB12;MIR4296;ZNRF1;LRRC4C;CDKAL1;HIST2H2AA4;TLX3;ERAP1;GNL3;EDNRB;PKD2L1;TLDC1;CFAP54;VDAC2;PBX2;LIMS1,0.548387096774194,GSE72970,0.558312655086849,0.566800248138958,0.653846153846154,-0.00992555831265507,0
GSE17536,33,GSE17537,50,NKX1-1;MIA2;STAG3L2;B3GALT2;PGBD5;LOC105374042;HES5;FAM193A;SOAT2;SNURF;PGBD2;MFAP3L;ZNF304;KIAA1661;DNAJB12;ZNRF1;LRRC4C;CDKAL1;HIST2H2AA4;TLX3;LINC01619;SNRNP35;ERAP1;EDNRB;TMEM27;PKD2L1;TLDC1;ZBED9;CFAP54;VDAC2;PBX2;XCL2;LIMS1,0.52989222915485,GSE17536,0.537606352807714,0.541931140102099,0.593085649461146,-0.007714123652863947,0
GSE29621,33,GSE17537,50,NKX1-1;MIA2;STAG3L2;B3GALT2;PGBD5;LOC105374042;HES5;FAM193A;SOAT2;SNURF;PGBD2;MFAP3L;ZNF304;KIAA1661;DNAJB12;ZNRF1;LRRC4C;CDKAL1;HIST2H2AA4;TLX3;LINC01619;SNRNP35;ERAP1;EDNRB;TMEM27;PKD2L1;TLDC1;ZBED9;CFAP54;VDAC2;PBX2;XCL2;LIMS1,0.601442741208296,GSE29621,0.54824165915239,0.555297745716862,0.631199278629396,0.05320108205590601,1
GSE38832,33,GSE17537,50,NKX1-1;MIA2;STAG3L2;B3GALT2;PGBD5;LOC105374042;HES5;FAM193A;SOAT2;SNURF;PGBD2;MFAP3L;ZNF304;KIAA1661;DNAJB12;ZNRF1;LRRC4C;CDKAL1;HIST2H2AA4;TLX3;LINC01619;SNRNP35;ERAP1;EDNRB;TMEM27;PKD2L1;TLDC1;ZBED9;CFAP54;VDAC2;PBX2;XCL2;LIMS1,0.60584250635055,GSE38832,0.538950042337003,0.543742845046571,0.600762066045724,0.06689246401354698,1
GSE39582,33,GSE17537,50,NKX1-1;MIA2;STAG3L2;B3GALT2;PGBD5;LOC105374042;HES5;FAM193A;SOAT2;SNURF;PGBD2;MFAP3L;ZNF304;KIAA1661;DNAJB12;ZNRF1;LRRC4C;CDKAL1;HIST2H2AA4;TLX3;LINC01619;SNRNP35;ERAP1;EDNRB;TMEM27;PKD2L1;TLDC1;ZBED9;CFAP54;VDAC2;PBX2;XCL2;LIMS1,0.520671920475235,GSE39582,0.523775034220633,0.526384751551557,0.560806410886813,-0.0031031137453979563,0
GSE72970,33,GSE17537,50,NKX1-1;MIA2;STAG3L2;B3GALT2;PGBD5;LOC105374042;HES5;FAM193A;SOAT2;SNURF;PGBD2;MFAP3L;ZNF304;KIAA1661;DNAJB12;ZNRF1;LRRC4C;CDKAL1;HIST2H2AA4;TLX3;LINC01619;SNRNP35;ERAP1;EDNRB;TMEM27;PKD2L1;TLDC1;ZBED9;CFAP54;VDAC2;PBX2;XCL2;LIMS1,0.564516129032258,GSE72970,0.559553349875931,0.566812158808933,0.652605459057072,0.004962779156327035,1
GSE17536,2,GSE29621,3,TNFAIP8L2;CXCR6,0.667725467952354,GSE17536,0.534203062960862,0.539466749858196,0.59194554736245,0.13352240499149204,1
GSE17537,2,GSE29621,3,TNFAIP8L2;CXCR6,0.593181818181818,GSE17537,0.560227272727273,0.568061363636364,0.661363636363636,0.032954545454545014,1
GSE38832,2,GSE29621,3,TNFAIP8L2;CXCR6,0.530906011854361,GSE38832,0.541913632514818,0.548701185436071,0.618141405588484,-0.011007620660456907,0
GSE39582,2,GSE29621,3,TNFAIP8L2;CXCR6,0.509109997740774,GSE39582,0.520100469121693,0.523568009355855,0.556329820457959,-0.01099047138091902,0
GSE72970,2,GSE29621,3,TNFAIP8L2;CXCR6,0.559553349875931,GSE72970,0.557071960297767,0.565354838709677,0.652605459057072,0.002481389578164017,1
GSE17536,5,GSE29621,5,TNFAIP8L2;CXCR6;MPHOSPH10;HMGCS1;PCMT1,0.503573454339195,GSE17536,0.533862733976177,0.538931276233693,0.59206466250709,-0.030289279636982025,0
GSE17537,5,GSE29621,5,TNFAIP8L2;CXCR6;MPHOSPH10;HMGCS1;PCMT1,0.717045454545455,GSE17537,0.556818181818182,0.565732727272727,0.655681818181818,0.160227272727273,1
GSE38832,5,GSE29621,5,TNFAIP8L2;CXCR6;MPHOSPH10;HMGCS1;PCMT1,0.543607112616427,GSE38832,0.541066892464014,0.547729635901778,0.616426756985606,0.002540220152413064,1
GSE39582,5,GSE29621,5,TNFAIP8L2;CXCR6;MPHOSPH10;HMGCS1;PCMT1,0.524167076428296,GSE39582,0.520020731723524,0.523696157986365,0.557619572873337,0.0041463447047719315,1
GSE72970,5,GSE29621,5,TNFAIP8L2;CXCR6;MPHOSPH10;HMGCS1;PCMT1,0.503722084367246,GSE72970,0.558312655086849,0.565846153846154,0.655086848635236,-0.05459057071960305,0
GSE17536,8,GSE29621,8,TNFAIP8L2;SMIM17;CXCR6;MPHOSPH10;HMGCS1;PCMT1;FUCA1;FGF6,0.544866704480998,GSE17536,0.534883720930233,0.539460102098695,0.591724333522405,0.009982983550765101,1
GSE17537,8,GSE29621,8,TNFAIP8L2;SMIM17;CXCR6;MPHOSPH10;HMGCS1;PCMT1;FUCA1;FGF6,0.731818181818182,GSE17537,0.557954545454546,0.565419090909091,0.657954545454546,0.173863636363636,1
GSE38832,8,GSE29621,8,TNFAIP8L2;SMIM17;CXCR6;MPHOSPH10;HMGCS1;PCMT1;FUCA1;FGF6,0.609229466553768,GSE38832,0.540643522438611,0.546964521591871,0.611769686706181,0.06858594411515695,1
GSE39582,8,GSE29621,8,TNFAIP8L2;SMIM17;CXCR6;MPHOSPH10;HMGCS1;PCMT1;FUCA1;FGF6,0.5328185841296,GSE39582,0.520406129148006,0.523682682366074,0.556275333235877,0.012412454981594045,1
GSE72970,8,GSE29621,8,TNFAIP8L2;SMIM17;CXCR6;MPHOSPH10;HMGCS1;PCMT1;FUCA1;FGF6,0.513647642679901,GSE72970,0.557071960297767,0.565939454094293,0.655086848635236,-0.043424317617865915,0
GSE17536,10,GSE29621,10,TNFAIP8L2;SMIM17;CXCR6;MPHOSPH10;HMGCS1;PCMT1;FUCA1;HIKESHI;P4HA1;FGF6,0.534883720930233,GSE17536,0.535110606920023,0.539838275666478,0.592739648326716,-0.0002268859897900377,0
GSE17537,10,GSE29621,10,TNFAIP8L2;SMIM17;CXCR6;MPHOSPH10;HMGCS1;PCMT1;FUCA1;HIKESHI;P4HA1;FGF6,0.761363636363636,GSE17537,0.556818181818182,0.5647675,0.650056818181819,0.20454545454545403,1
GSE38832,10,GSE29621,10,TNFAIP8L2;SMIM17;CXCR6;MPHOSPH10;HMGCS1;PCMT1;FUCA1;HIKESHI;P4HA1;FGF6,0.520745131244708,GSE38832,0.541490262489416,0.547465791701948,0.614733276883997,-0.020745131244708004,0
GSE39582,10,GSE29621,10,TNFAIP8L2;SMIM17;CXCR6;MPHOSPH10;HMGCS1;PCMT1;FUCA1;HIKESHI;P4HA1;FGF6,0.525296689569019,GSE39582,0.520824750488392,0.524349534200699,0.558004305819501,0.00447193908062693,1
GSE72970,10,GSE29621,10,TNFAIP8L2;SMIM17;CXCR6;MPHOSPH10;HMGCS1;PCMT1;FUCA1;HIKESHI;P4HA1;FGF6,0.507444168734491,GSE72970,0.557071960297767,0.565474193548387,0.656327543424318,-0.0496277915632759,0
GSE17536,16,GSE29621,15,TNFAIP8L2;SMIM17;CXCR6;MPHOSPH10;HMGCS1;PCMT1;ERMN;FUCA1;HIKESHI;ZNF221;P4HA1;FGF6;NLGN4X;EMB;SCCPDH;ABLIM3,0.506296086216676,GSE17536,0.535110606920023,0.539685876347136,0.59126488939308,-0.028814520703347002,0
GSE17537,16,GSE29621,15,TNFAIP8L2;SMIM17;CXCR6;MPHOSPH10;HMGCS1;PCMT1;ERMN;FUCA1;HIKESHI;ZNF221;P4HA1;FGF6;NLGN4X;EMB;SCCPDH;ABLIM3,0.780681818181818,GSE17537,0.553409090909091,0.562285909090909,0.648863636363636,0.22727272727272707,1
GSE38832,16,GSE29621,15,TNFAIP8L2;SMIM17;CXCR6;MPHOSPH10;HMGCS1;PCMT1;ERMN;FUCA1;HIKESHI;ZNF221;P4HA1;FGF6;NLGN4X;EMB;SCCPDH;ABLIM3,0.501693480101609,GSE38832,0.540643522438611,0.546286536833192,0.608806096528366,-0.038950042337002055,0
GSE39582,16,GSE29621,15,TNFAIP8L2;SMIM17;CXCR6;MPHOSPH10;HMGCS1;PCMT1;ERMN;FUCA1;HIKESHI;ZNF221;P4HA1;FGF6;NLGN4X;EMB;SCCPDH;ABLIM3,0.517920980238415,GSE39582,0.521602190120536,0.524778048294284,0.557977726686778,-0.0036812098821209505,0
GSE72970,16,GSE29621,15,TNFAIP8L2;SMIM17;CXCR6;MPHOSPH10;HMGCS1;PCMT1;ERMN;FUCA1;HIKESHI;ZNF221;P4HA1;FGF6;NLGN4X;EMB;SCCPDH;ABLIM3,0.550868486352357,GSE72970,0.557071960297767,0.565495037220844,0.650124069478908,-0.006203473945409987,0
GSE17536,20,GSE29621,20,TNFAIP8L2;SMIM17;CXCR6;MPHOSPH10;HMGCS1;PCMT1;ERMN;FUCA1;HIKESHI;ZNF221;P4HA1;FGF6;PRO0471;NLGN4X;EMB;SCCPDH;RNASEH2C;CNOT6L;LOC400548;ABLIM3,0.523993193420306,GSE17536,0.536925694838344,0.541099829835508,0.593993193420306,-0.012932501418037923,0
GSE17537,20,GSE29621,20,TNFAIP8L2;SMIM17;CXCR6;MPHOSPH10;HMGCS1;PCMT1;ERMN;FUCA1;HIKESHI;ZNF221;P4HA1;FGF6;PRO0471;NLGN4X;EMB;SCCPDH;RNASEH2C;CNOT6L;LOC400548;ABLIM3,0.747727272727273,GSE17537,0.554545454545455,0.562540227272727,0.648863636363636,0.193181818181818,1
GSE38832,20,GSE29621,20,TNFAIP8L2;SMIM17;CXCR6;MPHOSPH10;HMGCS1;PCMT1;ERMN;FUCA1;HIKESHI;ZNF221;P4HA1;FGF6;PRO0471;NLGN4X;EMB;SCCPDH;RNASEH2C;CNOT6L;LOC400548;ABLIM3,0.524555461473328,GSE38832,0.539796782387807,0.545839627434378,0.607535986452159,-0.01524132091447905,0
GSE39582,20,GSE29621,20,TNFAIP8L2;SMIM17;CXCR6;MPHOSPH10;HMGCS1;PCMT1;ERMN;FUCA1;HIKESHI;ZNF221;P4HA1;FGF6;PRO0471;NLGN4X;EMB;SCCPDH;RNASEH2C;CNOT6L;LOC400548;ABLIM3,0.504285885151568,GSE39582,0.522233444522705,0.525247587279227,0.559557856127155,-0.017947559371137012,0
GSE72970,20,GSE29621,20,TNFAIP8L2;SMIM17;CXCR6;MPHOSPH10;HMGCS1;PCMT1;ERMN;FUCA1;HIKESHI;ZNF221;P4HA1;FGF6;PRO0471;NLGN4X;EMB;SCCPDH;RNASEH2C;CNOT6L;LOC400548;ABLIM3,0.581885856079405,GSE72970,0.557071960297767,0.564961042183623,0.652605459057072,0.024813895781638062,1
GSE17536,29,GSE29621,30,TNFAIP8L2;CXCR6;MPHOSPH10;HMGCS1;LOC101928505;SOX9-AS1;FUCA1;HIKESHI;STRIP2;ZNF221;P4HA1;PRO0471;TNFSF13;NLGN4X;KSR2;EMB;SCCPDH;RNASEH2C;LOC102724788;ALDH1L1-AS2;CNOT6L;OR2W1;LOC400548;FAM24B;ABLIM3;DDIT3;CYP51A1-AS1;GCOM1;IER3IP1,0.527623369256948,GSE17536,0.537492909812819,0.540972342597845,0.59103800340329,-0.009869540555871081,0
GSE17537,29,GSE29621,30,TNFAIP8L2;CXCR6;MPHOSPH10;HMGCS1;LOC101928505;SOX9-AS1;FUCA1;HIKESHI;STRIP2;ZNF221;P4HA1;PRO0471;TNFSF13;NLGN4X;KSR2;EMB;SCCPDH;RNASEH2C;LOC102724788;ALDH1L1-AS2;CNOT6L;OR2W1;LOC400548;FAM24B;ABLIM3;DDIT3;CYP51A1-AS1;GCOM1;IER3IP1,0.659090909090909,GSE17537,0.553409090909091,0.561210227272727,0.645454545454546,0.10568181818181799,1
GSE38832,29,GSE29621,30,TNFAIP8L2;CXCR6;MPHOSPH10;HMGCS1;LOC101928505;SOX9-AS1;FUCA1;HIKESHI;STRIP2;ZNF221;P4HA1;PRO0471;TNFSF13;NLGN4X;KSR2;EMB;SCCPDH;RNASEH2C;LOC102724788;ALDH1L1-AS2;CNOT6L;OR2W1;LOC400548;FAM24B;ABLIM3;DDIT3;CYP51A1-AS1;GCOM1;IER3IP1,0.509314140558848,GSE38832,0.539373412362405,0.545154445385267,0.604170194750212,-0.03005927180355694,0
GSE39582,29,GSE29621,30,TNFAIP8L2;CXCR6;MPHOSPH10;HMGCS1;LOC101928505;SOX9-AS1;FUCA1;HIKESHI;STRIP2;ZNF221;P4HA1;PRO0471;TNFSF13;NLGN4X;KSR2;EMB;SCCPDH;RNASEH2C;LOC102724788;ALDH1L1-AS2;CNOT6L;OR2W1;LOC400548;FAM24B;ABLIM3;DDIT3;CYP51A1-AS1;GCOM1;IER3IP1,0.50504339043417,GSE39582,0.523097266336199,0.526245822424814,0.560502079817136,-0.018053875902029004,0
GSE72970,29,GSE29621,30,TNFAIP8L2;CXCR6;MPHOSPH10;HMGCS1;LOC101928505;SOX9-AS1;FUCA1;HIKESHI;STRIP2;ZNF221;P4HA1;PRO0471;TNFSF13;NLGN4X;KSR2;EMB;SCCPDH;RNASEH2C;LOC102724788;ALDH1L1-AS2;CNOT6L;OR2W1;LOC400548;FAM24B;ABLIM3;DDIT3;CYP51A1-AS1;GCOM1;IER3IP1,0.58560794044665,GSE72970,0.559553349875931,0.567103722084367,0.652605459057072,0.026054590570719016,1
GSE17536,37,GSE29621,50,CXCR6;MPHOSPH10;HMGCS1;LOC101928505;ERMN;SOX9-AS1;FUCA1;HIKESHI;STRIP2;ZNF221;P4HA1;LINC00597;TNFSF13;NLGN4X;CTTN;EMB;SCCPDH;RNASEH2C;LOC102724788;ALDH1L1-AS2;ERICH1;DCDC2;BANF2;S1PR2;LOC400548;FAU;APOBEC3B;FAM24B;ABLIM3;DDIT3;CYP51A1-AS1;GCOM1;TAAR8;ST3GAL5;KCNA4;IER3IP1;ARRB2,0.506409529211571,GSE17536,0.53817356778219,0.541523244469654,0.590363017583664,-0.031764038570619046,0
GSE17537,37,GSE29621,50,CXCR6;MPHOSPH10;HMGCS1;LOC101928505;ERMN;SOX9-AS1;FUCA1;HIKESHI;STRIP2;ZNF221;P4HA1;LINC00597;TNFSF13;NLGN4X;CTTN;EMB;SCCPDH;RNASEH2C;LOC102724788;ALDH1L1-AS2;ERICH1;DCDC2;BANF2;S1PR2;LOC400548;FAU;APOBEC3B;FAM24B;ABLIM3;DDIT3;CYP51A1-AS1;GCOM1;TAAR8;ST3GAL5;KCNA4;IER3IP1;ARRB2,0.685227272727273,GSE17537,0.55,0.559261136363636,0.643181818181818,0.13522727272727297,1
GSE38832,37,GSE29621,50,CXCR6;MPHOSPH10;HMGCS1;LOC101928505;ERMN;SOX9-AS1;FUCA1;HIKESHI;STRIP2;ZNF221;P4HA1;LINC00597;TNFSF13;NLGN4X;CTTN;EMB;SCCPDH;RNASEH2C;LOC102724788;ALDH1L1-AS2;ERICH1;DCDC2;BANF2;S1PR2;LOC400548;FAU;APOBEC3B;FAM24B;ABLIM3;DDIT3;CYP51A1-AS1;GCOM1;TAAR8;ST3GAL5;KCNA4;IER3IP1;ARRB2,0.567739204064352,GSE38832,0.5385266723116,0.543584419983065,0.601185436071126,0.029212531752751958,1
GSE39582,37,GSE29621,50,CXCR6;MPHOSPH10;HMGCS1;LOC101928505;ERMN;SOX9-AS1;FUCA1;HIKESHI;STRIP2;ZNF221;P4HA1;LINC00597;TNFSF13;NLGN4X;CTTN;EMB;SCCPDH;RNASEH2C;LOC102724788;ALDH1L1-AS2;ERICH1;DCDC2;BANF2;S1PR2;LOC400548;FAU;APOBEC3B;FAM24B;ABLIM3;DDIT3;CYP51A1-AS1;GCOM1;TAAR8;ST3GAL5;KCNA4;IER3IP1;ARRB2,0.511754621446702,GSE39582,0.523270030698898,0.526184913684267,0.559623639480644,-0.011515409252195963,0
GSE72970,37,GSE29621,50,CXCR6;MPHOSPH10;HMGCS1;LOC101928505;ERMN;SOX9-AS1;FUCA1;HIKESHI;STRIP2;ZNF221;P4HA1;LINC00597;TNFSF13;NLGN4X;CTTN;EMB;SCCPDH;RNASEH2C;LOC102724788;ALDH1L1-AS2;ERICH1;DCDC2;BANF2;S1PR2;LOC400548;FAU;APOBEC3B;FAM24B;ABLIM3;DDIT3;CYP51A1-AS1;GCOM1;TAAR8;ST3GAL5;KCNA4;IER3IP1;ARRB2,0.602977667493797,GSE72970,0.559553349875931,0.566318362282878,0.653846153846154,0.043424317617866026,1
GSE17536,2,GSE38832,3,FOXC1;PCDHGA4,0.583323879750425,GSE17536,0.534203062960862,0.539466749858196,0.59194554736245,0.04912081678956304,1
GSE17537,2,GSE38832,3,FOXC1;PCDHGA4,0.546590909090909,GSE17537,0.560227272727273,0.568061363636364,0.661363636363636,-0.013636363636364002,0
GSE29621,2,GSE38832,3,FOXC1;PCDHGA4,0.605049594229035,GSE29621,0.551848512173129,0.559559603246168,0.640216411181244,0.05320108205590601,1
GSE39582,2,GSE38832,3,FOXC1;PCDHGA4,0.579624436854626,GSE39582,0.520100469121693,0.523568009355855,0.556329820457959,0.05952396773293289,1
GSE72970,2,GSE38832,3,FOXC1;PCDHGA4,0.507444168734491,GSE72970,0.557071960297767,0.565354838709677,0.652605459057072,-0.0496277915632759,0
GSE17536,5,GSE38832,5,F2RL2;FOXC1;GGN;C12orf76;PCDHGA4,0.517300056721497,GSE17536,0.533862733976177,0.538931276233693,0.59206466250709,-0.01656267725467997,0
GSE17537,5,GSE38832,5,F2RL2;FOXC1;GGN;C12orf76;PCDHGA4,0.582954545454546,GSE17537,0.556818181818182,0.565732727272727,0.655681818181818,0.026136363636363957,1
GSE29621,5,GSE38832,5,F2RL2;FOXC1;GGN;C12orf76;PCDHGA4,0.528403967538323,GSE29621,0.550045085662759,0.558040577096483,0.640216411181244,-0.021641118124436032,0
GSE39582,5,GSE38832,5,F2RL2;FOXC1;GGN;C12orf76;PCDHGA4,0.514957406939812,GSE39582,0.520020731723524,0.523696157986365,0.557619572873337,-0.005063324783712075,0
GSE72970,5,GSE38832,5,F2RL2;FOXC1;GGN;C12orf76;PCDHGA4,0.550868486352357,GSE72970,0.558312655086849,0.565846153846154,0.655086848635236,-0.0074441687344920515,0
GSE17536,7,GSE38832,8,F2RL2;FOXC1;LIMK2;GGN;EP300;C12orf76;PCDHGA4,0.530686330119115,GSE17536,0.535791264889393,0.539656653431651,0.591043675553035,-0.005104934770277958,0
GSE17537,7,GSE38832,8,F2RL2;FOXC1;LIMK2;GGN;EP300;C12orf76;PCDHGA4,0.55,GSE17537,0.556818181818182,0.565034545454545,0.655681818181818,-0.006818181818181945,0
GSE29621,7,GSE38832,8,F2RL2;FOXC1;LIMK2;GGN;EP300;C12orf76;PCDHGA4,0.517583408476105,GSE29621,0.550045085662759,0.557245626690712,0.63570784490532,-0.03246167718665405,0
GSE39582,7,GSE38832,8,F2RL2;FOXC1;LIMK2;GGN;EP300;C12orf76;PCDHGA4,0.505535104389544,GSE39582,0.520578893510705,0.523971552354247,0.557592993740614,-0.015043789121161,0
GSE72970,7,GSE38832,8,F2RL2;FOXC1;LIMK2;GGN;EP300;C12orf76;PCDHGA4,0.543424317617866,GSE72970,0.555831265508685,0.564924069478908,0.653846153846154,-0.012406947890818976,0
GSE17536,10,GSE38832,10,F2RL2;FOXC1;LIMK2;GGN;EP300;C12orf76;PCDHGA4;EHBP1;KCNA4;ARV1,0.572660238230289,GSE17536,0.535110606920023,0.539838275666478,0.592739648326716,0.03754963131026601,1
GSE17537,10,GSE38832,10,F2RL2;FOXC1;LIMK2;GGN;EP300;C12orf76;PCDHGA4;EHBP1;KCNA4;ARV1,0.519318181818182,GSE17537,0.556818181818182,0.5647675,0.650056818181819,-0.03749999999999998,0
GSE29621,10,GSE38832,10,F2RL2;FOXC1;LIMK2;GGN;EP300;C12orf76;PCDHGA4;EHBP1;KCNA4;ARV1,0.519386834986474,GSE29621,0.550045085662759,0.556930568079351,0.63570784490532,-0.030658250676285026,0
GSE39582,10,GSE38832,10,F2RL2;FOXC1;LIMK2;GGN;EP300;C12orf76;PCDHGA4;EHBP1;KCNA4;ARV1,0.513163315481016,GSE39582,0.520824750488392,0.524349534200699,0.558004305819501,-0.0076614350073760384,0
GSE72970,10,GSE38832,10,F2RL2;FOXC1;LIMK2;GGN;EP300;C12orf76;PCDHGA4;EHBP1;KCNA4;ARV1,0.53970223325062,GSE72970,0.557071960297767,0.565474193548387,0.656327543424318,-0.01736972704714701,0
GSE17536,15,GSE38832,15,F2RL2;FOXC1;LIMK2;GGN;EP300;C12orf76;PCDHGA4;EHBP1;KCNA4;LMX1B;LOC143188;C17orf77;TMEM99;ARV1;IGHG1,0.53976176971072,GSE17536,0.535337492909813,0.540399455473625,0.594100964265457,0.004424276800906957,1
GSE17537,15,GSE38832,15,F2RL2;FOXC1;LIMK2;GGN;EP300;C12orf76;PCDHGA4;EHBP1;KCNA4;LMX1B;LOC143188;C17orf77;TMEM99;ARV1;IGHG1,0.539772727272727,GSE17537,0.554545454545455,0.562439318181818,0.648863636363636,-0.014772727272728048,0
GSE29621,15,GSE38832,15,F2RL2;FOXC1;LIMK2;GGN;EP300;C12orf76;PCDHGA4;EHBP1;KCNA4;LMX1B;LOC143188;C17orf77;TMEM99;ARV1;IGHG1,0.586113615870153,GSE29621,0.54824165915239,0.555719567177638,0.629395852119026,0.037871956717763,1
GSE39582,15,GSE38832,15,F2RL2;FOXC1;LIMK2;GGN;EP300;C12orf76;PCDHGA4;EHBP1;KCNA4;LMX1B;LOC143188;C17orf77;TMEM99;ARV1;IGHG1,0.508179728095472,GSE39582,0.521695217085067,0.524910244926708,0.558867463154677,-0.013515488989595092,0
GSE72970,15,GSE38832,15,F2RL2;FOXC1;LIMK2;GGN;EP300;C12orf76;PCDHGA4;EHBP1;KCNA4;LMX1B;LOC143188;C17orf77;TMEM99;ARV1;IGHG1,0.503722084367246,GSE72970,0.557071960297767,0.56512952853598,0.652605459057072,-0.053349875930520985,0
GSE17536,20,GSE38832,20,F2RL2;FOXC1;LIMK2;GGN;EP300;C12orf76;PCDHGA4;EHBP1;KCNA4;PGD;LMX1B;LOC143188;C17orf77;TMEM99;ARV1;NTNG2;CEMP1;NNMT;IGHG1;ARHGEF19,0.560748723766308,GSE17536,0.536925694838344,0.541099829835508,0.593993193420306,0.023823028927964063,1
GSE17537,20,GSE38832,20,F2RL2;FOXC1;LIMK2;GGN;EP300;C12orf76;PCDHGA4;EHBP1;KCNA4;PGD;LMX1B;LOC143188;C17orf77;TMEM99;ARV1;NTNG2;CEMP1;NNMT;IGHG1;ARHGEF19,0.569318181818182,GSE17537,0.554545454545455,0.562540227272727,0.648863636363636,0.014772727272726938,1
GSE29621,20,GSE38832,20,F2RL2;FOXC1;LIMK2;GGN;EP300;C12orf76;PCDHGA4;EHBP1;KCNA4;PGD;LMX1B;LOC143188;C17orf77;TMEM99;ARV1;NTNG2;CEMP1;NNMT;IGHG1;ARHGEF19,0.636609558160505,GSE29621,0.549143372407574,0.556434084761046,0.634851217312895,0.08746618575293097,1
GSE39582,20,GSE38832,20,F2RL2;FOXC1;LIMK2;GGN;EP300;C12orf76;PCDHGA4;EHBP1;KCNA4;PGD;LMX1B;LOC143188;C17orf77;TMEM99;ARV1;NTNG2;CEMP1;NNMT;IGHG1;ARHGEF19,0.50934920993528,GSE39582,0.522233444522705,0.525247587279227,0.559557856127155,-0.012884234587425047,0
GSE72970,20,GSE38832,20,F2RL2;FOXC1;LIMK2;GGN;EP300;C12orf76;PCDHGA4;EHBP1;KCNA4;PGD;LMX1B;LOC143188;C17orf77;TMEM99;ARV1;NTNG2;CEMP1;NNMT;IGHG1;ARHGEF19,0.524813895781638,GSE72970,0.557071960297767,0.564961042183623,0.652605459057072,-0.032258064516129004,0
GSE17536,30,GSE38832,30,F2RL2;FOXC1;LIMK2;GGN;EP300;C12orf76;PCDHGA4;EHBP1;KCNA4;WNK1;PGD;RBP7;SHQ1;LMX1B;LOC143188;C17orf77;TMEM99;ARV1;NTNG2;CEMP1;NNMT;MIA;ZBTB17;NPAS2;TTC21A;IGHG1;LOC100134822;LIMD2;ARHGEF19;PECR,0.560975609756098,GSE17536,0.537039137833239,0.540752399319342,0.5908111174135,0.02393647192285897,1
GSE17537,30,GSE38832,30,F2RL2;FOXC1;LIMK2;GGN;EP300;C12orf76;PCDHGA4;EHBP1;KCNA4;WNK1;PGD;RBP7;SHQ1;LMX1B;LOC143188;C17orf77;TMEM99;ARV1;NTNG2;CEMP1;NNMT;MIA;ZBTB17;NPAS2;TTC21A;IGHG1;LOC100134822;LIMD2;ARHGEF19;PECR,0.539772727272727,GSE17537,0.553409090909091,0.561220909090909,0.645454545454546,-0.013636363636364002,0
GSE29621,30,GSE38832,30,F2RL2;FOXC1;LIMK2;GGN;EP300;C12orf76;PCDHGA4;EHBP1;KCNA4;WNK1;PGD;RBP7;SHQ1;LMX1B;LOC143188;C17orf77;TMEM99;ARV1;NTNG2;CEMP1;NNMT;MIA;ZBTB17;NPAS2;TTC21A;IGHG1;LOC100134822;LIMD2;ARHGEF19;PECR,0.585211902614969,GSE29621,0.54824165915239,0.554965374211001,0.629395852119026,0.036970243462579044,1
GSE39582,30,GSE38832,30,F2RL2;FOXC1;LIMK2;GGN;EP300;C12orf76;PCDHGA4;EHBP1;KCNA4;WNK1;PGD;RBP7;SHQ1;LMX1B;LOC143188;C17orf77;TMEM99;ARV1;NTNG2;CEMP1;NNMT;MIA;ZBTB17;NPAS2;TTC21A;IGHG1;LOC100134822;LIMD2;ARHGEF19;PECR,0.50109638922482,GSE39582,0.522971015455766,0.525837375576435,0.558840219543636,-0.021874626230945937,0
GSE72970,30,GSE38832,30,F2RL2;FOXC1;LIMK2;GGN;EP300;C12orf76;PCDHGA4;EHBP1;KCNA4;WNK1;PGD;RBP7;SHQ1;LMX1B;LOC143188;C17orf77;TMEM99;ARV1;NTNG2;CEMP1;NNMT;MIA;ZBTB17;NPAS2;TTC21A;IGHG1;LOC100134822;LIMD2;ARHGEF19;PECR,0.566997518610422,GSE72970,0.558312655086849,0.566800248138958,0.653846153846154,0.008684863523573005,1
GSE17536,49,GSE38832,50,F2RL2;NUAK2;LIMK2;EP300;PCDHGA4;WNK1;PGD;RBP7;LMX1B;LOC143188;C17orf77;TMEM99;NTNG2;CEMP1;RPGR;UBL7-AS1;ALG9;NNMT;TNFRSF9;ZNRF1;AKAP12;PBX2;HARBI1;NPAS2;TTC21A;IGHG1;PDE12;IL3RA;EGFR;PCSK7;CIR1;CTD-2350J17.1;IFITM10;ZNF83;GPX2;LRRC8D;LOC100134822;PRSS2;SPATA2L;LIMD2;MTOR;ARHGEF19;SPP1;LOC100505501;VCL;PECR;LOC100505664;GRB10;IL21R,0.578899602949518,GSE17536,0.53885422575156,0.54149023255814,0.590017016449234,0.04004537719795809,1
GSE17537,49,GSE38832,50,F2RL2;NUAK2;LIMK2;EP300;PCDHGA4;WNK1;PGD;RBP7;LMX1B;LOC143188;C17orf77;TMEM99;NTNG2;CEMP1;RPGR;UBL7-AS1;ALG9;NNMT;TNFRSF9;ZNRF1;AKAP12;PBX2;HARBI1;NPAS2;TTC21A;IGHG1;PDE12;IL3RA;EGFR;PCSK7;CIR1;CTD-2350J17.1;IFITM10;ZNF83;GPX2;LRRC8D;LOC100134822;PRSS2;SPATA2L;LIMD2;MTOR;ARHGEF19;SPP1;LOC100505501;VCL;PECR;LOC100505664;GRB10;IL21R,0.504545454545455,GSE17537,0.55,0.5576175,0.638636363636364,-0.04545454545454508,0
GSE29621,49,GSE38832,50,F2RL2;NUAK2;LIMK2;EP300;PCDHGA4;WNK1;PGD;RBP7;LMX1B;LOC143188;C17orf77;TMEM99;NTNG2;CEMP1;RPGR;UBL7-AS1;ALG9;NNMT;TNFRSF9;ZNRF1;AKAP12;PBX2;HARBI1;NPAS2;TTC21A;IGHG1;PDE12;IL3RA;EGFR;PCSK7;CIR1;CTD-2350J17.1;IFITM10;ZNF83;GPX2;LRRC8D;LOC100134822;PRSS2;SPATA2L;LIMD2;MTOR;ARHGEF19;SPP1;LOC100505501;VCL;PECR;LOC100505664;GRB10;IL21R,0.555455365193868,GSE29621,0.547339945897205,0.55442091974752,0.631199278629396,0.008115419296662929,1
GSE39582,49,GSE38832,50,F2RL2;NUAK2;LIMK2;EP300;PCDHGA4;WNK1;PGD;RBP7;LMX1B;LOC143188;C17orf77;TMEM99;NTNG2;CEMP1;RPGR;UBL7-AS1;ALG9;NNMT;TNFRSF9;ZNRF1;AKAP12;PBX2;HARBI1;NPAS2;TTC21A;IGHG1;PDE12;IL3RA;EGFR;PCSK7;CIR1;CTD-2350J17.1;IFITM10;ZNF83;GPX2;LRRC8D;LOC100134822;PRSS2;SPATA2L;LIMD2;MTOR;ARHGEF19;SPP1;LOC100505501;VCL;PECR;LOC100505664;GRB10;IL21R,0.536340319215384,GSE39582,0.525409650883092,0.527579512804497,0.560648265047112,0.01093066833229206,1
GSE72970,49,GSE38832,50,F2RL2;NUAK2;LIMK2;EP300;PCDHGA4;WNK1;PGD;RBP7;LMX1B;LOC143188;C17orf77;TMEM99;NTNG2;CEMP1;RPGR;UBL7-AS1;ALG9;NNMT;TNFRSF9;ZNRF1;AKAP12;PBX2;HARBI1;NPAS2;TTC21A;IGHG1;PDE12;IL3RA;EGFR;PCSK7;CIR1;CTD-2350J17.1;IFITM10;ZNF83;GPX2;LRRC8D;LOC100134822;PRSS2;SPATA2L;LIMD2;MTOR;ARHGEF19;SPP1;LOC100505501;VCL;PECR;LOC100505664;GRB10;IL21R,0.596774193548387,GSE72970,0.562034739454094,0.567458808933003,0.65136476426799,0.03473945409429302,1
GSE17536,3,GSE39582,3,INHBB;ATP23;ZEB1-AS1,0.615314804310834,GSE17536,0.535450935904708,0.540033964832672,0.591497447532615,0.07986386840612592,1
GSE17537,3,GSE39582,3,INHBB;ATP23;ZEB1-AS1,0.648863636363636,GSE17537,0.556818181818182,0.566346818181818,0.656818181818182,0.09204545454545399,1
GSE29621,3,GSE39582,3,INHBB;ATP23;ZEB1-AS1,0.678088367899008,GSE29621,0.550045085662759,0.558279531109107,0.640216411181244,0.12804328223624895,1
GSE38832,3,GSE39582,3,INHBB;ATP23;ZEB1-AS1,0.707874682472481,GSE38832,0.540643522438611,0.547782641828959,0.617696867061812,0.16723116003386995,1
GSE72970,3,GSE39582,3,INHBB;ATP23;ZEB1-AS1,0.643920595533499,GSE72970,0.555831265508685,0.564506451612903,0.652667493796526,0.088089330024814,1
GSE17536,5,GSE39582,5,INHBB;ATP23;MIR31HG;ZEB1-AS1;NDUFA9,0.611344299489507,GSE17536,0.533862733976177,0.538931276233693,0.59206466250709,0.07748156551332996,1
GSE17537,5,GSE39582,5,INHBB;ATP23;MIR31HG;ZEB1-AS1;NDUFA9,0.690909090909091,GSE17537,0.556818181818182,0.565732727272727,0.655681818181818,0.13409090909090904,1
GSE29621,5,GSE39582,5,INHBB;ATP23;MIR31HG;ZEB1-AS1;NDUFA9,0.66546438232642,GSE29621,0.550045085662759,0.558040577096483,0.640216411181244,0.11541929666366102,1
GSE38832,5,GSE39582,5,INHBB;ATP23;MIR31HG;ZEB1-AS1;NDUFA9,0.714225232853514,GSE38832,0.541066892464014,0.547729635901778,0.616426756985606,0.17315834038950007,1
GSE72970,5,GSE39582,5,INHBB;ATP23;MIR31HG;ZEB1-AS1;NDUFA9,0.599255583126551,GSE72970,0.558312655086849,0.565846153846154,0.655086848635236,0.04094292803970201,1
GSE17536,7,GSE39582,8,INHBB;ATP23;MIR31HG;ZEB1-AS1;NDUFA9;CCDC134;OGDHL,0.581962563811685,GSE17536,0.535791264889393,0.539656653431651,0.591043675553035,0.04617129892229199,1
GSE17537,7,GSE39582,8,INHBB;ATP23;MIR31HG;ZEB1-AS1;NDUFA9;CCDC134;OGDHL,0.606818181818182,GSE17537,0.556818181818182,0.565034545454545,0.655681818181818,0.050000000000000044,1
GSE29621,7,GSE39582,8,INHBB;ATP23;MIR31HG;ZEB1-AS1;NDUFA9;CCDC134;OGDHL,0.640216411181244,GSE29621,0.550045085662759,0.557245626690712,0.63570784490532,0.09017132551848495,1
GSE38832,7,GSE39582,8,INHBB;ATP23;MIR31HG;ZEB1-AS1;NDUFA9;CCDC134;OGDHL,0.593141405588484,GSE38832,0.539373412362405,0.546679508890771,0.611790855207451,0.05376799322607906,1
GSE72970,7,GSE39582,8,INHBB;ATP23;MIR31HG;ZEB1-AS1;NDUFA9;CCDC134;OGDHL,0.569478908188586,GSE72970,0.555831265508685,0.564924069478908,0.653846153846154,0.01364764267990104,1
GSE17536,10,GSE39582,10,INHBB;ATP23;MIR31HG;ZEB1-AS1;NDUFA9;CCDC134;FAM69C;TIAF1;OGDHL;CCL22,0.527056154282473,GSE17536,0.535110606920023,0.539838275666478,0.592739648326716,-0.008054452637550003,0
GSE17537,10,GSE39582,10,INHBB;ATP23;MIR31HG;ZEB1-AS1;NDUFA9;CCDC134;FAM69C;TIAF1;OGDHL;CCL22,0.596590909090909,GSE17537,0.556818181818182,0.5647675,0.650056818181819,0.03977272727272696,1
GSE29621,10,GSE39582,10,INHBB;ATP23;MIR31HG;ZEB1-AS1;NDUFA9;CCDC134;FAM69C;TIAF1;OGDHL;CCL22,0.609558160504959,GSE29621,0.550045085662759,0.556930568079351,0.63570784490532,0.05951307484220003,1
GSE38832,10,GSE39582,10,INHBB;ATP23;MIR31HG;ZEB1-AS1;NDUFA9;CCDC134;FAM69C;TIAF1;OGDHL;CCL22,0.533869602032176,GSE38832,0.541490262489416,0.547465791701948,0.614733276883997,-0.007620660457239969,0
GSE72970,10,GSE39582,10,INHBB;ATP23;MIR31HG;ZEB1-AS1;NDUFA9;CCDC134;FAM69C;TIAF1;OGDHL;CCL22,0.522332506203474,GSE72970,0.557071960297767,0.565474193548387,0.656327543424318,-0.03473945409429291,0
GSE17536,14,GSE39582,15,INHBB;ATP23;MIR31HG;ZEB1-AS1;DCBLD2;NDUFA9;CCDC134;AGAP11;MIR1248;ALPL;FAM69C;TIAF1;OGDHL;CCL22,0.605785592739648,GSE17536,0.535337492909813,0.53982822461713,0.591605218377765,0.07044809982983502,1
GSE17537,14,GSE39582,15,INHBB;ATP23;MIR31HG;ZEB1-AS1;DCBLD2;NDUFA9;CCDC134;AGAP11;MIR1248;ALPL;FAM69C;TIAF1;OGDHL;CCL22,0.605681818181818,GSE17537,0.554545454545455,0.563959318181818,0.651193181818182,0.05113636363636298,1
GSE29621,14,GSE39582,15,INHBB;ATP23;MIR31HG;ZEB1-AS1;DCBLD2;NDUFA9;CCDC134;AGAP11;MIR1248;ALPL;FAM69C;TIAF1;OGDHL;CCL22,0.672678088367899,GSE29621,0.549143372407574,0.55684526600541,0.63570784490532,0.12353471596032495,1
GSE38832,14,GSE39582,15,INHBB;ATP23;MIR31HG;ZEB1-AS1;DCBLD2;NDUFA9;CCDC134;AGAP11;MIR1248;ALPL;FAM69C;TIAF1;OGDHL;CCL22,0.585097375105843,GSE38832,0.539796782387807,0.546245977984759,0.60965283657917,0.04530059271803599,1
GSE72970,14,GSE39582,15,INHBB;ATP23;MIR31HG;ZEB1-AS1;DCBLD2;NDUFA9;CCDC134;AGAP11;MIR1248;ALPL;FAM69C;TIAF1;OGDHL;CCL22,0.59181141439206,GSE72970,0.557071960297767,0.565649627791563,0.656327543424318,0.03473945409429302,1
GSE17536,20,GSE39582,20,INHBB;ATP23;MIR31HG;ZEB1-AS1;DCBLD2;NDUFA9;CCDC134;SNRNP35;AGAP11;MIR1248;ALPL;FOXA2;PSME1;FAM69C;TIAF1;SERPINB7;OGDHL;CCL22;MYLK3;PROC,0.576517300056722,GSE17536,0.536925694838344,0.541099829835508,0.593993193420306,0.03959160521837801,1
GSE17537,20,GSE39582,20,INHBB;ATP23;MIR31HG;ZEB1-AS1;DCBLD2;NDUFA9;CCDC134;SNRNP35;AGAP11;MIR1248;ALPL;FOXA2;PSME1;FAM69C;TIAF1;SERPINB7;OGDHL;CCL22;MYLK3;PROC,0.628409090909091,GSE17537,0.554545454545455,0.562540227272727,0.648863636363636,0.07386363636363602,1
GSE29621,20,GSE39582,20,INHBB;ATP23;MIR31HG;ZEB1-AS1;DCBLD2;NDUFA9;CCDC134;SNRNP35;AGAP11;MIR1248;ALPL;FOXA2;PSME1;FAM69C;TIAF1;SERPINB7;OGDHL;CCL22;MYLK3;PROC,0.581605049594229,GSE29621,0.549143372407574,0.556434084761046,0.634851217312895,0.032461677186654936,1
GSE38832,20,GSE39582,20,INHBB;ATP23;MIR31HG;ZEB1-AS1;DCBLD2;NDUFA9;CCDC134;SNRNP35;AGAP11;MIR1248;ALPL;FOXA2;PSME1;FAM69C;TIAF1;SERPINB7;OGDHL;CCL22;MYLK3;PROC,0.627434377646063,GSE38832,0.539796782387807,0.545839627434378,0.607535986452159,0.08763759525825598,1
GSE72970,20,GSE39582,20,INHBB;ATP23;MIR31HG;ZEB1-AS1;DCBLD2;NDUFA9;CCDC134;SNRNP35;AGAP11;MIR1248;ALPL;FOXA2;PSME1;FAM69C;TIAF1;SERPINB7;OGDHL;CCL22;MYLK3;PROC,0.504962779156328,GSE72970,0.557071960297767,0.564961042183623,0.652605459057072,-0.05210918114143892,0
GSE17536,27,GSE39582,30,INHBB;ATP23;MIR31HG;ZEB1-AS1;DCBLD2;NDUFA9;PRR15L;CCDC134;GJB6;SNRNP35;AGAP11;MIR1248;ALPL;FOXA2;PSME1;FAM69C;TIAF1;SERPINB7;OGDHL;CCL22;IL17RB;L3MBTL4;LRRC37A4P;MYLK3;UBD;IFI35;PROC,0.539194554736245,GSE17536,0.536812251843449,0.54066132728304,0.590470788428815,0.002382302892795951,1
GSE17537,27,GSE39582,30,INHBB;ATP23;MIR31HG;ZEB1-AS1;DCBLD2;NDUFA9;PRR15L;CCDC134;GJB6;SNRNP35;AGAP11;MIR1248;ALPL;FOXA2;PSME1;FAM69C;TIAF1;SERPINB7;OGDHL;CCL22;IL17RB;L3MBTL4;LRRC37A4P;MYLK3;UBD;IFI35;PROC,0.618181818181818,GSE17537,0.552272727272727,0.560929545454545,0.646590909090909,0.06590909090909103,1
GSE29621,27,GSE39582,30,INHBB;ATP23;MIR31HG;ZEB1-AS1;DCBLD2;NDUFA9;PRR15L;CCDC134;GJB6;SNRNP35;AGAP11;MIR1248;ALPL;FOXA2;PSME1;FAM69C;TIAF1;SERPINB7;OGDHL;CCL22;IL17RB;L3MBTL4;LRRC37A4P;MYLK3;UBD;IFI35;PROC,0.566275924256087,GSE29621,0.54643823264202,0.554432461677187,0.629395852119026,0.01983769161406701,1
GSE38832,27,GSE39582,30,INHBB;ATP23;MIR31HG;ZEB1-AS1;DCBLD2;NDUFA9;PRR15L;CCDC134;GJB6;SNRNP35;AGAP11;MIR1248;ALPL;FOXA2;PSME1;FAM69C;TIAF1;SERPINB7;OGDHL;CCL22;IL17RB;L3MBTL4;LRRC37A4P;MYLK3;UBD;IFI35;PROC,0.621930567315834,GSE38832,0.538950042337003,0.544118712955123,0.603302286198137,0.0829805249788309,1
GSE72970,27,GSE39582,30,INHBB;ATP23;MIR31HG;ZEB1-AS1;DCBLD2;NDUFA9;PRR15L;CCDC134;GJB6;SNRNP35;AGAP11;MIR1248;ALPL;FOXA2;PSME1;FAM69C;TIAF1;SERPINB7;OGDHL;CCL22;IL17RB;L3MBTL4;LRRC37A4P;MYLK3;UBD;IFI35;PROC,0.503722084367246,GSE72970,0.558312655086849,0.565707444168735,0.650124069478908,-0.05459057071960305,0
GSE17536,50,GSE39582,50,INHBB;ATP23;MIR31HG;ZEB1-AS1;BCL2L14;CCDC134;GJB6;LOC101929504;AQP11;AGAP11;MIR1248;ALPL;FOXA2;PSME1;ACOX2;FAM69C;TIAF1;FAM225B;SERPINB7;LINC00852;ERAP1;COX11;ZNF117;OGDHL;CCL22;IL17RB;L3MBTL4;SCML4;LRRC37A4P;LY6D;MYLK3;PAXBP1-AS1;XKRX;GPR174;LOC101930531;SCRN2;UBD;ZNF442;GUSBP3;IFI35;LOC101927829;LGR5;IL22RA2;TMEM205;PROC;FTSJ3;MOSPD2;C16orf52;LINC00216;PSG2,0.534089619965967,GSE17536,0.540328984685196,0.542481951219512,0.5908111174135,-0.006239364719228924,0
GSE17537,50,GSE39582,50,INHBB;ATP23;MIR31HG;ZEB1-AS1;BCL2L14;CCDC134;GJB6;LOC101929504;AQP11;AGAP11;MIR1248;ALPL;FOXA2;PSME1;ACOX2;FAM69C;TIAF1;FAM225B;SERPINB7;LINC00852;ERAP1;COX11;ZNF117;OGDHL;CCL22;IL17RB;L3MBTL4;SCML4;LRRC37A4P;LY6D;MYLK3;PAXBP1-AS1;XKRX;GPR174;LOC101930531;SCRN2;UBD;ZNF442;GUSBP3;IFI35;LOC101927829;LGR5;IL22RA2;TMEM205;PROC;FTSJ3;MOSPD2;C16orf52;LINC00216;PSG2,0.517045454545455,GSE17537,0.551136363636364,0.557968636363636,0.638636363636364,-0.03409090909090895,0
GSE29621,50,GSE39582,50,INHBB;ATP23;MIR31HG;ZEB1-AS1;BCL2L14;CCDC134;GJB6;LOC101929504;AQP11;AGAP11;MIR1248;ALPL;FOXA2;PSME1;ACOX2;FAM69C;TIAF1;FAM225B;SERPINB7;LINC00852;ERAP1;COX11;ZNF117;OGDHL;CCL22;IL17RB;L3MBTL4;SCML4;LRRC37A4P;LY6D;MYLK3;PAXBP1-AS1;XKRX;GPR174;LOC101930531;SCRN2;UBD;ZNF442;GUSBP3;IFI35;LOC101927829;LGR5;IL22RA2;TMEM205;PROC;FTSJ3;MOSPD2;C16orf52;LINC00216;PSG2,0.535617673579802,GSE29621,0.54824165915239,0.555679891794409,0.631199278629396,-0.012623985572588037,0
GSE38832,50,GSE39582,50,INHBB;ATP23;MIR31HG;ZEB1-AS1;BCL2L14;CCDC134;GJB6;LOC101929504;AQP11;AGAP11;MIR1248;ALPL;FOXA2;PSME1;ACOX2;FAM69C;TIAF1;FAM225B;SERPINB7;LINC00852;ERAP1;COX11;ZNF117;OGDHL;CCL22;IL17RB;L3MBTL4;SCML4;LRRC37A4P;LY6D;MYLK3;PAXBP1-AS1;XKRX;GPR174;LOC101930531;SCRN2;UBD;ZNF442;GUSBP3;IFI35;LOC101927829;LGR5;IL22RA2;TMEM205;PROC;FTSJ3;MOSPD2;C16orf52;LINC00216;PSG2,0.516088060965284,GSE38832,0.5385266723116,0.542512023708721,0.5961049957663,-0.022438611346315973,0
GSE72970,50,GSE39582,50,INHBB;ATP23;MIR31HG;ZEB1-AS1;BCL2L14;CCDC134;GJB6;LOC101929504;AQP11;AGAP11;MIR1248;ALPL;FOXA2;PSME1;ACOX2;FAM69C;TIAF1;FAM225B;SERPINB7;LINC00852;ERAP1;COX11;ZNF117;OGDHL;CCL22;IL17RB;L3MBTL4;SCML4;LRRC37A4P;LY6D;MYLK3;PAXBP1-AS1;XKRX;GPR174;LOC101930531;SCRN2;UBD;ZNF442;GUSBP3;IFI35;LOC101927829;LGR5;IL22RA2;TMEM205;PROC;FTSJ3;MOSPD2;C16orf52;LINC00216;PSG2,0.554590570719603,GSE72970,0.562034739454094,0.568683870967742,0.653846153846154,-0.007444168734490941,0
GSE17536,2,GSE72970,3,SMTN;ROR2,0.517640385706183,GSE17536,0.534203062960862,0.539466749858196,0.59194554736245,-0.01656267725467897,0
GSE17537,2,GSE72970,3,SMTN;ROR2,0.568181818181818,GSE17537,0.560227272727273,0.568061363636364,0.661363636363636,0.007954545454544992,1
GSE29621,2,GSE72970,3,SMTN;ROR2,0.523895401262399,GSE29621,0.551848512173129,0.559559603246168,0.640216411181244,-0.02795311091073005,0
GSE38832,2,GSE72970,3,SMTN;ROR2,0.534716342082981,GSE38832,0.541913632514818,0.548701185436071,0.618141405588484,-0.007197290431836922,0
GSE39582,2,GSE72970,3,SMTN;ROR2,0.507953805467328,GSE39582,0.520100469121693,0.523568009355855,0.556329820457959,-0.012146663654365009,0
GSE17536,5,GSE72970,5,SMTN;ROR2;DLX6;KMT2B;ZC2HC1C,0.540442427680091,GSE17536,0.533862733976177,0.538931276233693,0.59206466250709,0.00657969370391398,1
GSE17537,5,GSE72970,5,SMTN;ROR2;DLX6;KMT2B;ZC2HC1C,0.588636363636364,GSE17537,0.556818181818182,0.565732727272727,0.655681818181818,0.03181818181818197,1
GSE29621,5,GSE72970,5,SMTN;ROR2;DLX6;KMT2B;ZC2HC1C,0.556357078449053,GSE29621,0.550045085662759,0.558040577096483,0.640216411181244,0.006311992786294018,1
GSE38832,5,GSE72970,5,SMTN;ROR2;DLX6;KMT2B;ZC2HC1C,0.540643522438611,GSE38832,0.541066892464014,0.547729635901778,0.616426756985606,-0.000423370025402936,0
GSE39582,5,GSE72970,5,SMTN;ROR2;DLX6;KMT2B;ZC2HC1C,0.520007442157163,GSE39582,0.520020731723524,0.523696157986365,0.557619572873337,-1.328956636104106e-05,0
GSE17536,8,GSE72970,8,ISM1-AS1;LOC101929125;SMTN;ROR2;DLX6;KMT2B;TMEM200B;ZC2HC1C,0.528757799205899,GSE17536,0.534883720930233,0.539460102098695,0.591724333522405,-0.006125921724333905,0
GSE17537,8,GSE72970,8,ISM1-AS1;LOC101929125;SMTN;ROR2;DLX6;KMT2B;TMEM200B;ZC2HC1C,0.521590909090909,GSE17537,0.557954545454546,0.565419090909091,0.657954545454546,-0.03636363636363704,0
GSE29621,8,GSE72970,8,ISM1-AS1;LOC101929125;SMTN;ROR2;DLX6;KMT2B;TMEM200B;ZC2HC1C,0.589720468890893,GSE29621,0.550946798917944,0.557850135256988,0.634806131650135,0.038773669972949065,1
GSE38832,8,GSE72970,8,ISM1-AS1;LOC101929125;SMTN;ROR2;DLX6;KMT2B;TMEM200B;ZC2HC1C,0.528365791701948,GSE38832,0.540643522438611,0.546964521591871,0.611769686706181,-0.01227773073666305,0
GSE39582,8,GSE72970,8,ISM1-AS1;LOC101929125;SMTN;ROR2;DLX6;KMT2B;TMEM200B;ZC2HC1C,0.507927226334605,GSE39582,0.520406129148006,0.523682682366074,0.556275333235877,-0.012478902813401027,0
GSE17536,10,GSE72970,10,ISM1-AS1;LOC101929125;SMTN;ROR2;KMT2B;RPL21P28;ARHGAP33;TMEM200B;CNN3;ZC2HC1C,0.503800340328985,GSE17536,0.535110606920023,0.539838275666478,0.592739648326716,-0.03131026659103797,0
GSE17537,10,GSE72970,10,ISM1-AS1;LOC101929125;SMTN;ROR2;KMT2B;RPL21P28;ARHGAP33;TMEM200B;CNN3;ZC2HC1C,0.535227272727273,GSE17537,0.556818181818182,0.5647675,0.650056818181819,-0.021590909090908994,0
GSE29621,10,GSE72970,10,ISM1-AS1;LOC101929125;SMTN;ROR2;KMT2B;RPL21P28;ARHGAP33;TMEM200B;CNN3;ZC2HC1C,0.561767357980162,GSE29621,0.550045085662759,0.556930568079351,0.63570784490532,0.01172227231740297,1
GSE38832,10,GSE72970,10,ISM1-AS1;LOC101929125;SMTN;ROR2;KMT2B;RPL21P28;ARHGAP33;TMEM200B;CNN3;ZC2HC1C,0.512701100762066,GSE38832,0.541490262489416,0.547465791701948,0.614733276883997,-0.02878916172735002,0
GSE39582,10,GSE72970,10,ISM1-AS1;LOC101929125;SMTN;ROR2;KMT2B;RPL21P28;ARHGAP33;TMEM200B;CNN3;ZC2HC1C,0.503382194638989,GSE39582,0.520824750488392,0.524349534200699,0.558004305819501,-0.01744255584940302,0
GSE17536,16,GSE72970,15,ISM1-AS1;CDH9;SMTN;ROR2;KMT2B;SYT17;RPL21P28;ARHGAP33;TMEM200B;CNN3;CYP1A1;ZC2HC1C;NUCKS1;HSPB6;SIAE;LOC101929479,0.552694271128758,GSE17536,0.535110606920023,0.539685876347136,0.59126488939308,0.017583664208735028,1
GSE17537,16,GSE72970,15,ISM1-AS1;CDH9;SMTN;ROR2;KMT2B;SYT17;RPL21P28;ARHGAP33;TMEM200B;CNN3;CYP1A1;ZC2HC1C;NUCKS1;HSPB6;SIAE;LOC101929479,0.557954545454546,GSE17537,0.553409090909091,0.562285909090909,0.648863636363636,0.004545454545455074,1
GSE29621,16,GSE72970,15,ISM1-AS1;CDH9;SMTN;ROR2;KMT2B;SYT17;RPL21P28;ARHGAP33;TMEM200B;CNN3;CYP1A1;ZC2HC1C;NUCKS1;HSPB6;SIAE;LOC101929479,0.541027953110911,GSE29621,0.54824165915239,0.555823805229937,0.631199278629396,-0.007213706041478973,0
GSE38832,16,GSE72970,15,ISM1-AS1;CDH9;SMTN;ROR2;KMT2B;SYT17;RPL21P28;ARHGAP33;TMEM200B;CNN3;CYP1A1;ZC2HC1C;NUCKS1;HSPB6;SIAE;LOC101929479,0.533869602032176,GSE38832,0.540643522438611,0.546286536833192,0.608806096528366,-0.006773920406434986,0
GSE39582,16,GSE72970,15,ISM1-AS1;CDH9;SMTN;ROR2;KMT2B;SYT17;RPL21P28;ARHGAP33;TMEM200B;CNN3;CYP1A1;ZC2HC1C;NUCKS1;HSPB6;SIAE;LOC101929479,0.51548898959427,GSE39582,0.521602190120536,0.524778048294284,0.557977726686778,-0.0061132005262659606,0
GSE17536,20,GSE72970,20,ISM1-AS1;LOC101929125;CDH9;SMTN;CSRP1;ROR2;CASP5;PUM2;KMT2B;SYT17;TMEM200B;CNN3;ZC2HC1C;NUCKS1;ZNF91;LINC00668;KANK1;ATG9B;SIAE;LOC101929479,0.53953488372093,GSE17536,0.536925694838344,0.541099829835508,0.593993193420306,0.002609188882585989,1
GSE17537,20,GSE72970,20,ISM1-AS1;LOC101929125;CDH9;SMTN;CSRP1;ROR2;CASP5;PUM2;KMT2B;SYT17;TMEM200B;CNN3;ZC2HC1C;NUCKS1;ZNF91;LINC00668;KANK1;ATG9B;SIAE;LOC101929479,0.513636363636364,GSE17537,0.554545454545455,0.562540227272727,0.648863636363636,-0.040909090909091006,0
GSE29621,20,GSE72970,20,ISM1-AS1;LOC101929125;CDH9;SMTN;CSRP1;ROR2;CASP5;PUM2;KMT2B;SYT17;TMEM200B;CNN3;ZC2HC1C;NUCKS1;ZNF91;LINC00668;KANK1;ATG9B;SIAE;LOC101929479,0.511271415689811,GSE29621,0.549143372407574,0.556434084761046,0.634851217312895,-0.037871956717763,0
GSE38832,20,GSE72970,20,ISM1-AS1;LOC101929125;CDH9;SMTN;CSRP1;ROR2;CASP5;PUM2;KMT2B;SYT17;TMEM200B;CNN3;ZC2HC1C;NUCKS1;ZNF91;LINC00668;KANK1;ATG9B;SIAE;LOC101929479,0.557154953429297,GSE38832,0.539796782387807,0.545839627434378,0.607535986452159,0.017358171041489956,1
GSE39582,20,GSE72970,20,ISM1-AS1;LOC101929125;CDH9;SMTN;CSRP1;ROR2;CASP5;PUM2;KMT2B;SYT17;TMEM200B;CNN3;ZC2HC1C;NUCKS1;ZNF91;LINC00668;KANK1;ATG9B;SIAE;LOC101929479,0.515515568726992,GSE39582,0.522233444522705,0.525247587279227,0.559557856127155,-0.006717875795713035,0
GSE17536,30,GSE72970,30,CNN2;ISM1-AS1;LOC101929125;CDH9;SVIL;CSRP1;ROR2;CASP5;INAFM1;BRD3;PUM2;KMT2B;SYT17;SPANXA2-OT1;NUCKS1;ZNF91;VAMP2;LINC00668;MFGE8;PTPA;KANK1;SLC23A1;ERC1;CATSPERB;SLC30A10;LINC01098;ATG9B;SIAE;LOC101929479;ABCA2,0.542824730572887,GSE17536,0.537039137833239,0.540752399319342,0.5908111174135,0.005785592739648071,1
GSE17537,30,GSE72970,30,CNN2;ISM1-AS1;LOC101929125;CDH9;SVIL;CSRP1;ROR2;CASP5;INAFM1;BRD3;PUM2;KMT2B;SYT17;SPANXA2-OT1;NUCKS1;ZNF91;VAMP2;LINC00668;MFGE8;PTPA;KANK1;SLC23A1;ERC1;CATSPERB;SLC30A10;LINC01098;ATG9B;SIAE;LOC101929479;ABCA2,0.5125,GSE17537,0.553409090909091,0.561220909090909,0.645454545454546,-0.040909090909091006,0
GSE29621,30,GSE72970,30,CNN2;ISM1-AS1;LOC101929125;CDH9;SVIL;CSRP1;ROR2;CASP5;INAFM1;BRD3;PUM2;KMT2B;SYT17;SPANXA2-OT1;NUCKS1;ZNF91;VAMP2;LINC00668;MFGE8;PTPA;KANK1;SLC23A1;ERC1;CATSPERB;SLC30A10;LINC01098;ATG9B;SIAE;LOC101929479;ABCA2,0.506762849413886,GSE29621,0.54824165915239,0.554965374211001,0.629395852119026,-0.04147880973850393,0
GSE38832,30,GSE72970,30,CNN2;ISM1-AS1;LOC101929125;CDH9;SVIL;CSRP1;ROR2;CASP5;INAFM1;BRD3;PUM2;KMT2B;SYT17;SPANXA2-OT1;NUCKS1;ZNF91;VAMP2;LINC00668;MFGE8;PTPA;KANK1;SLC23A1;ERC1;CATSPERB;SLC30A10;LINC01098;ATG9B;SIAE;LOC101929479;ABCA2,0.539796782387807,GSE38832,0.5385266723116,0.544363759525826,0.603302286198137,0.0012701100762070316,1
GSE39582,30,GSE72970,30,CNN2;ISM1-AS1;LOC101929125;CDH9;SVIL;CSRP1;ROR2;CASP5;INAFM1;BRD3;PUM2;KMT2B;SYT17;SPANXA2-OT1;NUCKS1;ZNF91;VAMP2;LINC00668;MFGE8;PTPA;KANK1;SLC23A1;ERC1;CATSPERB;SLC30A10;LINC01098;ATG9B;SIAE;LOC101929479;ABCA2,0.510731324836871,GSE39582,0.522971015455766,0.525837375576435,0.558840219543636,-0.01223969061889496,0
GSE17536,35,GSE72970,50,CNN2;ISM1-AS1;LOC101929125;CDH9;SVIL;ROR2;BRD3;PUM2;SPANXA2-OT1;TAF6;C16orf74;ZNF91;VAMP2;LOC100289061;MFSD7;FAM46B;LINC00668;RPL32;PDS5B;ACAP3;PTPA;KANK1;NAA35;SLC23A1;ERC1;CATSPERB;SLC30A10;LINC01098;LOC729218;ATG9B;SIAE;LOC101929479;DQX1;LINC01018;KLHL21,0.511741349971639,GSE17536,0.537946681792399,0.541363811684628,0.591951219512195,-0.026205331820760014,0
GSE17537,35,GSE72970,50,CNN2;ISM1-AS1;LOC101929125;CDH9;SVIL;ROR2;BRD3;PUM2;SPANXA2-OT1;TAF6;C16orf74;ZNF91;VAMP2;LOC100289061;MFSD7;FAM46B;LINC00668;RPL32;PDS5B;ACAP3;PTPA;KANK1;NAA35;SLC23A1;ERC1;CATSPERB;SLC30A10;LINC01098;LOC729218;ATG9B;SIAE;LOC101929479;DQX1;LINC01018;KLHL21,0.543181818181818,GSE17537,0.552272727272727,0.559767272727273,0.642045454545455,-0.009090909090909038,0
GSE29621,35,GSE72970,50,CNN2;ISM1-AS1;LOC101929125;CDH9;SVIL;ROR2;BRD3;PUM2;SPANXA2-OT1;TAF6;C16orf74;ZNF91;VAMP2;LOC100289061;MFSD7;FAM46B;LINC00668;RPL32;PDS5B;ACAP3;PTPA;KANK1;NAA35;SLC23A1;ERC1;CATSPERB;SLC30A10;LINC01098;LOC729218;ATG9B;SIAE;LOC101929479;DQX1;LINC01018;KLHL21,0.506762849413886,GSE29621,0.54824165915239,0.555044183949504,0.627592425608657,-0.04147880973850393,0
GSE38832,35,GSE72970,50,CNN2;ISM1-AS1;LOC101929125;CDH9;SVIL;ROR2;BRD3;PUM2;SPANXA2-OT1;TAF6;C16orf74;ZNF91;VAMP2;LOC100289061;MFSD7;FAM46B;LINC00668;RPL32;PDS5B;ACAP3;PTPA;KANK1;NAA35;SLC23A1;ERC1;CATSPERB;SLC30A10;LINC01098;LOC729218;ATG9B;SIAE;LOC101929479;DQX1;LINC01018;KLHL21,0.548687552921253,GSE38832,0.539373412362405,0.544418966977138,0.602476714648603,0.00931414055884805,1
GSE39582,35,GSE72970,50,CNN2;ISM1-AS1;LOC101929125;CDH9;SVIL;ROR2;BRD3;PUM2;SPANXA2-OT1;TAF6;C16orf74;ZNF91;VAMP2;LOC100289061;MFSD7;FAM46B;LINC00668;RPL32;PDS5B;ACAP3;PTPA;KANK1;NAA35;SLC23A1;ERC1;CATSPERB;SLC30A10;LINC01098;LOC729218;ATG9B;SIAE;LOC101929479;DQX1;LINC01018;KLHL21,0.504352332983375,GSE39582,0.523814902919718,0.526489539782317,0.56096588568315,-0.019462569936342988,0
