sig_id,n_gene,ΔC,C,分组
SIG001,4,0.019381305554721506,0.5629084216009829,4-5
SIG002,4,0.024947999460499155,0.5684751155067606,4-5
SIG003,11,0.014933981409359975,0.5574016651644214,11-20
SIG004,8,0.0013849573492188405,0.544323814912493,6-10
SIG005,6,0.0058800880272411775,0.5489877610573687,6-10
SIG006,8,0.028304717498714844,0.571243575061989,6-10
SIG007,15,0.012857993726074823,0.5555180944331033,11-20
SIG009,6,0.006285566869989656,0.5493932399001171,6-10
SIG010,6,-0.0027172761437215067,0.540390396886406,6-10
SIG011,3,0.018531972741092657,0.5624729559261983,≤3
SIG012,3,0.006370060203818177,0.5503110433889239,≤3
SIG013,9,-0.0045607242499358285,0.5384933925208785,6-10
SIG014,15,0.002348082428607993,0.5450081831356365,11-20
SIG015,3,-0.009180063950782821,0.5347609192343229,≤3
SIG016,50,0.006194735779714355,0.5500782595455639,>40
SIG018,9,0.057338293635384674,0.6003924104061991,6-10
SIG019,12,0.013717776564707,0.5567997102327521,11-20
SIG020,3,0.008736671773957852,0.5526776549590635,≤3
SIG021,8,0.0047710157953153405,0.5477098733585896,6-10
SIG022,4,0.015256677128916152,0.5587837931751775,4-5
SIG023,9,-0.011581786862234026,0.5314723299085803,6-10
SIG024,6,0.028376563198460342,0.5714842362285878,6-10
SIG025,11,0.01814791330255483,0.5606155970576162,11-20
SIG026,29,0.0176121310604123,0.5597258862358837,21-40
SIG027,4,0.0348872743531435,0.5784143903994049,4-5
SIG028,4,0.055751233630248,0.5992783496765094,4-5
SIG029,4,0.0005009500388476843,0.544028066085109,4-5
SIG030,7,0.008916133268232021,0.5527624247213386,6-10
SIG031,4,0.020017590856966156,0.5635447069032274,4-5
SIG032,10,-0.009823701533379506,0.5320947885042225,6-10
SIG033,9,0.012581854762329148,0.5556359715331435,6-10
SIG034,14,0.034636465963009844,0.5769928897771937,11-20
SIG035,2,0.034892627455536486,0.5786667796005251,≤3
SIG036,12,0.004647112471508859,0.547729046139554,11-20
SIG037,13,0.031182957408302014,0.5750827887215528,11-20
SIG038,3,0.026037909023687005,0.5699788922087926,≤3
SIG039,14,-0.005985843231527825,0.536370580582656,11-20
SIG040,13,0.024037794859653832,0.5679376261729047,11-20
SIG041,10,0.01720336029410215,0.5591218503317041,6-10
SIG042,7,0.017255330196009184,0.5611016216491159,6-10
SIG043,14,-0.0031473359540639865,0.5392090878601198,11-20
SIG044,3,0.015644273172715478,0.5595852563578211,≤3
SIG045,6,0.019702240641586526,0.5628099136717141,6-10
SIG046,4,0.01092677085111915,0.5544538868973805,4-5
SIG047,4,0.011548443384692334,0.5550755594309537,4-5
SIG048,11,-0.014942462162737683,0.5275252215923237,11-20
SIG049,14,0.028667765006381185,0.571024188820565,11-20
SIG050,5,-0.0006183560846731809,0.5434017995535984,4-5
SIG051,7,0.019776642248063508,0.5636229337011701,6-10
SIG052,19,0.018211589922790483,0.5613730539661713,11-20
SIG053,9,0.011780587302049969,0.5548347040728644,6-10
SIG054,45,0.03082863185211852,0.5740329684698189,>40
SIG055,20,0.020039522891567668,0.5634434359889383,11-20
SIG056,6,-0.02697505979851182,0.5161326132316156,6-10
SIG057,8,0.007916162253563341,0.5508550198168375,6-10
SIG058,22,0.0009937998523901388,0.5431556794634234,21-40
SIG059,13,-0.0013760010294966614,0.5425238302837542,11-20
SIG060,6,0.007233460095460183,0.5503411331255877,6-10
SIG062,42,-0.010072688711586989,0.5339531631835884,>40
SIG063,19,0.00382070167389383,0.5469821657172748,11-20
SIG064,3,0.06984675962795,0.6137877428130557,≤3
SIG065,5,0.0015551186797746475,0.5455752743180461,4-5
SIG066,11,0.010801350717104807,0.5532690344721661,11-20
SIG067,5,-0.02881763302566202,0.5152025226126095,4-5
SIG068,5,0.012971548640238991,0.5569917042785105,4-5
SIG069,7,-0.0039615051985233225,0.5398847862545834,6-10
SIG070,3,0.01893139554061653,0.5628723787257223,≤3
SIG071,13,0.039071749761832676,0.5829715810750835,11-20
SIG072,14,-0.01798490589887534,0.5243715179153084,11-20
SIG073,16,0.03244846973830484,0.5762551004227544,11-20
SIG074,11,0.006401382164449502,0.5488690659195109,11-20
SIG075,13,0.031460615746174835,0.5753604470594257,11-20
SIG076,8,0.024835751729885152,0.5677746092931594,6-10
SIG077,7,-0.013201726935482994,0.5306445645176237,6-10
SIG078,5,0.04043070740526981,0.5844508630435413,4-5
SIG079,5,0.024022487097371665,0.5680426427356432,4-5
SIG080,8,-0.0023668979155873258,0.5405719596476869,6-10
SIG081,5,0.02154282459374816,0.5655629802320197,4-5
SIG082,6,0.06657322377292267,0.6096808968030502,6-10
SIG083,16,-0.002976322372258163,0.5408303083121914,11-20
SIG084,15,0.05774489620303717,0.6004049969100657,11-20
SIG085,7,0.015277493231289999,0.5591237846843967,6-10
SIG086,5,0.010263329707078847,0.5542834853453503,4-5
SIG087,5,0.021711451977171153,0.5657316076154427,4-5
SIG088,6,0.03195722260118333,0.5750648956313108,6-10
SIG089,5,0.04734139422872748,0.591361549866999,4-5
SIG090,4,0.03208200144478932,0.5756091174910507,4-5
SIG091,7,-0.017108600141649517,0.5267376913114571,6-10
SIG093,9,0.00654106916742699,0.5495951859382413,6-10
SIG094,3,-0.0001274048127311763,0.5438135783723744,≤3
SIG095,16,0.06659576468732081,0.6104023953717703,11-20
SIG096,11,0.017190830295812476,0.5596585140508737,11-20
SIG097,14,0.002617493545254516,0.5449739173594383,11-20
SIG098,5,-0.000929579710949017,0.5430905759273225,4-5
SIG099,11,0.024951867450150822,0.5674195512052121,11-20
SIG101,8,-0.004861776336980854,0.5380770812262933,6-10
SIG102,4,0.001266497091737151,0.5447936131379985,4-5
SIG107,13,0.004916622591432829,0.5488164539046837,11-20
SIG108,13,0.001118342472771335,0.5450181737860221,11-20
SIG109,7,0.03136720352936834,0.575213494982475,6-10
SIG110,9,0.00087592735857465,0.543930044129389,6-10
SIG111,12,0.0029613941019684953,0.5460433277700136,11-20
SIG112,4,0.027013645909546653,0.5705407619558079,4-5
SIG113,10,0.05064072846577048,0.5925592185033725,6-10
SIG114,18,0.03506582322514782,0.5777608302243039,11-20
SIG115,4,-0.0035861049285203506,0.5399410111177411,4-5
SIG116,5,0.009011997680327491,0.553032153318599,4-5
SIG117,4,0.001269733749613829,0.5447968497958752,4-5
SIG118,14,0.05968249104452302,0.6020389148587069,11-20
SIG119,10,0.011039434497377007,0.552957924534979,6-10
SIG120,3,-0.0009472050438574983,0.5429937781412482,≤3
SIG121,6,0.009367673477142513,0.5524753465072699,6-10
SIG122,8,0.0077786604276775155,0.5507175179909517,6-10
SIG124,4,0.05922241562211381,0.6027495316683752,4-5
SIG125,4,-0.017868215131848348,0.5256589009144129,4-5
SIG126,4,-0.018381746434167994,0.5251453696120933,4-5
SIG127,6,0.022123782606031817,0.5652314556361593,6-10
SIG128,11,-0.003476155476940005,0.5389915282781214,11-20
SIG129,9,-0.0001211776035430212,0.5429329391672714,6-10
SIG130,9,0.041709537794993146,0.5847636545658075,6-10
SIG132,5,-0.014505882624172536,0.529514273014099,4-5
SIG133,5,0.022622239957110823,0.5666423955953823,4-5
SIG134,8,-0.002334859922818159,0.540603997640456,6-10
SIG135,3,0.019010772461569347,0.562951755646675,≤3
SIG136,9,0.047930191295951795,0.5909843080667662,6-10
SIG138,5,0.017703163725084126,0.5617233193633556,4-5
SIG139,4,-0.001342160983384022,0.5421849550628773,4-5
SIG140,6,0.0208173718480467,0.5639250448781742,6-10
SIG141,7,-0.00230312280262183,0.5415431686504849,6-10
SIG142,12,-0.004702001853583974,0.5383799318144612,11-20
SIG143,6,0.039458854920595345,0.5825665279507228,6-10
SIG144,3,0.006502954742907019,0.5504439379280127,≤3
SIG145,12,0.001380555682694536,0.5444624893507397,11-20
SIG146,3,0.012692783896931162,0.5566337670820368,≤3
SIG147,3,0.010421980394398844,0.5543629635795045,≤3
SIG148,6,0.06146907070279569,0.6045767437329231,6-10
SIG149,8,0.013541540589293652,0.5564803981525678,6-10
SIG150,10,-0.010512934463321022,0.531405555574281,6-10
SIG151,8,0.006585973909114362,0.5495248314723885,6-10
SIG152,8,-0.01324452427326985,0.5296943332900043,6-10
SIG153,8,0.021073406673637995,0.5640122642369122,6-10
SIG154,3,0.08280363418713534,0.626744617372241,≤3
SIG155,9,0.010149266733258814,0.5532033835040732,6-10
SIG156,5,0.0031499777123793296,0.5471701333506508,4-5
SIG157,5,0.06218475696613233,0.6062049126044039,4-5
SIG159,6,-0.022027732776703668,0.5210799402534239,6-10
SIG161,4,0.025514881686350337,0.5690419977326117,4-5
SIG163,4,0.060668013746236815,0.6041951297924982,4-5
SIG164,4,0.051827135069083985,0.5953542511153453,4-5
SIG165,5,0.04431974125185567,0.5883398968901271,4-5
SIG166,3,0.011179289571848031,0.5551202727569536,≤3
SIG167,3,0.0069996235981593475,0.5509406067832651,≤3
SIG168,9,0.0630106327508485,0.6060647495216629,6-10
SIG169,8,0.009903879003215857,0.55284273656649,6-10
SIG170,6,0.017328261276366663,0.5604359343064941,6-10
SIG171,4,0.01880090441318451,0.5623280204594459,4-5
SIG172,6,-0.009947200438576312,0.5331604725915512,6-10
SIG173,5,-0.003564334013504681,0.5404558216247669,4-5
SIG175,5,0.008879601687498814,0.5528997573257703,4-5
SIG176,8,0.016753379947370972,0.5596922375106451,6-10
SIG177,14,0.013389142960825681,0.5557455667750095,11-20
SIG178,3,0.004420342731244346,0.54836132591635,≤3
SIG179,12,0.025890726610608168,0.5689726602786533,11-20
SIG180,5,0.03881006214773582,0.5828302177860073,4-5
SIG181,5,0.04883586953036064,0.5928560251686322,4-5
SIG182,3,0.03263718033647802,0.5765781635215838,≤3
SIG183,4,0.0023577998871088432,0.5458849159333702,4-5
SIG184,3,0.019076729816080367,0.5630177130011861,≤3
SIG185,22,0.01114964141127948,0.5533115210223126,21-40
SIG186,18,0.06780620511812831,0.6105012121172844,11-20
SIG187,4,0.005387108640595477,0.5489142246868568,4-5
SIG188,6,0.025814307609946036,0.5689219806400735,6-10
SIG189,6,0.0033894141813681777,0.5464970872114957,6-10
SIG190,7,0.027015501412667176,0.5708617928657739,6-10
SIG191,3,-0.023330376226392502,0.5206106069587132,≤3
SIG192,3,-0.007809760657037146,0.5361312225280686,≤3
SIG193,7,-0.0032869517078411756,0.5405593397452655,6-10
SIG194,6,0.0034018301097681705,0.5465095031398957,6-10
SIG195,12,-0.004487161609914488,0.5385947720581307,11-20
SIG196,4,0.040509631820504176,0.5840367478667655,4-5
SIG197,4,0.02102467605293999,0.5645517920992013,4-5
SIG198,3,-0.0025315625898924923,0.5414094205952131,≤3
SIG199,5,-1.7007542804851432e-05,0.5440031480954667,4-5
SIG200,3,0.05119408147627199,0.5951350646613777,≤3
SIG201,3,0.05286275527612616,0.5968037384612318,≤3
SIG202,29,0.03403153449111999,0.5761452896665914,21-40
SIG203,5,-0.006146114552027533,0.537874041086244,4-5
SIG204,3,-0.006435564886209666,0.537505418298896,≤3
SIG205,7,0.037450746838035676,0.5812970382911423,6-10
SIG206,11,0.0009740177831771649,0.5434417015382386,11-20
SIG207,13,0.014423752715502133,0.5583235840287529,11-20
SIG208,6,0.037853460632545334,0.5809611336626729,6-10
SIG209,5,0.01137969664151032,0.5553998522797818,4-5
SIG210,13,0.04946382423045085,0.5933636555437017,11-20
SIG211,4,0.04942641377054866,0.59295352981681,4-5
SIG212,3,-0.014446127771834663,0.529494855413271,≤3
SIG213,5,0.03403377534814713,0.5780539309864187,4-5
SIG214,5,0.006375925784473158,0.5503960814227447,4-5
SIG215,4,0.014020319650219307,0.5575474356964807,4-5
SIG216,4,0.017940093079377124,0.5614672091256384,4-5
SIG217,8,0.012870074302034165,0.5558089318653083,6-10
SIG218,4,0.03607045806667484,0.5795975741129361,4-5
SIG219,7,-0.01609784895405114,0.5277484424990555,6-10
SIG220,7,0.007742264839763517,0.5515885562928702,6-10
SIG221,4,0.012623588887730982,0.5561507049339923,4-5
SIG222,3,0.002441775402266829,0.5463827585873725,≤3
SIG223,4,-0.017108056167965013,0.5264190598782963,4-5
SIG224,3,0.06461927589829353,0.6085602590833992,≤3
SIG225,5,0.03867791445554917,0.5826980700938207,4-5
SIG226,5,0.02344118396607216,0.5674613396043436,4-5
SIG227,8,0.009632163741889669,0.5525710213051639,6-10
SIG228,6,0.000187669326867664,0.5432953423569952,6-10
SIG229,4,0.021306198141530508,0.5648333141877918,4-5
SIG230,16,0.016120359941279805,0.5599269906257293,11-20
SIG231,3,0.03186551483237802,0.5758064980174836,≤3
SIG232,7,0.00328553395773599,0.5471318254108427,6-10
SIG233,10,0.016363080258461653,0.5582815702960636,6-10
SIG234,12,0.0022190391853685134,0.5453009728534136,11-20
SIG235,6,0.04048567241613169,0.5835933454462592,6-10
SIG236,5,0.05086162174138914,0.5948817773796606,4-5
SIG237,6,0.028879824609671534,0.5719874976397991,6-10
SIG238,6,-0.0019235497006703055,0.5411841233294572,6-10
SIG239,7,-0.011117254199296508,0.5327290372538102,6-10
SIG240,6,-0.006610672348103475,0.536497000682024,6-10
SIG241,4,-0.008153077872043354,0.535374038174218,4-5
SIG242,6,-0.011484316771489997,0.5316233562586375,6-10
SIG243,8,0.01569134998801001,0.5586302075512842,6-10
SIG244,13,0.025415452475287,0.5693152837885379,11-20
SIG245,3,0.004518402395729833,0.5484593855808355,≤3
SIG246,5,0.006627145791008167,0.5506473014292798,4-5
SIG247,3,0.06039680143649386,0.6043377846215995,≤3
SIG248,5,0.016102311253983,0.5601224668922545,4-5
SIG249,4,0.004804130700685342,0.5483312467469467,4-5
SIG250,4,0.011679977796477337,0.5552070938427387,4-5
SIG251,13,0.006362451524664137,0.550262282837915,11-20
SIG252,3,0.04425413039514451,0.5881951135802502,≤3
SIG253,3,0.06640243406271118,0.6103434172478168,≤3
SIG254,3,-0.007486532520331139,0.5364544506647745,≤3
SIG255,2,-0.0062243509735461595,0.5375498011714425,≤3
SIG256,5,0.01553192453991951,0.559552080178191,4-5
SIG257,3,0.023693623527896834,0.5676346067130025,≤3
SIG258,4,-0.01820276064760769,0.5253243553986536,4-5
SIG259,5,-0.016002800509950992,0.5280173551283206,4-5
SIG260,5,0.035568317595503995,0.5795884732337755,4-5
SIG261,14,0.025262093610712504,0.5676185174248963,11-20
SIG262,6,-0.00915422705813899,0.5339534459719885,6-10
SIG263,4,0.012272519519918998,0.5557996355661804,4-5
SIG264,6,0.084861446736486,0.6279691197666135,6-10
SIG265,7,0.052061663371992695,0.5959079548250994,6-10
SIG266,5,0.02663926377605998,0.5706594194143315,4-5
SIG267,11,0.031617815964830175,0.5740854997198915,11-20
SIG268,6,0.012089562432667844,0.5551972354627953,6-10
SIG269,3,0.005927758549266175,0.5498687417343718,≤3
SIG270,4,0.024539959211289986,0.5680670752575513,4-5
SIG271,5,-0.0035411276223376773,0.5404790280159338,4-5
SIG272,4,0.030971432417984984,0.5744985484642463,4-5
SIG273,4,0.0050818706855164835,0.5486089867317778,4-5
SIG274,8,0.0030059851796661596,0.5459448427429403,6-10
SIG275,4,-0.011139303676460821,0.5323878123698006,4-5
SIG276,12,0.02399231271674368,0.5670742463847889,11-20
SIG277,6,-0.024369868188228967,0.5187378048418986,6-10
SIG278,5,0.03152471464219233,0.5755448702804639,4-5
SIG279,7,0.033267390314671186,0.5771136817677779,6-10
SIG280,4,-0.00856334522823817,0.5349637708180232,4-5
SIG281,4,0.01784896020655848,0.5613760762528198,4-5
SIG282,16,0.031757080979230336,0.5755637116636798,11-20
SIG283,10,0.01704065936165683,0.5589591493992588,6-10
SIG284,3,0.08280512910321347,0.6267461122883191,≤3
SIG285,9,0.022123965447644334,0.5651780822184587,6-10
SIG286,5,0.007389638263828491,0.5514097939021,4-5
SIG287,3,0.04098641410322033,0.584927397288326,≤3
SIG288,5,0.03411819822617065,0.5781383538644421,4-5
SIG289,16,0.017657151388614827,0.5614637820730644,11-20
SIG290,3,0.05924296437985018,0.6031839475649559,≤3
SIG291,3,0.04385729023617302,0.5877982734212787,≤3
SIG292,14,0.0038855260842336667,0.5462419498984175,11-20
SIG293,6,0.017179856020506017,0.5602875290506335,6-10
SIG294,4,-0.0007900296497665068,0.5427370863964948,4-5
SIG295,7,-0.008179997312963816,0.5356662941401429,6-10
SIG296,11,0.0408579335718523,0.5833256173269136,11-20
SIG297,11,0.0014988197682021531,0.5439665035232635,11-20
SIG298,9,-0.014595009070520026,0.5284591077002944,6-10
SIG300,5,-0.015622513239629524,0.528397642398642,4-5
SIG301,7,0.03100315477359783,0.5748494462267045,6-10
SIG302,6,0.014254187118865835,0.5573618601489932,6-10
SIG303,3,-0.0016829450236945005,0.5422580381614112,≤3
SIG304,4,0.008799948778155486,0.5523270648244168,4-5
SIG305,7,-0.0013122460960691695,0.5425340453570375,6-10
SIG306,11,0.004290133792621165,0.5467578175476825,11-20
SIG307,13,-0.00657935177511465,0.5373204795381362,11-20
SIG308,5,0.038753200753867977,0.5827733563921395,4-5
SIG309,3,0.05344051124748733,0.597381494432593,≤3
SIG310,4,-0.018362757521876678,0.5251643585243847,4-5
SIG311,4,0.0021047460089516634,0.5456318620552131,4-5
SIG312,9,0.005379431240050155,0.5484335480108645,6-10
SIG313,3,0.01021178375654902,0.5541527669416547,≤3
SIG314,7,0.02969881056452467,0.5735451020176313,6-10
SIG315,8,0.011511840307790844,0.554450697871065,6-10
SIG316,10,0.07616324256080485,0.6180817325984068,6-10
SIG317,7,0.00400500550345384,0.5478512969565604,6-10
SIG318,4,0.016309064712529502,0.5598361807587908,4-5
SIG319,8,0.004957453204514665,0.5478963107677889,6-10
SIG320,8,0.03342667598727648,0.5763655335505506,6-10
SIG321,3,-0.0006412348258809653,0.5432997483592247,≤3
SIG322,7,-0.007136194669252176,0.5367100967838545,6-10
SIG323,5,0.029832169953747323,0.5738523255920188,4-5
SIG324,3,0.028121294207402336,0.572062277392508,≤3
SIG325,3,0.08044037288208883,0.6243813560671945,≤3
SIG326,9,-0.005532928977442175,0.5375211877933722,6-10
SIG327,2,0.04779615789666234,0.5915703100416511,≤3
SIG328,9,0.04229231809585016,0.5853464348666645,6-10
SIG329,4,0.05061834479852734,0.5941454608447887,4-5
SIG330,16,-0.004757504854098167,0.5390491258303514,11-20
SIG331,4,0.012299099273199998,0.5558262153194614,4-5
SIG332,3,0.05450484279298934,0.598445825978095,≤3
SIG334,4,0.005539570028487983,0.5490666860747493,4-5
SIG335,7,0.019324126265775992,0.5631704177188827,6-10
SIG336,3,0.02617276709084852,0.5701137502759542,≤3
SIG337,4,0.03716823187786265,0.580695347924124,4-5
SIG338,3,-0.006710098341702331,0.5372308848434033,≤3
