sig_id,C_home,C_away_med,z,p_perm
SIG004,0.54189535795447,0.5316846106148225,0.10736433967505982,0.47305389221556887
SIG005,0.545243027611671,0.529776674937965,-0.07101989401795596,0.5189620758483033
SIG011,0.56266487122112,0.523895401262399,0.2779688851235097,0.36327345309381237
SIG018,0.536034659189071,0.5865555730022041,-0.9772345739800832,0.8283433133732535
SIG028,0.544898799952158,0.5938226950657325,-1.70907654203044,1.0
SIG029,0.505455366991375,0.5650319709383256,-1.787410210983092,1.0
SIG036,0.5344521718494555,0.50963818163076,-0.3582105236727467,0.654690618762475
SIG039,0.526545908806996,0.517010301494796,-0.21609205376252108,0.35129740518962077
SIG048,0.510199742182413,0.5359477036852665,-1.3175456320674748,1.0
SIG056,0.5260115559224535,0.5125,1.143283024554964,0.10578842315369262
SIG059,0.502540220152413,0.523640620871488,-1.1347980814256997,1.0
SIG062,0.515302935665209,0.5249361307755295,-0.617534355276356,0.6207584830339321
SIG064,0.566760136616742,0.608672115910081,-1.119424736551237,0.8662674650698603
SIG066,0.511329355323136,0.546820488476111,-1.1185528244538252,1.0
SIG069,0.558160504959423,0.5333843585744784,1.138778354538867,0.18762475049900199
SIG070,0.512701100762066,0.5328865162016885,-0.809330718940132,0.654690618762475
SIG071,0.6587902917321065,0.539303892513987,5.768101988023132,0.001996007984031936
SIG072,0.505161656267726,0.5230081965626454,-1.4696158689567653,1.0
SIG074,0.521110476165163,0.555457878601963,-1.0159802234426907,0.6706586826347305
SIG078,0.586986856618869,0.553944483154357,0.2634143585302313,0.3413173652694611
SIG079,0.506305899238508,0.55971139831217,-1.0454344732816496,0.812375249500998
SIG080,0.516193336611426,0.530628553010673,-0.7231632246938343,0.7045908183632734
SIG082,0.731818181818182,0.5632941840773704,3.4757320114856114,0.001996007984031936
SIG084,0.5442113315231165,0.586790855207451,-2.181564929593477,1.0
SIG085,0.520379550015283,0.5713160188443305,-2.356773497040367,1.0
SIG097,0.506762849413886,0.5416100158498636,-0.9994055595018358,0.7385229540918163
SIG098,0.518293088096535,0.548032566897206,-0.8151254034840709,0.8283433133732535
SIG099,0.572674782636176,0.5700523186706854,0.3926458422086933,0.3532934131736527
SIG101,0.516343378303201,0.56575682382134,-1.939270121315404,0.9441117764471058
SIG107,0.5414902266923375,0.541929666366096,-0.3009629468610428,0.592814371257485
SIG108,0.517881111539331,0.53166627716073,-1.0263348636419451,1.0
SIG115,0.514399245152631,0.5335356185221469,-0.7546501402164556,0.6826347305389222
SIG116,0.530134091724587,0.5518242822853694,-0.7055640193463076,0.6766467065868264
SIG117,0.510864220500485,0.5570928285028021,-1.6600218274820493,1.0
SIG118,0.543689449413266,0.5783442811922495,-0.7523873890541829,0.8263473053892215
SIG122,0.596032461677187,0.5536448794397011,1.847647610167852,0.001996007984031936
SIG127,0.526559198373357,0.552040260499487,-0.6668049704559726,0.6646706586826348
SIG133,0.529137374247478,0.56450525234573,-1.3593835321994956,1.0
SIG136,0.5543550568545065,0.578899909828675,-0.949948046427018,0.7684630738522954
SIG138,0.500463869704154,0.5439216701182045,-1.1798410896036131,1.0
SIG140,0.526253538347044,0.5470307917888565,-0.7483070524731708,0.6746506986027944
SIG141,0.555761693204459,0.5281298099003304,3.0223177313573446,0.001996007984031936
SIG143,0.659441572421492,0.5543483611417526,1.4738273639373782,0.17365269461077845
SIG144,0.579012472940934,0.5289886333316636,0.6697547326656679,0.3333333333333333
SIG145,0.526852901762705,0.5422595128904686,-0.7119243402425334,0.6706586826347305
SIG148,0.559304689887969,0.6010297975243875,-0.906183231962689,0.8363273453093812
SIG149,0.615909090909091,0.522864764878057,2.117897078903339,0.001996007984031936
SIG154,0.6575178317307064,0.601442741208296,1.635800046066296,0.059880239520958084
SIG156,0.579134670729058,0.531017369727047,1.632095072313934,0.1157684630738523
SIG164,0.525409751572003,0.6036780489850739,-1.1047841481341945,0.6786427145708582
SIG167,0.5232155594351687,0.562991983019558,-2.716115316250995,1.0
SIG169,0.549422003742321,0.557258791704238,0.3345810773244174,0.4151696606786427
SIG170,0.552766223238136,0.518352063023445,0.0002921943108347331,0.3193612774451098
SIG172,0.510369702434626,0.5219354277316555,-0.7119447935209434,0.6666666666666666
SIG173,0.596590909090909,0.5304773059749439,2.9445125780566688,0.001996007984031936
SIG177,0.54043350565471,0.5511048928301265,-0.5864900767160759,0.6786427145708582
SIG178,0.554055311175196,0.55459988839828,0.1402579516548665,0.5149700598802395
SIG181,0.658196256381169,0.5529417212241274,1.3709896960120558,0.16367265469061876
SIG187,0.503749100886567,0.582208019791774,-2.7783351956892104,1.0
SIG188,0.511688173614895,0.572116272804249,-2.2011050009625315,1.0
SIG189,0.529325014180374,0.5550157704380065,-1.0874967418272798,0.8263473053892215
SIG190,0.521123765731524,0.5551939995488385,-1.204507475227302,1.0
SIG193,0.527289274986011,0.552272727272727,-1.0896138028345148,0.9001996007984032
SIG194,0.55045871559633,0.5435601399539736,0.07820360037873977,0.5169660678642715
SIG198,0.562627081478331,0.535886295134891,1.7373103887644383,0.001996007984031936
SIG205,0.5721986395026926,0.596934174932372,-0.04981167118304627,0.4251497005988024
SIG206,0.541253403941202,0.544170704051129,-0.18496351470794398,0.6906187624750499
SIG207,0.532353449306949,0.567602383710374,-1.6508309517551325,1.0
SIG212,0.528246973301261,0.516593825847382,-0.005298414224222758,0.3532934131736527
SIG224,0.614163488300175,0.5882038526672311,0.06271708259664918,0.3413173652694611
SIG225,0.528898162052972,0.5899083981217765,-2.3776254345151497,1.0
SIG230,0.557058753172884,0.548598500469395,0.12209607823285319,0.5129740518962076
SIG232,0.503800340328985,0.5503386380683599,-1.3032318715544358,1.0
SIG233,0.576102701768841,0.5357047751618955,0.9936038061775775,0.3253493013972056
SIG238,0.533022861981372,0.537004419436321,-0.28662259781881244,0.5169660678642715
SIG242,0.506345767937592,0.5460057584607889,-1.2897697682021927,0.656686626746507
SIG246,0.566193987521271,0.547858468199155,1.1925152213913095,0.15768463073852296
SIG256,0.54913274914285,0.563698241633579,-0.5671986671935347,0.6786427145708582
SIG258,0.514908391303855,0.527295285359801,-1.0848571866046384,0.8562874251497006
SIG260,0.556795631065989,0.582980524978832,-0.723780319463913,0.7604790419161677
SIG261,0.54781622234827,0.5611078543028285,-0.5953693948031636,0.688622754491018
SIG263,0.638957816377171,0.5241154119731255,3.132864195377183,0.001996007984031936
SIG265,0.54271931106888,0.6094235033259425,-1.221089021199619,0.8283433133732535
SIG272,0.596142938173568,0.563570412688345,0.7341876224546845,0.31736526946107785
SIG273,0.5504692158750454,0.5321480938416425,0.8772915988563511,0.1936127744510978
SIG282,0.518200061132005,0.5667555252313485,-1.1276641287151683,0.8483033932135728
SIG284,0.622575155984118,0.6208782418605274,0.24669309861899016,0.5089820359281437
SIG289,0.564593937299826,0.5638935568489225,-0.025161581284467827,0.5189620758483033
SIG294,0.566860030956446,0.529305680793508,3.2429575665914783,0.001996007984031936
SIG300,0.563158664132789,0.52629849988721,1.3997824834323593,0.18363273453093812
SIG304,0.551570162265605,0.54221410766139,0.0038827955558394475,0.3393213572854291
SIG309,0.609090909090909,0.5773559233140725,0.5535784609745996,0.3273453093812375
SIG313,0.5511663790311614,0.550695687417417,-0.12689284554561797,0.5828343313373253
SIG314,0.595462280204197,0.554145177430529,0.8844885885042206,0.3313373253493014
SIG315,0.529063972180268,0.531017369727047,-0.6235678119999755,0.6666666666666666
SIG317,0.5302404293619936,0.538636363636364,-0.610148753630787,0.656686626746507
SIG326,0.515132304568126,0.554891248324915,-1.8824576435047369,0.9780439121756487
SIG327,0.6262471185325855,0.552074513124471,1.459332805428345,0.03592814371257485
SIG331,0.561385424183074,0.557403894398791,0.13209752259497687,0.32934131736526945
SIG332,0.564248408574428,0.578332541414621,-0.5860298960296204,0.8403193612774451
