sig_id,d_home,d_away,delta,z,p_perm
SIG004,0.020618762209788977,-0.0036068530207389315,0.024225615230527908,0.6140627003036372,0.3093812375249501
SIG011,0.03145657658947598,-0.026570406604353503,0.058026983193829484,1.2487630542709425,0.1377245508982036
SIG018,0.014724839528486022,0.04779080252479795,-0.033065962996311926,-0.6768007069554255,0.6966067864271457
SIG028,0.023635493773839,0.05880837027110608,-0.03517287649726708,-1.4434314521382532,0.8922155688622755
SIG036,0.008020253299135027,0.003403289846852009,0.004616963452283018,0.109930391424416,0.46107784431137727
SIG052,0.006631493614363104,0.0008467400508049838,0.00578475356355812,-0.14567700722328103,0.437125748502994
SIG059,-0.03852667231160101,-0.007222879317448028,-0.03130379299415298,-1.5019149500506312,1.0
SIG062,-0.007807620237351931,-0.015329125338143013,0.007521505100791082,-0.17289841291889638,0.313373253493014
SIG066,-0.008206307228195042,0.0,-0.008206307228195042,-0.6469743366194595,0.5748502994011976
SIG071,0.11368515929631251,-0.005440997532644487,0.119126156828957,5.528792785127375,0.001996007984031936
SIG072,-0.031196823596141954,-0.0045085662759239975,-0.026688257320217956,-0.7295139270809622,0.5728542914171657
SIG078,0.06609565829866992,0.01172227231740297,0.05437338598126695,0.8146350353629096,0.2874251497005988
SIG085,-0.00033223915903601853,0.02685290176270494,-0.027185140921740958,-0.9319455448126693,0.8363273453093812
SIG099,0.014058552054864948,0.039950702747961975,-0.025892150693097027,-1.2487205450285186,0.8842315369261478
SIG108,-0.004099831222507011,-0.007249969017227076,0.003150137794720065,-0.10920524608273631,0.3213572854291417
SIG116,0.009242893404387997,0.023082166315529062,-0.013839272911141065,-0.16709181168772233,0.5768463073852296
SIG133,0.008246175927278943,0.021590909090908994,-0.013344733163630051,-0.8858530954710186,0.7504990019960079
SIG140,0.005455366991375055,0.007444168734491052,-0.0019888017431159977,-0.1948479683629606,0.5548902195608783
SIG143,0.13864340106582307,0.002481389578164017,0.13616201148765905,1.862299651942091,0.001996007984031936
SIG144,0.041129780435007035,-0.0003521735085779687,0.041481953943585004,0.7725645426996802,0.4351297405189621
SIG149,0.055681818181817944,0.009017132551848994,0.04666468562996895,0.8648364808207764,0.2934131736526946
SIG154,0.16828958509737502,0.048692515779982015,0.119597069317393,3.6375164036767984,0.001996007984031936
SIG167,-0.004276202160943987,0.003537011949413471,-0.007813214110357458,-0.4588052284660562,0.562874251497006
SIG169,0.007827566647760076,0.0,0.007827566647760076,0.39542702973111216,0.2934131736526946
SIG173,0.04204545454545394,-0.005669518606329027,0.04771497315178297,3.565460566398207,0.001996007984031936
SIG177,0.018532300291041026,0.015329125338142013,0.0032031749528990128,0.34638143477466016,0.3013972055888224
SIG178,0.03418740946482901,0.019318181818182012,0.014869227646646999,0.6304447044128225,0.1317365269461078
SIG188,-0.009109997740773923,0.009090909090909038,-0.01820090683168296,-0.9447943310053192,0.6826347305389222
SIG190,0.00041197655720492943,0.00992555831265507,-0.00951358175545014,-0.5457638261863911,0.5349301397205589
SIG193,-0.013726602382303055,-0.0056818181818190094,-0.008044784200484045,-0.507922251467591,0.6926147704590818
SIG194,0.006854963405834025,0.006818181818182056,3.678158765196837e-05,-0.20566449037520745,0.4171656686626746
SIG207,0.010372506545110904,0.024346257889990897,-0.013973751344879992,-0.37993609285536123,0.7245508982035929
SIG224,0.07628079579424796,0.04809982983550698,0.028180965958740978,0.12050701993639984,0.30538922155688625
SIG230,0.03690512578574601,0.007157020696493044,0.029748105089252963,0.8252233923744867,0.281437125748503
SIG232,-0.03221781055019801,0.009918845807033061,-0.04213665635723107,-1.1075448618741712,0.7225548902195609
SIG242,-0.014452403418076964,0.005080440304826905,-0.01953284372290387,-0.33504553309297025,0.7225548902195609
SIG246,0.034259784458310016,-0.004545454545454963,0.03880523900376498,1.473429066453473,0.1536926147704591
SIG258,-0.018220942436783516,-0.011928192313252983,-0.006292750123530533,-0.49993895745798295,0.6586826347305389
SIG260,0.03038293037440898,0.019209940297015005,0.011172990077393974,0.3507836907180974,0.40718562874251496
SIG261,0.011457742484402011,0.02614968440036103,-0.014691941915959017,-0.4376346443169197,0.5788423153692615
SIG265,0.02200752189456101,0.06478713534687197,-0.04277961345231096,-0.5521405633736063,0.6946107784431138
SIG272,0.063925127623369,0.03606853020739398,0.027856597415975015,1.172524113477101,0.15768463073852296
SIG273,-0.003740060661862943,-0.01967404808232648,0.015933987420463536,-0.026785219615284777,0.5748502994011976
SIG282,-0.001953566255132988,0.017923993193420085,-0.019877559448553073,-0.48207147975125997,0.6067864271457086
SIG284,0.08723766307430492,0.088089330024814,-0.000851666950509089,0.25446105393482377,0.5868263473053892
SIG294,0.028312745112944016,-0.009618161192182506,0.03793090630512652,2.6334394060633985,0.027944111776447105
SIG300,0.04226746581259,-0.019318181818182012,0.06158564763077201,2.2639200544172784,0.001996007984031936
SIG326,-0.010046912169256017,-0.009314140558847939,-0.0007327716104080784,-0.07151620712025653,0.5508982035928144
SIG332,0.04438050686406103,0.037468247248095055,0.006912259615965977,-0.12283509803868647,0.2774451097804391
