sig_id,n_home,n_away,d_rand_home,d_rand_away,d_clin_home,d_clin_away,C_home,C_away
SIG004,1,6,0.022539104549018973,-0.01335499729690598,0.0008790857508191,0.0059360173063903,0.54189535795447,0.5316846106148225
SIG005,2,5,0.016673032667962495,-0.024018142459540037,0.009288713721469501,0.0031017369727046,0.545243027611671,0.529776674937965
SIG011,2,5,0.0316089325780915,-0.025247971145175074,0.0010700781996771,0.0054102795311091,0.56266487122112,0.523895401262399
SIG018,1,6,0.01623320531051098,0.044230058097339486,-0.0006926130157969,0.0141958214694386,0.536034659189071,0.5865555730022041
SIG028,1,6,0.02477839648092295,0.057718046972603465,-0.0010256000426223,0.014305284128595,0.544898799952158,0.5938226950657325
SIG029,1,6,-0.01466503647985995,0.02018497119589452,0.0002930285836063,0.01016368460141985,0.505455366991375,0.5650319709383256
SIG036,2,5,0.0063786582951795845,-0.03344623200677399,0.0027344894642903498,0.009090909090909,0.5344521718494555,0.50963818163076
SIG039,1,6,0.0033091020240010316,-0.025007840630362488,-0.0028237299874797,0.00283598926071345,0.526545908806996,0.517010301494796
SIG048,1,6,-0.00975454170930401,-0.011525527288122006,-2.66389621460528e-05,0.00794021687149995,0.510199742182413,0.5359477036852665
SIG056,2,5,-0.0025584390212549657,-0.04204545454545505,0.00041118212668573976,0.0045454545454544,0.5260115559224535,0.5125
SIG059,1,6,-0.03556308213378501,-0.008919762837247991,0.0082557154953428,0.00064469537047315,0.502540220152413,0.523640620871488
SIG062,1,6,-0.010345927412388933,-0.019056837600061993,0.0014385039558858,0.0010435169988036,0.515302935665209,0.5249361307755295
SIG064,1,6,0.046985261870905015,0.0667067895703905,0.0026905351767494,0.02364076323924845,0.566760136616742,0.608672115910081
SIG066,1,6,-0.008624928568581103,-0.00494423459964044,-0.0036095793707877,0.01013822364126985,0.511329355323136,0.546820488476111
SIG069,1,6,0.00811541929666404,-0.017000809674250494,-0.0063119927862939,0.0005805589853802001,0.558160504959423,0.5333843585744784
SIG070,1,6,-0.029635901778154006,0.005273610876416035,0.0074089754445385,0.0038298705931197,0.512701100762066,0.5328865162016885
SIG071,2,5,0.11606866764040502,0.012499999999998956,0.007789683972791299,0.0036228988518607,0.6587902917321065,0.539303892513987
SIG072,1,6,-0.03074305161656199,-0.01917315355751603,-5.67214974476205e-05,0.0021777351554383,0.505161656267726,0.5230081965626454
SIG074,1,6,0.0011561922734459884,0.014193810708769017,0.0003995844321904,-0.0004160184985615499,0.521110476165163,0.555457878601963
SIG078,1,6,0.06729171927120092,0.0002740686601199749,0.0115613095713791,0.0035556478233785,0.586986856618869,0.553944483154357
SIG079,1,6,-0.01338923810916004,0.012283793753586014,0.0020512000852446,0.0004830995720105,0.506305899238508,0.55971139831217
SIG080,1,6,-0.003162916794025028,-0.014552149917655466,0.0005727376861397,0.0010435169988036,0.516193336611426,0.530628553010673
SIG082,1,6,0.17727272727272703,0.021842021678966483,0.0534090909090909,0.01352933788578185,0.731818181818182,0.5632941840773704
SIG084,2,5,0.009639246632338505,0.04720575783234504,-0.0042994660365363,0.0125,0.5442113315231165,0.586790855207451
SIG085,1,6,0.0011761266229880496,0.020819078537604008,0.0014385039558858,0.0063895196674621,0.520379550015283,0.5713160188443305
SIG097,1,6,-0.038773669972948954,-0.002371197348406462,-0.0027051397655545,0.00621860582067815,0.506762849413886,0.5416100158498636
SIG098,1,6,-0.001402049251133075,-0.0014787018208055058,0.0015051013612509,0.0099710845236763,0.518293088096535,0.548032566897206
SIG099,3,4,0.026407982397256984,0.023358086234057496,0.011008287349119033,0.012857841505573701,0.572674782636176,0.5700523186706854
SIG101,2,5,-0.011031855603154506,0.009925558312654958,0.0020680605990907,0.0103725656223539,0.516343378303201,0.56575682382134
SIG107,2,5,0.011266304509524983,-0.0054102795311090635,0.006024206370090501,0.0063119927862939,0.5414902266923375,0.541929666366096
SIG108,1,6,-0.004166279054313993,-0.009459114174466987,0.0002397506593142,0.0011359068211322899,0.517881111539331,0.53166627716073
SIG115,1,6,-0.0057211583186039805,-0.01237302119321454,0.0017581715016382,0.005834497620915,0.514399245152631,0.5335356185221469
SIG116,1,6,0.010438954376918996,0.013980188580122954,0.0026239377713843,0.00845071034852775,0.530134091724587,0.5518242822853694
SIG117,1,6,-0.009256182970750038,0.011544434683604499,0.0004795013186286,0.00337879647295405,0.510864220500485,0.5570928285028021
SIG118,1,6,0.020452642630271023,0.03267931727943102,0.0060070859639308,0.0071393230845288,0.543689449413266,0.5783442811922495
SIG122,1,6,0.04779080252479706,0.007017909707674519,0.0369702434625788,0.0009262562057411,0.596032461677187,0.5536448794397011
SIG127,1,6,0.0049835873855429424,0.010047954750388943,-0.0046618183755561,0.00464023169886835,0.526559198373357,0.552040260499487
SIG133,1,6,0.009442236899809942,0.018883713956386994,0.0011987532965716,0.013471487721788949,0.529137374247478,0.56450525234573
SIG136,2,5,0.026700501214148964,0.02975653742110096,0.00635936999504255,0.0036068530207393,0.5543550568545065,0.578899909828675
SIG138,1,6,-0.04164519121739996,0.0012078507871704502,-0.0049479435109782,0.0033220749755065,0.500463869704154,0.5439216701182045
SIG140,1,6,0.004677927359230005,-0.0065446387487574365,0.0009323636751111,0.0050763109077117,0.526253538347044,0.5470307917888565
SIG141,3,4,0.023920103962657684,-0.018900773339254495,0.0036907428032371,-0.00031017369727045,0.555761693204459,0.5281298099003304
SIG143,1,6,0.13786596143367802,0.0021424080442665194,0.0357494871999786,0.008936695630789249,0.659441572421492,0.5543483611417526
SIG144,1,6,0.037418822801773,-0.010675478979220443,0.0324708792907947,0.0018673756329785,0.579012472940934,0.5289886333316636
SIG145,1,6,-0.021492629625812,0.011653555811927507,0.0032986290073188,0.00670127395889455,0.526852901762705,0.5422595128904686
SIG148,1,6,0.03772907890015498,0.05008709730305749,0.0095500679293534,0.01756288896405285,0.559304689887969,0.6010297975243875
SIG149,1,6,0.057954545454544926,-0.008234155957009992,0.0068181818181817,-0.0003046262781016453,0.615909090909091,0.522864764878057
SIG154,2,5,0.11862386250824247,0.052299368800721946,0.016919251833362698,0.0079545454545453,0.6575178317307064,0.601442741208296
SIG156,2,5,0.052497538810754474,-0.02853598014888392,0.010175238889766,0.0112359550561798,0.579134670729058,0.531017369727047
SIG164,1,6,-0.012936810638078056,0.05961074872376648,0.0123698587774456,0.01150200980274315,0.525409751572003,0.6036780489850739
SIG167,3,4,-0.011574168250870986,0.01350197613179549,0.009232600738790966,0.0026571280117004,0.5232155594351687,0.562991983019558
SIG169,2,5,0.02204676983596554,0.002272727272726982,0.01360191904484375,0.0054633542933717,0.549422003742321,0.557258791704238
SIG170,1,6,0.031190612250321936,-0.027403261950722013,0.003143397533232,0.00975873145579495,0.552766223238136,0.518352063023445
SIG172,1,6,-0.036970243462579044,-0.010569496797040001,-0.0018034265103698,0.00320766513690505,0.510369702434626,0.5219354277316555
SIG173,1,6,0.038636363636362914,-0.005900175388386497,0.0238636363636363,0.0021227029580292503,0.596590909090909,0.5304773059749439
SIG177,1,6,0.017196698871715044,0.010384279194564972,-0.0001465142918032,0.0012397076442697999,0.54043350565471,0.5511048928301265
SIG178,1,6,0.034280436429359074,0.009818319790593444,0.0064199898771943,0.013887228047527352,0.554055311175196,0.55459988839828
SIG181,1,6,0.12461712989222995,0.0111420595186425,0.0207033465683494,0.0042431615888056,0.658196256381169,0.5529417212241274
SIG187,2,5,-0.026632862068356022,0.02499999999999991,0.0016875337033058501,0.0002836074872376,0.503749100886567,0.582208019791774
SIG188,1,6,-0.009887437372918972,0.023569201755061053,-0.0001198753296571,0.010472931070856,0.511688173614895,0.572116272804249
SIG189,1,6,-0.006239364719228924,0.017160946463023463,-0.0010777084515032,0.01007716880917555,0.529325014180374,0.5550157704380065
SIG190,1,6,0.0019203423392289976,0.004906057658880025,0.003849330030102,0.01334709435196225,0.521123765731524,0.5551939995488385
SIG193,2,5,-0.00015134765738550326,-0.0056818181818190094,0.0012730175251884,0.0192307692307692,0.527289274986011,0.552272727272727
SIG194,1,6,0.006288011545200978,-0.0025459933800319745,0.0130914338727965,0.0016875337033058501,0.55045871559633,0.5435601399539736
SIG198,1,6,0.042852206732494014,-0.007653235139770009,0.0002131116971682,0.0048105569224961,0.562627081478331,0.535886295134891
SIG205,2,5,0.044758016859296035,0.046889089269612994,0.010752394745237301,0.0081154192966636,0.5721986395026926,0.596934174932372
SIG206,2,5,0.0037194438135255137,0.004764605785593012,-0.00211990136318835,0.0006239364719228,0.541253403941202,0.544170704051129
SIG207,1,6,0.010306058713303923,0.018625481886418493,0.0032099949385971,0.0052105687323705,0.532353449306949,0.567602383710374
SIG212,1,6,0.008472098555424079,-0.030143093586144032,0.0007858493833079,0.0006493818686587,0.528246973301261,0.516593825847382
SIG224,1,6,0.07256983816101392,0.04727854481742699,0.018348623853211,0.00899905893879225,0.614163488300175,0.5882038526672311
SIG225,1,6,0.009203024705303986,0.04018599414979551,0.0013319481073017,0.0176629710441799,0.528898162052972,0.5899083981217765
SIG230,1,6,0.03612768615360096,0.002734102850290465,0.0033165507871812,0.0133414479254869,0.557058753172884,0.548598500469395
SIG232,1,6,-0.031877481565512955,0.0072329848388484885,0.0003970504821326,0.0064045416475586505,0.503800340328985,0.5503386380683599
SIG233,1,6,0.05702552925698001,-0.007148733756207004,0.0076054236926929,0.00325351419814865,0.576102701768841,0.5357047751618955
SIG238,1,6,-0.009525825571548907,-0.0007749706292589642,0.0091024555461474,0.0012620045883987,0.533022861981372,0.537004419436321
SIG242,1,6,-0.015229843050222014,0.0026460626587639924,-9.32363675111292e-05,0.0192349511200061,0.506345767937592,0.5460057584607889
SIG246,1,6,0.03261486103233202,-0.0021733349888949927,0.0098128190584231,0.0013412561305943499,0.566193987521271,0.547858468199155
SIG256,2,5,0.013360924382451511,0.00992555831265507,0.0082805496350522,0.0019051651143099,0.54913274914285,0.563698241633579
SIG258,2,5,-0.016206340892539528,-0.023596142938174025,0.00100939314079915,0.0007373794668179,0.514908391303855,0.527295285359801
SIG260,2,5,0.03015849914768548,0.04149026248941601,0.0066087366699608,0.0022727272727272,0.556795631065989,0.582980524978832
SIG261,1,6,0.011911514463981976,0.012781483111531489,0.0040272263187748,0.0009529291680760001,0.54781622234827,0.5611078543028285
SIG263,1,6,0.08312655086848597,-0.01751201966208249,0.0502481389578164,0.0023696006559681,0.638957816377171,0.5241154119731255
SIG265,1,6,0.02351588767658508,0.06938116442843556,0.0014118649937398,0.0203653943787072,0.54271931106888,0.6094235033259425
SIG272,1,6,0.062280204197391,0.022022755764026014,0.0179807146908678,0.0037468421815675,0.596142938173568,0.563570412688345
SIG273,3,4,0.012631165428992008,-0.018643226517539024,0.0019151577310927332,0.00965417107889525,0.5504692158750454,0.5321480938416425
SIG282,1,6,-0.0027310058872780374,0.02395370830215554,-0.0003596259889715,0.0015872202639560001,0.518200061132005,0.5667555252313485
SIG284,1,6,0.0871242200794099,0.06652988071877497,0.0243335224049914,0.01377588330382575,0.622575155984118,0.6208782418605274
SIG289,1,6,0.04366287028054294,0.009442884662677509,0.0046218599323369,0.00446484745013635,0.564593937299826,0.5638935568489225
SIG294,2,5,0.02888419646648599,-0.016335791264889044,0.015845497522940052,-0.000211685012701,0.566860030956446,0.529305680793508
SIG300,1,6,0.043463526785121,-0.02744418089001205,-0.0006792935347239,0.00951105346266635,0.563158664132789,0.52629849988721
SIG304,1,6,0.03144975879436995,0.006109459568260978,0.0038626495111749,0.0031392970523745,0.551570162265605,0.54221410766139
SIG309,1,6,0.05170454545454506,0.03902529217051348,0.0102272727272726,0.015337389648831,0.609090909090909,0.5773559233140725
SIG313,3,4,0.018645441300906358,0.0012056805296545292,0.0016880936903692471,-0.0028092443780488997,0.5511663790311614,0.550695687417417
SIG314,1,6,0.05978445830969903,0.006160401139519489,0.0006239364719228,0.0023573652944407497,0.595462280204197,0.554145177430529
SIG315,2,5,-0.0010417582481139775,-0.02481389578163795,0.00673467530544975,-5.67214974476205e-05,0.529063972180268,0.531017369727047
SIG317,2,5,0.002799806718597031,-0.019318181818182012,0.0004660518913988,0.0061388653683318,0.5302404293619936,0.538636363636364
SIG326,2,5,-0.012522251072231538,0.00886506545716903,-0.0008755122315068,0.0093052109181142,0.515132304568126,0.554891248324915
SIG327,2,5,0.08177784813266553,0.01288526955983893,0.02552945605158015,0.0093052109181142,0.6262471185325855,0.552074513124471
SIG331,1,6,0.023038861972992986,0.009496464681755024,0.0015462323471806,0.012773266107305,0.561385424183074,0.557403894398791
SIG332,1,6,0.044473533828591094,0.03371823484094849,0.0019579637177336,0.007011576756769401,0.564248408574428,0.578332541414621
