sig_id,home_cohort,n_home,C_home,C_away,delta_home,C_pseudo,delta_pseudo,n_cohort
SIG004,GSE39582,1,0.54189535795447,0.5316846106148225,0.010210747339647441,0.51602927533244,-0.031310670564765,7
SIG005,GSE17536;GSE39582,2,0.545243027611671,0.529776674937965,0.015466352673705996,0.5233557379770265,-0.0391442620229735,7
SIG011,GSE38832;GSE39582,2,0.56266487122112,0.523895401262399,0.03876946995872099,0.5646772291671796,0.054750967113861515,7
SIG018,GSE39582,1,0.536034659189071,0.5865555730022041,-0.05052091381313306,0.628409090909091,0.052232119837055,7
SIG028,GSE39582,1,0.544898799952158,0.5938226950657325,-0.048923895113574534,0.588428814520703,-0.010787761090059078,7
SIG029,GSE39582,1,0.505455366991375,0.5650319709383256,-0.059576603946950524,0.513636363636364,-0.06452740807579505,7
SIG036,GSE17536;GSE39582,2,0.5344521718494555,0.50963818163076,0.02481399021869546,0.5072988022671385,-0.08474665227831646,7
SIG039,GSE39582,1,0.526545908806996,0.517010301494796,0.009535607312200045,0.500283607487238,-0.02554196406229603,7
SIG048,GSE39582,1,0.510199742182413,0.5359477036852665,-0.02574796150285341,0.547339945897205,0.02278448442387704,7
SIG056,GSE17536;GSE39582,2,0.5260115559224535,0.5125,0.013511555922453566,0.5105924317617865,-0.008035849355910507,7
SIG059,GSE38832,1,0.502540220152413,0.523640620871488,-0.02110040071907504,0.527850255246739,0.00841926875050203,7
SIG062,GSE39582,1,0.515302935665209,0.5249361307755295,-0.009633195110320458,0.532912533814247,0.01595280607743499,7
SIG064,GSE39582,1,0.566760136616742,0.608672115910081,-0.04191197929333901,0.665012406947891,0.058167751757703945,7
SIG066,GSE39582,1,0.511329355323136,0.546820488476111,-0.03549113315297503,0.643181818181818,0.10756693311842191,7
SIG069,GSE29621,1,0.558160504959423,0.5333843585744784,0.02477614638494463,0.559271803556308,0.03468670923613504,7
SIG070,GSE38832,1,0.512701100762066,0.5328865162016885,-0.02018541543962249,0.509090909090909,-0.042468932088898015,7
SIG071,GSE29621;GSE38832,2,0.6587902917321065,0.539303892513987,0.11948639921811943,0.554879218984266,0.043694805006324944,7
SIG072,GSE17536,1,0.505161656267726,0.5230081965626454,-0.01784654029491939,0.544030482641829,0.02293867122743698,7
SIG074,GSE39582,1,0.521110476165163,0.555457878601963,-0.03434740243680001,0.510369702434626,-0.04637702470690597,7
SIG078,GSE39582,1,0.586986856618869,0.553944483154357,0.033042373464512,0.621930567315834,0.07761238549765193,7
SIG079,GSE39582,1,0.506305899238508,0.55971139831217,-0.05340549907366199,0.570279424216766,0.02113605180919198,7
SIG080,GSE39582,1,0.516193336611426,0.530628553010673,-0.014435216399247053,0.515664690939881,-0.015815740143500068,7
SIG082,GSE17537,1,0.731818181818182,0.5632941840773704,0.16852399774081162,0.531316863130756,-0.032253921359776005,7
SIG084,GSE29621;GSE39582,2,0.5442113315231165,0.586790855207451,-0.042579523684334486,0.6372081694271625,0.05041731421971152,7
SIG085,GSE39582,1,0.520379550015283,0.5713160188443305,-0.050936468829047454,0.574441687344913,0.003675786922275992,7
SIG097,GSE29621,1,0.506762849413886,0.5416100158498636,-0.03484716643597752,0.504099831222507,-0.05051490205437703,7
SIG098,GSE39582,1,0.518293088096535,0.548032566897206,-0.02973947880067107,0.571686203787196,0.04730727377998001,7
SIG099,GSE17536;GSE17537;GSE29621,3,0.572674782636176,0.5700523186706854,0.0026224639654905957,0.5621643197742484,-0.020868357269355542,7
SIG101,GSE17536;GSE39582,2,0.516343378303201,0.56575682382134,-0.049413445518138976,0.5691375604520574,0.010977055492634391,7
SIG107,GSE17536;GSE39582,2,0.5414902266923375,0.541929666366096,-0.00043943967375847937,0.5374682472480949,-0.00446141911800102,7
SIG108,GSE39582,1,0.517881111539331,0.53166627716073,-0.013785165621398976,0.530913216108905,-0.0015061221036500871,7
SIG115,GSE39582,1,0.514399245152631,0.5335356185221469,-0.019136373369515902,0.50381033022862,-0.045053306135016014,7
SIG116,GSE39582,1,0.530134091724587,0.5518242822853694,-0.021690190560782363,0.571487475517988,0.03932638646523701,7
SIG117,GSE39582,1,0.510864220500485,0.5570928285028021,-0.046228608002317095,0.558160504959423,0.0021353529132420723,7
SIG118,GSE39582,1,0.543689449413266,0.5783442811922495,-0.03465483177898343,0.564516129032258,-0.027656304319983005,7
SIG122,GSE29621,1,0.596032461677187,0.5536448794397011,0.042387582237485955,0.558602205958149,0.009914653036895982,7
SIG127,GSE39582,1,0.526559198373357,0.552040260499487,-0.025481062126129994,0.662531017369727,0.12691334378992503,7
SIG133,GSE39582,1,0.529137374247478,0.56450525234573,-0.03536787809825204,0.56731583403895,0.005621163386440031,7
SIG136,GSE17536;GSE39582,2,0.5543550568545065,0.578899909828675,-0.02454485297416853,0.5733195569465135,-0.0187258975989415,7
SIG138,GSE87211,1,0.500463869704154,0.5439216701182045,-0.04345780041405045,0.555455365193868,0.023067390151326972,7
SIG140,GSE39582,1,0.526253538347044,0.5470307917888565,-0.02077725344181247,0.642921550946799,0.11337609640134405,7
SIG141,GSE17536;GSE38832;GSE39582,3,0.555761693204459,0.5281298099003304,0.02763188330412858,0.5217315928067396,-0.01478779402824737,7
SIG143,GSE39582,1,0.659441572421492,0.5543483611417526,0.10509321127973947,0.627873415111844,0.07873004270426998,7
SIG144,GSE87211,1,0.579012472940934,0.5289886333316636,0.05002383960927048,0.519515728201789,-0.018945810259748952,7
SIG145,GSE87211,1,0.526852901762705,0.5422595128904686,-0.015406611127763536,0.579404466501241,0.038760944062629976,7
SIG148,GSE39582,1,0.559304689887969,0.6010297975243875,-0.04172510763641846,0.620454545454546,0.03884949586031705,7
SIG149,GSE17537,1,0.615909090909091,0.522864764878057,0.09304432603103396,0.508684863523573,-0.028359802708967985,7
SIG154,GSE17536;GSE38832,2,0.6575178317307064,0.601442741208296,0.05607509052241044,0.570798582984708,-0.06939992818154506,7
SIG156,GSE17536;GSE39582,2,0.579134670729058,0.531017369727047,0.04811730100201095,0.580239988527419,0.062058170345601016,7
SIG164,GSE87211,1,0.525409751572003,0.6036780489850739,-0.07826829741307095,0.59058423142371,-0.026187635122728037,7
SIG167,GSE17536;GSE29621;GSE39582,3,0.5232155594351687,0.562991983019558,-0.039776423584389264,0.5556836195010434,-0.059700995883571584,7
SIG169,GSE17536;GSE39582,2,0.549422003742321,0.557258791704238,-0.007836787961917002,0.532551638617875,-0.024707153086362954,7
SIG170,GSE39582,1,0.552766223238136,0.518352063023445,0.0344141602146909,0.615384615384615,0.09987075083456898,7
SIG172,GSE29621,1,0.510369702434626,0.5219354277316555,-0.011565725297029483,0.50742222281287,-0.021675905377714022,7
SIG173,GSE17537,1,0.596590909090909,0.5304773059749439,0.06611360311596504,0.501985252410664,-0.037340590285964925,7
SIG177,GSE39582,1,0.54043350565471,0.5511048928301265,-0.010671387175416491,0.593052109181141,0.052609681501050054,7
SIG178,GSE39582,1,0.554055311175196,0.55459988839828,-0.0005445772230839863,0.550946798917944,-0.007306178960672094,7
SIG181,GSE17536,1,0.658196256381169,0.5529417212241274,0.10525453515704153,0.6,0.05385266723116,7
SIG187,GSE38832;GSE39582,2,0.503749100886567,0.582208019791774,-0.07845891890520695,0.58786865776683,0.005660637975056004,7
SIG188,GSE39582,1,0.511688173614895,0.572116272804249,-0.06042809918935399,0.578323454699407,0.012414363790316019,7
SIG189,GSE17536,1,0.529325014180374,0.5550157704380065,-0.025690756257632508,0.541470091830904,-0.020297266149257975,7
SIG190,GSE39582,1,0.521123765731524,0.5551939995488385,-0.034070233817314555,0.532316256056077,-0.03716265213250902,7
SIG193,GSE17536;GSE39582,2,0.527289274986011,0.552272727272727,-0.024983452286716057,0.5502623061717344,-0.0020104211009925876,7
SIG194,GSE87211,1,0.55045871559633,0.5435601399539736,0.006898575642356408,0.528365791701948,-0.024015034111706024,7
SIG198,GSE39582,1,0.562627081478331,0.535886295134891,0.026740786343439904,0.53976176971072,0.007750949151657971,7
SIG205,GSE17536;GSE39582,2,0.5721986395026926,0.596934174932372,-0.024735535429679434,0.619838427701331,0.085151282046244,7
SIG206,GSE17537;GSE39582,2,0.541253403941202,0.544170704051129,-0.002917300109926968,0.5278544263737005,-0.016316277677428492,7
SIG207,GSE39582,1,0.532353449306949,0.567602383710374,-0.035248934403425025,0.563244469653999,-0.008715828112749957,7
SIG212,GSE39582,1,0.528246973301261,0.516593825847382,0.01165314745387902,0.503155996393147,-0.018434912697761985,7
SIG224,GSE87211,1,0.614163488300175,0.5882038526672311,0.0259596356329439,0.55931797945433,-0.02958972588013198,7
SIG225,GSE39582,1,0.528898162052972,0.5899083981217765,-0.06101023606880451,0.580703336339044,-0.010205754570047021,7
SIG230,GSE39582,1,0.557058753172884,0.548598500469395,0.008460252703489046,0.596032461677187,0.06253370237197609,7
SIG232,GSE17536,1,0.503800340328985,0.5503386380683599,-0.0465382977393749,0.553683203317076,0.006689130497432028,7
SIG233,GSE39582,1,0.576102701768841,0.5357047751618955,0.04039792660694552,0.503762498711473,-0.035939734539146895,7
SIG238,GSE38832,1,0.533022861981372,0.537004419436321,-0.003981557454948992,0.500450856627593,-0.04341060095409999,7
SIG242,GSE39582,1,0.506345767937592,0.5460057584607889,-0.03965999052319691,0.547840812870449,0.0036701088193199505,7
SIG246,GSE17536,1,0.566193987521271,0.547858468199155,0.01833551932211608,0.575359864521592,0.029642928123282064,7
SIG256,GSE29621;GSE39582,2,0.54913274914285,0.563698241633579,-0.014565492490728915,0.5312503900494385,-0.038228518139147516,7
SIG258,GSE39582;GSE87211,2,0.514908391303855,0.527295285359801,-0.012386894055945952,0.54802195721405,0.03775536617604702,7
SIG260,GSE17536;GSE39582,2,0.556795631065989,0.582980524978832,-0.026184893912843066,0.5937629897621435,0.05268475040537646,7
SIG261,GSE17536,1,0.54781622234827,0.5611078543028285,-0.013291631954558514,0.607112616426757,0.05748482486348094,7
SIG263,GSE72970,1,0.638957816377171,0.5241154119731255,0.11484240440404547,0.606818181818182,0.08314281934525902,7
SIG265,GSE39582,1,0.54271931106888,0.6094235033259425,-0.06670419225706248,0.609756097560976,0.0006651884700670241,7
SIG272,GSE17536,1,0.596142938173568,0.563570412688345,0.03257252548522305,0.502116850127011,-0.08219333923277294,7
SIG273,GSE29621;GSE38832;GSE39582,3,0.5504692158750454,0.5321480938416425,0.01832112203340286,0.5334544846336103,-0.014932612140583612,7
SIG282,GSE39582,1,0.518200061132005,0.5667555252313485,-0.048555464099343526,0.614772727272727,0.06196501314907399,7
SIG284,GSE17536,1,0.622575155984118,0.6208782418605274,0.0016969141235905205,0.686363636363636,0.08852774817608,7
SIG289,GSE39582,1,0.564593937299826,0.5638935568489225,0.0007003804509034817,0.524813895781638,-0.05473155876381708,7
SIG294,GSE39582;GSE72970,2,0.566860030956446,0.529305680793508,0.037554350162937955,0.537172562264735,0.007866881471226939,7
SIG300,GSE39582,1,0.563158664132789,0.52629849988721,0.03686016424557903,0.569322750231935,0.051953023184788005,7
SIG304,GSE39582,1,0.551570162265605,0.54221410766139,0.009356054604214958,0.541803743618832,-0.0008207280851160181,7
SIG309,GSE17537,1,0.609090909090909,0.5773559233140725,0.03173498577683653,0.536566241843529,-0.06014391130451402,7
SIG313,GSE17536;GSE38832;GSE39582,3,0.5511663790311614,0.550695687417417,0.0004706916137443562,0.5706170828649927,0.06193221934141968,7
SIG314,GSE17536,1,0.595462280204197,0.554145177430529,0.04131710277366796,0.509741263787239,-0.06298600894003392,7
SIG315,GSE38832;GSE39582,2,0.529063972180268,0.531017369727047,-0.0019533975467790343,0.5435084314046805,0.012491061677633475,7
SIG317,GSE17536;GSE39582,2,0.5302404293619936,0.538636363636364,-0.008395934274370465,0.5865511109550146,0.07166277348603156,7
SIG326,GSE17536;GSE39582,2,0.515132304568126,0.554891248324915,-0.03975894375678901,0.5617542914325305,0.006863043107615541,7
SIG327,GSE17536;GSE29621,2,0.6262471185325855,0.552074513124471,0.07417260540811454,0.5359628148748905,-0.01851610482410948,7
SIG331,GSE87211,1,0.561385424183074,0.557403894398791,0.003981529784283011,0.553942144072604,-0.006923500652374015,7
SIG332,GSE39582,1,0.564248408574428,0.578332541414621,-0.014084132840192942,0.573863636363636,-0.005036273465038987,7
