sig_id,n_home,home_cohorts,away_cohorts,d_home,d_away,delta_home_minus_away
SIG004,1,GSE39582,GSE17536;GSE17537;GSE29621;GSE38832;GSE72970;GSE87211;TCGA_COADREAD,0.0206187622097889,-0.0036068530207389,0.0242256152305279
SIG005,2,GSE17536;GSE39582,GSE17537;GSE29621;GSE38832;GSE72970;GSE87211;TCGA_COADREAD,0.0168915879916924,-0.0220118761273129,0.0389034641190054
SIG011,2,GSE38832;GSE39582,GSE17536;GSE17537;GSE29621;GSE72970;GSE87211;TCGA_COADREAD,0.0314565765894759,-0.0265704066043535,0.0580269831938294
SIG018,1,GSE39582,GSE17536;GSE17537;GSE29621;GSE38832;GSE72970;GSE87211;TCGA_COADREAD,0.014724839528486,0.0477908025247979,-0.0330659629963119
SIG028,1,GSE39582,GSE17536;GSE17537;GSE29621;GSE38832;GSE72970;GSE87211;TCGA_COADREAD,0.023635493773839,0.058808370271106,-0.035172876497267
SIG029,1,GSE39582,GSE17536;GSE17537;GSE29621;GSE38832;GSE72970;GSE87211;TCGA_COADREAD,-0.0158079391869438,0.0207894410707649,-0.0365973802577088
SIG036,2,GSE17536;GSE39582,GSE17537;GSE29621;GSE38832;GSE72970;GSE87211;TCGA_COADREAD,0.0057117715729935,-0.000101031483335,0.0058128030563285
SIG039,1,GSE39582,GSE17536;GSE17537;GSE29621;GSE38832;GSE72970;GSE87211;TCGA_COADREAD,0.004644703443327,-0.014817950889077,0.019462654332404
SIG048,1,GSE39582,GSE17536;GSE17537;GSE29621;GSE38832;GSE72970;GSE87211;TCGA_COADREAD,-0.0093359203689179,-0.0125,0.0031640796310821
SIG052,2,GSE17536;GSE39582,GSE17537;GSE29621;GSE38832;GSE72970;GSE87211;TCGA_COADREAD,-0.0041998516046164,0.0057578716231759,-0.0099577232277924
SIG056,2,GSE17536;GSE39582,GSE17537;GSE29621;GSE38832;GSE72970;GSE87211;TCGA_COADREAD,-0.0023398836975249,-0.0342251366330535,0.0318852529355285
SIG059,1,GSE38832,GSE17536;GSE17537;GSE29621;GSE39582;GSE72970;GSE87211;TCGA_COADREAD,-0.038526672311601,-0.007222879317448,-0.0313037929941529
SIG062,1,GSE39582,GSE17536;GSE17537;GSE29621;GSE38832;GSE72970;GSE87211;TCGA_COADREAD,-0.0078076202373519,-0.015329125338143,0.007521505100791
SIG064,1,GSE39582,GSE17536;GSE17537;GSE29621;GSE38832;GSE72970;GSE87211;TCGA_COADREAD,0.0468922349063749,0.06896196268426,-0.022069727777885
SIG066,1,GSE39582,GSE17536;GSE17537;GSE29621;GSE38832;GSE72970;GSE87211;TCGA_COADREAD,-0.008206307228195,0.0,-0.008206307228195
SIG069,1,GSE29621,GSE17536;GSE17537;GSE38832;GSE39582;GSE72970;GSE87211;TCGA_COADREAD,0.009918845807033,-0.017369727047147,0.02728857285418
SIG070,1,GSE38832,GSE17536;GSE17537;GSE29621;GSE39582;GSE72970;GSE87211;TCGA_COADREAD,-0.0298475867908549,0.016222348269994,-0.046069935060849
SIG071,2,GSE29621;GSE38832,GSE17536;GSE17537;GSE39582;GSE72970;GSE87211;TCGA_COADREAD,0.1136851592963125,-0.0054409975326444,0.119126156828957
SIG072,1,GSE17536,GSE17537;GSE29621;GSE38832;GSE39582;GSE72970;GSE87211;TCGA_COADREAD,-0.0311968235961419,-0.0045085662759239,-0.0266882573202179
SIG074,1,GSE39582,GSE17536;GSE17537;GSE29621;GSE38832;GSE72970;GSE87211;TCGA_COADREAD,0.001574813613832,0.0091089354319,-0.007534121818068
SIG078,1,GSE39582,GSE17536;GSE17537;GSE29621;GSE38832;GSE72970;GSE87211;TCGA_COADREAD,0.0660956582986699,0.0117222723174029,0.0543733859812669
SIG079,1,GSE39582,GSE17536;GSE17537;GSE29621;GSE38832;GSE72970;GSE87211;TCGA_COADREAD,-0.014585299081691,0.029635901778155,-0.044221200859846
SIG080,1,GSE39582,GSE17536;GSE17537;GSE29621;GSE38832;GSE72970;GSE87211;TCGA_COADREAD,-0.005083259133255,-0.0063119927862939,0.0012287336530388
SIG082,1,GSE17537,GSE17536;GSE29621;GSE38832;GSE39582;GSE72970;GSE87211;TCGA_COADREAD,0.175,0.0271128757799209,0.1478871242200791
SIG084,2,GSE29621;GSE39582,GSE17536;GSE17537;GSE38832;GSE72970;GSE87211;TCGA_COADREAD,0.010187797750248,0.0632324435234669,-0.0530446457732189
SIG085,1,GSE39582,GSE17536;GSE17537;GSE29621;GSE38832;GSE72970;GSE87211;TCGA_COADREAD,-0.000332239159036,0.0268529017627049,-0.0271851409217409
SIG097,1,GSE29621,GSE17536;GSE17537;GSE38832;GSE39582;GSE72970;GSE87211;TCGA_COADREAD,-0.0396753832281339,-0.017801374141162,-0.0218740090869719
SIG098,1,GSE39582,GSE17536;GSE17537;GSE29621;GSE38832;GSE72970;GSE87211;TCGA_COADREAD,-0.002598110223664,0.01087495352584,-0.013473063749504
SIG099,3,GSE17536;GSE17537;GSE29621,GSE38832;GSE39582;GSE72970;GSE87211;TCGA_COADREAD,0.0247014933747189,0.0339140294814969,-0.0092125361067779
SIG101,2,GSE17536;GSE39582,GSE17537;GSE29621;GSE38832;GSE72970;GSE87211;TCGA_COADREAD,-0.0114531725470179,0.007949284782526,-0.019402457329544
SIG107,2,GSE17536;GSE39582,GSE17537;GSE29621;GSE38832;GSE72970;GSE87211;TCGA_COADREAD,0.0128310088565119,-0.010487586965693,0.023318595822205
SIG108,1,GSE39582,GSE17536;GSE17537;GSE29621;GSE38832;GSE72970;GSE87211;TCGA_COADREAD,-0.004099831222507,-0.007249969017227,0.00315013779472
SIG115,1,GSE39582,GSE17536;GSE17537;GSE29621;GSE38832;GSE72970;GSE87211;TCGA_COADREAD,-0.0068640610256879,-0.014010209869541,0.0071461488438531
SIG116,1,GSE39582,GSE17536;GSE17537;GSE29621;GSE38832;GSE72970;GSE87211;TCGA_COADREAD,0.0092428934043879,0.023082166315529,-0.013839272911141
SIG117,1,GSE39582,GSE17536;GSE17537;GSE29621;GSE38832;GSE72970;GSE87211;TCGA_COADREAD,-0.0103990856778339,0.015616946706525,-0.026016032384359
SIG118,1,GSE39582,GSE17536;GSE17537;GSE29621;GSE38832;GSE72970;GSE87211;TCGA_COADREAD,0.021788244049597,0.009090909090909,0.0126973349586879
SIG122,1,GSE29621,GSE17536;GSE17537;GSE38832;GSE39582;GSE72970;GSE87211;TCGA_COADREAD,0.045085662759243,0.004962779156327,0.040122883602916
SIG127,1,GSE39582,GSE17536;GSE17537;GSE29621;GSE38832;GSE72970;GSE87211;TCGA_COADREAD,0.0057610270176879,0.0295454545454539,-0.0237844275277659
SIG133,1,GSE39582,GSE17536;GSE17537;GSE29621;GSE38832;GSE72970;GSE87211;TCGA_COADREAD,0.0082461759272789,0.0215909090909089,-0.01334473316363
SIG136,2,GSE17536;GSE39582,GSE17537;GSE29621;GSE38832;GSE72970;GSE87211;TCGA_COADREAD,0.0268538622822969,0.0336282687105504,-0.0067744064282534
SIG138,1,GSE87211,GSE17536;GSE17537;GSE29621;GSE38832;GSE39582;GSE72970;TCGA_COADREAD,-0.0445314915988039,0.0036068530207389,-0.0481383446195429
SIG140,1,GSE39582,GSE17536;GSE17537;GSE29621;GSE38832;GSE72970;GSE87211;TCGA_COADREAD,0.005455366991375,0.007444168734491,-0.0019888017431159
SIG141,3,GSE17536;GSE38832;GSE39582,GSE17537;GSE29621;GSE72970;GSE87211;TCGA_COADREAD,0.0235861190573559,-0.012500000000001,0.036086119057357
SIG143,1,GSE39582,GSE17536;GSE17537;GSE29621;GSE38832;GSE72970;GSE87211;TCGA_COADREAD,0.138643401065823,0.002481389578164,0.136162011487659
SIG144,1,GSE87211,GSE17536;GSE17537;GSE29621;GSE38832;GSE39582;GSE72970;TCGA_COADREAD,0.041129780435007,-0.0003521735085779,0.041481953943585
SIG145,1,GSE87211,GSE17536;GSE17537;GSE29621;GSE38832;GSE39582;GSE72970;TCGA_COADREAD,-0.0211318420781359,0.001270110076206,-0.0224019521543419
SIG148,1,GSE39582,GSE17536;GSE17537;GSE29621;GSE38832;GSE72970;GSE87211;TCGA_COADREAD,0.0385065185323,0.063636363636364,-0.025129845104064
SIG149,1,GSE17537,GSE17536;GSE29621;GSE38832;GSE39582;GSE72970;GSE87211;TCGA_COADREAD,0.0556818181818179,0.0090171325518489,0.0466646856299689
SIG154,2,GSE17536;GSE38832,GSE17537;GSE29621;GSE39582;GSE72970;GSE87211;TCGA_COADREAD,0.1185747414993395,0.0357324271798659,0.0828423143194735
SIG156,2,GSE17536;GSE39582,GSE17537;GSE29621;GSE38832;GSE72970;GSE87211;TCGA_COADREAD,0.0527219700374779,0.002849080667223,0.0498728893702549
SIG164,1,GSE87211,GSE17536;GSE17537;GSE29621;GSE38832;GSE39582;GSE72970;TCGA_COADREAD,-0.0149984537676529,0.0583664208735109,-0.0733648746411639
SIG167,3,GSE17536;GSE29621;GSE39582,GSE17537;GSE38832;GSE72970;GSE87211;TCGA_COADREAD,-0.0127696472476626,0.0085558189877339,-0.0213254662353965
SIG169,2,GSE17536;GSE39582,GSE17537;GSE29621;GSE38832;GSE72970;GSE87211;TCGA_COADREAD,0.021625452892102,-0.0089075474036435,0.0305330002957455
SIG170,1,GSE39582,GSE17536;GSE17537;GSE29621;GSE38832;GSE72970;GSE87211;TCGA_COADREAD,0.0319680518824669,-0.0280898876404499,0.0600579395229169
SIG172,1,GSE29621,GSE17536;GSE17537;GSE38832;GSE39582;GSE72970;GSE87211;TCGA_COADREAD,-0.041027953110911,-0.007197290431837,-0.0338306626790739
SIG173,1,GSE17537,GSE17536;GSE29621;GSE38832;GSE39582;GSE72970;GSE87211;TCGA_COADREAD,0.0420454545454539,-0.005669518606329,0.0477149731517829
SIG177,1,GSE39582,GSE17536;GSE17537;GSE29621;GSE38832;GSE72970;GSE87211;TCGA_COADREAD,0.018532300291041,0.015329125338142,0.003203174952899
SIG178,1,GSE39582,GSE17536;GSE17537;GSE29621;GSE38832;GSE72970;GSE87211;TCGA_COADREAD,0.034187409464829,0.019318181818182,0.0148692276466469
SIG181,1,GSE17536,GSE17537;GSE29621;GSE38832;GSE39582;GSE72970;GSE87211;TCGA_COADREAD,0.1262620533182079,0.0055038103302289,0.1207582429879789
SIG187,2,GSE38832;GSE39582,GSE17536;GSE17537;GSE29621;GSE72970;GSE87211;TCGA_COADREAD,-0.0285802660044554,0.0178572809776724,-0.0464375469821279
SIG188,1,GSE39582,GSE17536;GSE17537;GSE29621;GSE38832;GSE72970;GSE87211;TCGA_COADREAD,-0.0091099977407739,0.009090909090909,-0.0182009068316829
SIG189,1,GSE17536,GSE17537;GSE29621;GSE38832;GSE39582;GSE72970;GSE87211;TCGA_COADREAD,-0.0065796937039139,0.013849299789318,-0.020428993493232
SIG190,1,GSE39582,GSE17536;GSE17537;GSE29621;GSE38832;GSE72970;GSE87211;TCGA_COADREAD,0.0004119765572049,0.009925558312655,-0.0095135817554501
SIG193,2,GSE17536;GSE39582,GSE17537;GSE29621;GSE38832;GSE72970;GSE87211;TCGA_COADREAD,-0.00107569504074,-0.0057842725808089,0.0047085775400689
SIG194,1,GSE87211,GSE17536;GSE17537;GSE29621;GSE38832;GSE39582;GSE72970;TCGA_COADREAD,0.006854963405834,0.006818181818182,3.678158765196837e-05
SIG198,1,GSE39582,GSE17536;GSE17537;GSE29621;GSE38832;GSE72970;GSE87211;TCGA_COADREAD,0.0427591797679639,-0.012163694464488,0.054922874232452
SIG205,2,GSE17536;GSE39582,GSE17537;GSE29621;GSE38832;GSE72970;GSE87211;TCGA_COADREAD,0.0438336694759414,0.0482098942536269,-0.0043762247776855
SIG206,2,GSE17537;GSE39582,GSE17536;GSE29621;GSE38832;GSE72970;GSE87211;TCGA_COADREAD,0.0013719363019,-0.000545440842273,0.001917377144173
SIG207,1,GSE39582,GSE17536;GSE17537;GSE29621;GSE38832;GSE72970;GSE87211;TCGA_COADREAD,0.0103725065451109,0.0243462578899908,-0.0139737513448799
SIG212,1,GSE39582,GSE17536;GSE17537;GSE29621;GSE38832;GSE72970;GSE87211;TCGA_COADREAD,0.008379071590894,-0.026285949902072,0.034665021492966
SIG224,1,GSE87211,GSE17536;GSE17537;GSE29621;GSE38832;GSE39582;GSE72970;TCGA_COADREAD,0.0762807957942479,0.0480998298355069,0.0281809659587409
SIG225,1,GSE39582,GSE17536;GSE17537;GSE29621;GSE38832;GSE72970;GSE87211;TCGA_COADREAD,0.0080069637327729,0.036363636363636,-0.028356672630863
SIG230,1,GSE39582,GSE17536;GSE17537;GSE29621;GSE38832;GSE72970;GSE87211;TCGA_COADREAD,0.036905125785746,0.007157020696493,0.0297481050892529
SIG232,1,GSE17536,GSE17537;GSE29621;GSE38832;GSE39582;GSE72970;GSE87211;TCGA_COADREAD,-0.032217810550198,0.009918845807033,-0.042136656357231
SIG233,1,GSE39582,GSE17536;GSE17537;GSE29621;GSE38832;GSE72970;GSE87211;TCGA_COADREAD,0.056128483527582,-0.0046511627906969,0.060779646318279
SIG238,1,GSE38832,GSE17536;GSE17537;GSE29621;GSE39582;GSE72970;GSE87211;TCGA_COADREAD,-0.0097375105842499,-0.0012406947890819,-0.008496815795168
SIG242,1,GSE39582,GSE17536;GSE17537;GSE29621;GSE38832;GSE72970;GSE87211;TCGA_COADREAD,-0.0144524034180769,0.0050804403048269,-0.0195328437229038
SIG246,1,GSE17536,GSE17537;GSE29621;GSE38832;GSE39582;GSE72970;GSE87211;TCGA_COADREAD,0.03425978445831,-0.0045454545454549,0.0388052390037649
SIG256,2,GSE29621;GSE39582,GSE17536;GSE17537;GSE38832;GSE72970;GSE87211;TCGA_COADREAD,0.012762893896186,0.0220854932307185,-0.0093225993345325
SIG258,2,GSE39582;GSE87211,GSE17536;GSE17537;GSE29621;GSE38832;GSE72970;TCGA_COADREAD,-0.0182209424367835,-0.0119281923132529,-0.0062927501235305
SIG260,2,GSE17536;GSE39582,GSE17537;GSE29621;GSE38832;GSE72970;GSE87211;TCGA_COADREAD,0.0303829303744089,0.019209940297015,0.0111729900773939
SIG261,1,GSE17536,GSE17537;GSE29621;GSE38832;GSE39582;GSE72970;GSE87211;TCGA_COADREAD,0.011457742484402,0.026149684400361,-0.014691941915959
SIG263,1,GSE72970,GSE17536;GSE17537;GSE29621;GSE38832;GSE39582;GSE87211;TCGA_COADREAD,0.0831265508684859,-0.0144274120829579,0.0975539629514439
SIG265,1,GSE39582,GSE17536;GSE17537;GSE29621;GSE38832;GSE72970;GSE87211;TCGA_COADREAD,0.022007521894561,0.0647871353468719,-0.0427796134523109
SIG272,1,GSE17536,GSE17537;GSE29621;GSE38832;GSE39582;GSE72970;GSE87211;TCGA_COADREAD,0.063925127623369,0.0360685302073939,0.027856597415975
SIG273,3,GSE29621;GSE38832;GSE39582,GSE17536;GSE17537;GSE72970;GSE87211;TCGA_COADREAD,0.012835751563567,-0.0319039274301619,0.0447396789937289
SIG282,1,GSE39582,GSE17536;GSE17537;GSE29621;GSE38832;GSE72970;GSE87211;TCGA_COADREAD,-0.0019535662551329,0.01792399319342,-0.019877559448553
SIG284,1,GSE17536,GSE17537;GSE29621;GSE38832;GSE39582;GSE72970;GSE87211;TCGA_COADREAD,0.0872376630743049,0.088089330024814,-0.000851666950509
SIG289,1,GSE39582,GSE17536;GSE17537;GSE29621;GSE38832;GSE72970;GSE87211;TCGA_COADREAD,0.0444403099126879,0.0226793902590159,0.0217609196536719
SIG294,2,GSE39582;GSE72970,GSE17536;GSE17537;GSE29621;GSE38832;GSE87211;TCGA_COADREAD,0.028312745112944,-0.0096181611921825,0.0379309063051265
SIG300,1,GSE39582,GSE17536;GSE17537;GSE29621;GSE38832;GSE72970;GSE87211;TCGA_COADREAD,0.04226746581259,-0.019318181818182,0.061585647630772
SIG304,1,GSE39582,GSE17536;GSE17537;GSE29621;GSE38832;GSE72970;GSE87211;TCGA_COADREAD,0.030306856087286,0.0095859330686329,0.020720923018653
SIG309,1,GSE17537,GSE17536;GSE29621;GSE38832;GSE39582;GSE72970;GSE87211;TCGA_COADREAD,0.046590909090909,0.0613726602382299,-0.0147817511473209
SIG313,3,GSE17536;GSE38832;GSE39582,GSE17537;GSE29621;GSE72970;GSE87211;TCGA_COADREAD,0.018581684973461,-0.01013136695997,0.0287130519334311
SIG314,1,GSE17536,GSE17537;GSE29621;GSE38832;GSE39582;GSE72970;GSE87211;TCGA_COADREAD,0.0594441293250139,0.0147727272727269,0.044671402052287
SIG315,2,GSE38832;GSE39582,GSE17536;GSE17537;GSE29621;GSE72970;GSE87211;TCGA_COADREAD,-0.0023194569367804,-0.0107500614273849,0.0084306044906044
SIG317,2,GSE17536;GSE39582,GSE17537;GSE29621;GSE38832;GSE72970;GSE87211;TCGA_COADREAD,0.0018754593352424,-0.0075522623057945,0.009427721641037
SIG326,2,GSE17536;GSE39582,GSE17537;GSE29621;GSE38832;GSE72970;GSE87211;TCGA_COADREAD,-0.0123688900040835,0.0004454964662725,-0.012814386470356
SIG327,2,GSE17536;GSE29621,GSE17537;GSE38832;GSE39582;GSE72970;GSE87211;TCGA_COADREAD,0.0825886484377034,0.023046209866155,0.0595424385715484
SIG331,1,GSE87211,GSE17536;GSE17537;GSE29621;GSE38832;GSE39582;GSE72970;TCGA_COADREAD,0.020977218843418,0.012623985572588,0.00835323327083
SIG332,1,GSE39582,GSE17536;GSE17537;GSE29621;GSE38832;GSE72970;GSE87211;TCGA_COADREAD,0.044380506864061,0.037468247248095,0.0069122596159659
