序号,抽样层,sig_id,PMCID,指标,年份,原文声称值,我方重算值,机器语境,人工判定,人工备注,是否进入AUC配对,是否进入C配对,影响正文核心数字
1,① 主结论支柱(5年AUC配对),SIG261,PMC10281280,AUC,5.0,0.782,0.5459,未标明,对,,True,False,True
2,① 主结论支柱(5年AUC配对),SIG284,PMC10367930,AUC,5.0,0.609,0.6367,未标明,对,,True,False,True
3,① 主结论支柱(5年AUC配对),SIG219,PMC11331578,AUC,5.0,0.54,0.52,训练集,对,,True,False,True
4,① 主结论支柱(5年AUC配对),SIG214,PMC12436457,AUC,5.0,0.583881,0.57,验证集,错,,True,False,True
5,① 主结论支柱(5年AUC配对),SIG157,PMC12778156,AUC,5.0,0.697,0.5715,训练集,对,,True,False,True
6,① 主结论支柱(5年AUC配对),SIG195,PMC12855974,AUC,5.0,0.774,0.5313,未标明,对,,True,False,True
7,① 主结论支柱(5年AUC配对),SIG188,PMC13059483,AUC,5.0,0.981,0.5567,未标明,存疑,,True,True,True
8,① 主结论支柱(5年AUC配对),SIG216,PMC13187096,AUC,5.0,0.824,0.6067,未标明,对,,True,True,True
9,① 主结论支柱(5年AUC配对),SIG148,PMC13480840,AUC,5.0,0.645,0.5833,未标明,对,,True,False,True
10,① 主结论支柱(5年AUC配对),SIG267,PMC9485806,AUC,5.0,0.796,0.5456,未标明,对,,True,True,True
11,① 主结论支柱(5年AUC配对),SIG283,PMC9636133,AUC,5.0,0.64,0.5456,未标明,对,,True,True,True
12,① 主结论支柱(5年AUC配对),SIG077,PMC9932052,AUC,5.0,0.77,0.5464,训练集,对,,True,False,True
13,② C-index配对,SIG275,PMC12328357,C-index,,0.4606,0.5199,未标明,对,句子对的，但是里面没有具体的值，值在图里,False,True,True
14,② C-index配对,SIG139,PMC12686144,C-index,,0.793,0.5321,未标明,对,,False,True,True
15,② C-index配对,SIG005,PMC12830534,C-index,,0.7,0.5298,未标明,对,,False,True,True
16,② C-index配对,SIG245,PMC13150367,C-index,,0.66,0.5414,验证集,对,,False,True,True
17,② C-index配对,SIG062,PMC13223593,C-index,,0.6,0.517,训练集,对,,False,True,True
18,② C-index配对,SIG022,PMC13512344,C-index,,0.653,0.5499,训练集,对,,False,True,True
19,③ 高风险绑定/窗口级,SIG221,PMC10644708,AUC,3.0,0.805,,未标明,存疑,,False,False,False
20,③ 高风险绑定/窗口级,SIG235,PMC11089903,C-index,,0.5236,0.5772,未标明,对,句子不完整,False,True,True
21,③ 高风险绑定/窗口级,SIG070,PMC11330954,AUC,1.0,0.576,,未标明,存疑,句子不完整,False,False,False
22,③ 高风险绑定/窗口级,SIG141,PMC12605350,AUC,5.0,0.707,0.4997,验证集,对,,True,False,True
23,③ 高风险绑定/窗口级,SIG025,PMC12714941,C-index,,0.882,,未标明,存疑,句子里没有值,False,True,True
24,③ 高风险绑定/窗口级,SIG025,PMC12714941,C-index,,0.842,,未标明,存疑,句子里没有值,False,True,True
25,③ 高风险绑定/窗口级,SIG025,PMC12714941,C-index,,0.842,,未标明,存疑,句子里没有值,False,True,True
26,③ 高风险绑定/窗口级,SIG135,PMC13546553,AUC,3.0,0.83,,未标明,对,,False,False,False
27,"④ 多年份连排(1-,3-,5-)",SIG059,PMC11153738,AUC,5.0,0.746,0.5121,未标明,对,,True,False,True
28,"④ 多年份连排(1-,3-,5-)",SIG262,PMC12117421,AUC,5.0,0.734,0.523,未标明,对,,True,False,True
29,"④ 多年份连排(1-,3-,5-)",SIG216,PMC13187096,AUC,5.0,0.824,0.6067,未标明,对,,True,True,True
30,"④ 多年份连排(1-,3-,5-)",SIG129,PMC13190658,AUC,5.0,0.837,0.5564,未标明,对,,True,True,True
