结局,变量,n1,n0,中位1,中位0,差值,p,类型,q_BH
临床之上,多因素校正,267,71.0,0.009731580096341,0.011936356767184393,-0.0022047766708433933,0.019958326376070545,二分,0.3648605743864164
随机之上,单细胞衍生,46,292.0,0.018222620239463375,0.01248198209448894,0.0057406381449744345,0.036029271901565456,二分,0.3648605743864164
临床之上,单细胞衍生,46,292.0,0.012526079183115345,0.010234612899304763,0.0022914662838105816,0.06045775187007994,二分,0.3648605743864164
随机之上,基因数,320,,,,-0.10278092207293932,0.06631745260438168,连续(Spearman ρ),0.3648605743864164
随机之上,多因素校正,267,71.0,0.012472428329414392,0.01640648759055713,-0.003934059261142736,0.06811239359657323,二分,0.3648605743864164
随机之上,LASSO,53,285.0,0.0169854275127974,0.012914438784124002,0.004070988728673397,0.07061817568769349,二分,0.3648605743864164
临床之上,机器学习,30,308.0,0.008610425833249561,0.010779425063745674,-0.002168999230496113,0.09954603364010481,二分,0.44084672040617845
临床之上,报告Cindex,76,262.0,0.009340610775615106,0.010906948800678544,-0.0015663380250634379,0.12178744174023219,二分,0.4493961709038996
随机之上,基因平均流行度,320,,,,0.08193791725476283,0.14361128647184673,连续(Spearman ρ),0.4493961709038996
临床之上,基因数,320,,,,-0.08166256668034005,0.14496650674319342,连续(Spearman ρ),0.4493961709038996
临床之上,算法组合,124,4.0,,,,0.1771507599755043,多组,0.4992430508400576
随机之上,报告Cindex,76,262.0,0.01199686635207807,0.013599783321849426,-0.0016029169697713563,0.21621646727635901,二分,0.5362636388716001
临床之上,列线图,15,323.0,0.009252204597662511,0.010499681008282413,-0.0012474764106199018,0.22488475178486456,二分,0.5362636388716001
随机之上,热门基因占比,320,,,,0.0594702519794029,0.2888662249085322,连续(Spearman ρ),0.6223774665866599
临床之上,公开风险公式,165,173.0,0.009621811371594565,0.011241498642503988,-0.0016196872709094232,0.3011503870580613,二分,0.6223774665866599
随机之上,主题约束,230,108.0,0.013490899726610557,0.012608479366602955,0.0008824203600076019,0.3241128231658398,二分,0.6279685948838146
临床之上,发表年份,320,,,,0.04857578358838619,0.3864567354006461,连续(Spearman ρ),0.6711110954292476
随机之上,列线图,15,323.0,0.017916653865500634,0.013270262008081901,0.004646391857418733,0.39003719081910426,二分,0.6711110954292476
临床之上,LASSO,53,285.0,0.011283167484681937,0.010433524340878762,0.0008496431438031748,0.4154111374042745,二分,0.6711110954292476
随机之上,大基因集,78,260.0,0.012234690859592182,0.013695322670112815,-0.0014606318105206337,0.43297490027693397,二分,0.6711110954292476
临床之上,训练集样本量,122,,,,0.062448055067440694,0.4943996547040583,连续(Spearman ρ),0.7298280617059908
临床之上,热门基因占比,320,,,,0.031922605251083654,0.5693837791225348,连续(Spearman ρ),0.8023135069453899
随机之上,声明外部验证,278,60.0,0.013490899726610557,0.012301776052371427,0.00118912367423913,0.6679082295798945,二分,0.9002241355207274
随机之上,机器学习,30,308.0,0.012190083688081312,0.01338080330226301,-0.0011907196141816984,0.7034313213091703,二分,0.908598790024345
临床之上,主题约束,230,108.0,0.0104776497783961,0.010338930692572395,0.00013871908582370474,0.778153540321693,二分,0.9326478581280248
随机之上,发表年份,320,,,,0.013772794087336756,0.8061291274933843,连续(Spearman ρ),0.9326478581280248
临床之上,基因平均流行度,320,,,,-0.012688392634345213,0.8211253992526015,连续(Spearman ρ),0.9326478581280248
临床之上,大基因集,78,260.0,0.010114926460824987,0.010490626304493468,-0.00037569984366848073,0.8423916137930546,二分,0.9326478581280248
随机之上,公开风险公式,165,173.0,0.013382045545538498,0.013270262008081901,0.0001117835374565973,0.9383096370346111,二分,0.9937943036015506
随机之上,训练集样本量,122,,,,-0.004388581104384889,0.9617364228402103,连续(Spearman ρ),0.9937943036015506
临床之上,声明外部验证,278,60.0,0.010513220631370888,0.009976483052810669,0.0005367375785602195,0.9982564924718801,二分,0.9982564924718801
