sig_id,pmcid,取全文状态,训练集样本量,模型构建方法,是否外部验证,是否多因素校正,是否给出风险公式,是否有非负对照队列,GEO队列提及数,全文字符数
SIG001,PMC13380873,cached,,单因素Cox,1,0,0,,2,32561
SIG002,PMC13530082,cached,541,LASSO+多因素Cox+机器学习-其他,1,1,1,,1,74142
SIG003,PMC12640859,cached,,LASSO+单因素Cox+多因素Cox,1,1,1,,1,81428
SIG004,PMC11842742,cached,,LASSO+单因素Cox+多因素Cox+WGCNA+PCA,1,1,0,,3,53912
SIG005,PMC12830534,cached,177,LASSO+单因素Cox+多因素Cox+机器学习-其他+PCA,1,1,1,,2,53146
SIG006,PMC13392207,cached,,LASSO+单因素Cox+多因素Cox+PCA,1,1,0,,6,72233
SIG007,PMC13407781,cached,621,随机森林+机器学习-其他+WGCNA+PCA,1,0,0,,2,54859
SIG009,PMC13234113,cached,460,LASSO+单因素Cox+多因素Cox+PCA,1,1,0,,2,70688
SIG010,PMC11895157,cached,,LASSO+单因素Cox+多因素Cox+逐步回归+PCA,1,1,1,,6,56132
SIG011,PMC11780071,cached,,LASSO+单因素Cox+多因素Cox+PCA,1,1,1,,2,35445
SIG012,PMC12629019,cached,,LASSO+单因素Cox+多因素Cox+随机森林+机器学习-其他+PCA,1,1,1,,2,34189
SIG013,PMC12813002,cached,,LASSO+单因素Cox+多因素Cox+逐步回归+随机森林+PCA,1,1,0,,2,64970
SIG014,PMC12872855,cached,420,LASSO+单因素Cox+多因素Cox+逐步回归+随机森林+机器学习-其他+WGCNA+PCA,1,1,0,,3,99923
SIG015,PMC12873357,cached,,LASSO+单因素Cox+多因素Cox+逐步回归+WGCNA+PCA,1,1,0,,2,56673
SIG016,PMC13379586,cached,,逐步回归+PCA,1,0,0,,15,81186
SIG018,PMC11815678,cached,,LASSO+单因素Cox+多因素Cox+逐步回归+随机森林+机器学习-其他+PCA,1,1,0,,16,57615
SIG019,PMC12325823,cached,,LASSO,0,0,0,,1,29636
SIG020,PMC12193651,cached,,随机森林+PCA,1,0,0,,4,54455
SIG021,PMC13104719,cached,,LASSO+单因素Cox+多因素Cox+逐步回归+PCA,1,1,0,,3,60754
SIG022,PMC13512344,cached,,逐步回归+随机森林+机器学习-其他+PCA,1,0,0,,2,77844
SIG023,PMC12972033,cached,,LASSO+单因素Cox+多因素Cox+PCA,1,1,0,,2,35642
SIG024,PMC13291139,cached,,单因素Cox+多因素Cox+逐步回归+PCA,1,1,0,,10,55293
SIG025,PMC12714941,cached,139,LASSO+单因素Cox+多因素Cox+逐步回归+随机森林+机器学习-其他+WGCNA+PCA,1,1,1,,12,94979
SIG026,PMC12049353,cached,605,LASSO+单因素Cox+多因素Cox+逐步回归+随机森林+机器学习-其他,1,1,0,,3,48821
SIG027,PMC11912041,cached,,LASSO+单因素Cox+多因素Cox,1,1,1,,1,38539
SIG028,PMC12075585,cached,,LASSO+单因素Cox+WGCNA,1,0,1,,3,41155
SIG029,PMC11695588,cached,,LASSO+单因素Cox+多因素Cox,0,1,0,,1,47840
SIG030,PMC13227730,cached,,LASSO+单因素Cox+多因素Cox+机器学习-其他,1,1,1,,2,82347
SIG031,PMC12308843,cached,74,未说明,1,0,0,,2,55602
SIG032,PMC13555847,cached,,LASSO+单因素Cox+多因素Cox+PCA,1,1,0,,5,56632
SIG033,PMC13474844,cached,,LASSO+单因素Cox+多因素Cox+逐步回归+PCA,1,1,0,,1,96741
SIG034,PMC12714093,cached,,LASSO+单因素Cox+多因素Cox+WGCNA,1,1,1,,0,53593
SIG035,PMC12604944,cached,,LASSO+单因素Cox+多因素Cox+PCA,1,1,1,,2,39401
SIG036,PMC11565104,cached,,LASSO+单因素Cox+多因素Cox+随机森林+机器学习-其他+PCA,1,1,0,,2,36063
SIG037,PMC13255607,cached,,LASSO+多因素Cox+机器学习-其他+PCA,1,1,0,,12,55298
SIG038,PMC12141457,cached,114,LASSO+单因素Cox+多因素Cox+逐步回归+WGCNA,1,1,1,,1,47653
SIG039,PMC12162164,cached,557,LASSO+单因素Cox+多因素Cox+WGCNA,0,1,1,,1,26249
SIG040,PMC12279720,cached,585,LASSO+单因素Cox+多因素Cox,1,1,1,,2,78011
SIG041,PMC12789220,cached,,LASSO+单因素Cox+多因素Cox+PCA,1,1,1,,1,76430
SIG042,PMC12796083,cached,,逐步回归+随机森林+机器学习-其他+WGCNA,1,0,0,,4,53146
SIG043,PMC11830669,cached,177,LASSO+单因素Cox+多因素Cox+WGCNA,0,1,1,,1,48448
SIG044,PMC13161029,cached,,LASSO+单因素Cox+多因素Cox,1,1,1,,1,89065
SIG045,PMC11368510,cached,,LASSO+单因素Cox+多因素Cox,1,1,1,,2,34193
SIG046,PMC9947833,cached,102,LASSO+单因素Cox+多因素Cox,1,1,1,,0,39704
SIG047,PMC12432772,cached,145,单因素Cox+多因素Cox,1,1,1,,2,36808
SIG048,PMC13068838,cached,275,单因素Cox+多因素Cox+逐步回归+随机森林+机器学习-其他+WGCNA+PCA,1,1,0,,7,72752
SIG049,PMC9833974,cached,,LASSO+单因素Cox+多因素Cox,1,1,1,,1,39796
SIG050,PMC12573216,cached,624,单因素Cox+多因素Cox+随机森林+PCA,1,1,0,,2,45577
SIG051,PMC11887667,cached,61,随机森林+PCA,1,0,0,,3,54238
SIG052,PMC10900655,cached,589,LASSO+单因素Cox+多因素Cox+PCA,1,1,1,,4,63307
SIG053,PMC12011795,cached,,LASSO+单因素Cox+多因素Cox+PCA,1,1,1,,3,30275
SIG054,PMC11437988,cached,,单因素Cox+PCA,1,0,0,,7,70179
SIG055,PMC13202878,cached,,LASSO+单因素Cox+多因素Cox+逐步回归+随机森林+机器学习-其他+PCA,1,1,0,,4,98066
SIG056,PMC12711009,cached,,LASSO+单因素Cox+PCA,1,0,1,,3,58905
SIG057,PMC12370611,cached,,LASSO+单因素Cox+多因素Cox+PCA,0,1,1,,0,32947
SIG058,PMC12632091,cached,701,单因素Cox+多因素Cox+逐步回归+随机森林+机器学习-其他+WGCNA+PCA,1,1,0,,12,89514
SIG059,PMC11153738,cached,,LASSO+单因素Cox+多因素Cox+随机森林+PCA,1,1,0,,2,50651
SIG060,PMC12560344,cached,,LASSO+单因素Cox+多因素Cox+WGCNA,1,1,1,,7,53032
SIG062,PMC13223593,cached,,LASSO+单因素Cox+多因素Cox+随机森林+机器学习-其他+WGCNA,1,1,0,,3,61569
SIG063,PMC12549743,cached,,LASSO+单因素Cox+多因素Cox+PCA,1,1,0,,3,53876
SIG064,PMC13144465,cached,,LASSO+多因素Cox+PCA,1,1,0,,8,33334
SIG065,PMC10064275,cached,,LASSO+单因素Cox+多因素Cox+PCA,1,1,1,,3,43300
SIG066,PMC12475495,cached,973,LASSO+多因素Cox+PCA,1,1,0,,3,71179
SIG067,PMC12955017,cached,,随机森林+机器学习-其他+PCA,1,0,0,,1,70613
SIG068,PMC12051713,cached,,未说明,1,0,0,,25,66553
SIG069,PMC12372309,cached,,LASSO+单因素Cox+多因素Cox+PCA,1,1,0,,2,39662
SIG070,PMC11330954,cached,620,LASSO+多因素Cox+随机森林+PCA,1,1,0,,2,25753
SIG071,PMC11724613,cached,,LASSO+单因素Cox+多因素Cox+逐步回归+机器学习-其他+PCA,1,1,0,,3,51824
SIG072,PMC11064262,cached,433,LASSO+单因素Cox+多因素Cox,1,1,1,,2,32323
SIG073,PMC12774564,cached,,LASSO+单因素Cox+多因素Cox+随机森林+机器学习-其他,1,1,0,,9,64583
SIG074,PMC10120913,cached,581,LASSO+单因素Cox+多因素Cox+逐步回归+WGCNA,0,1,1,,1,61842
SIG075,PMC12657517,cached,,多因素Cox,1,1,0,,8,45723
SIG076,PMC12264272,cached,,PCA,1,0,0,,6,79923
SIG077,PMC9932052,cached,312,LASSO+单因素Cox+多因素Cox+PCA,1,1,1,,1,52131
SIG078,PMC11231763,cached,,LASSO+单因素Cox,1,0,1,,1,33218
SIG079,PMC12354152,cached,,LASSO+单因素Cox+多因素Cox+逐步回归+随机森林+机器学习-其他+PCA,1,1,0,,5,57519
SIG080,PMC12668565,cached,,LASSO+单因素Cox+多因素Cox,1,1,1,,3,70932
SIG081,PMC11992224,cached,,单因素Cox+随机森林+机器学习-其他+PCA,1,0,0,,9,34054
SIG082,PMC12903564,cached,55,LASSO+单因素Cox+多因素Cox+随机森林+WGCNA+PCA,1,1,0,,4,69744
SIG083,PMC10988322,cached,,单因素Cox+PCA,1,0,0,,5,32216
SIG084,PMC11315798,cached,,LASSO+单因素Cox+多因素Cox+逐步回归+随机森林+机器学习-其他+WGCNA+PCA,1,1,0,,4,54644
SIG085,PMC11460896,cached,597,LASSO+单因素Cox+多因素Cox,1,1,1,,1,51848
SIG086,PMC11700200,cached,512,LASSO+单因素Cox+随机森林+机器学习-其他+PCA,1,0,1,,2,53144
SIG087,PMC12019262,cached,,LASSO+单因素Cox+多因素Cox+机器学习-其他+PCA,1,1,1,,11,98944
SIG088,PMC10914658,cached,,LASSO+单因素Cox+多因素Cox+逐步回归+PCA,1,1,0,,4,47247
SIG089,PMC11379549,cached,,LASSO+单因素Cox+多因素Cox+PCA,1,1,1,,8,49926
SIG090,PMC11165834,cached,,多因素Cox+WGCNA,1,1,0,,8,41102
SIG091,PMC11127854,cached,,LASSO+单因素Cox+多因素Cox+随机森林+PCA,1,1,0,,7,41731
SIG093,PMC11776142,cached,,LASSO+单因素Cox+多因素Cox+逐步回归+WGCNA,1,1,0,,8,55018
SIG094,PMC9678618,cached,,单因素Cox+多因素Cox+逐步回归,1,1,1,,1,33371
SIG095,PMC10531437,cached,,LASSO+单因素Cox+多因素Cox+机器学习-其他+WGCNA,1,1,1,,3,57821
SIG096,PMC12832467,cached,,LASSO+单因素Cox+多因素Cox,1,1,0,,8,47153
SIG097,PMC8893267,cached,62,LASSO+单因素Cox+多因素Cox+PCA,1,1,0,,3,35535
SIG098,PMC9660228,cached,,LASSO+单因素Cox+多因素Cox+逐步回归+PCA,1,1,1,,9,40159
SIG099,PMC12307400,cached,,LASSO+单因素Cox+多因素Cox+逐步回归+随机森林+机器学习-其他+WGCNA+PCA,1,1,0,,10,74353
SIG101,PMC11549462,cached,611,LASSO+单因素Cox+多因素Cox+逐步回归,1,1,0,,2,44688
SIG102,PMC9530871,cached,453,单因素Cox+多因素Cox+PCA,1,1,1,,2,51908
SIG107,PMC11936967,cached,,LASSO+单因素Cox+多因素Cox+逐步回归+PCA,1,1,0,,9,77325
SIG108,PMC10467603,cached,,多因素Cox,1,1,0,,9,41106
SIG109,PMC9515384,cached,951,LASSO+单因素Cox+多因素Cox+PCA,1,1,1,,6,48105
SIG110,PMC12353796,cached,585,LASSO+单因素Cox+多因素Cox,1,1,0,,6,74475
SIG111,PMC11312262,cached,,LASSO+多因素Cox+机器学习-其他+PCA,0,1,0,,1,29274
SIG112,PMC11220232,cached,,LASSO+多因素Cox+随机森林+机器学习-其他+PCA,1,1,0,,6,48838
SIG113,PMC11210223,cached,,单因素Cox+多因素Cox+WGCNA,1,1,1,,2,28559
SIG114,PMC10501863,cached,,LASSO+单因素Cox+多因素Cox+PCA,1,1,0,,9,38398
SIG115,PMC12442288,cached,193,单因素Cox+多因素Cox,1,1,0,,5,68691
SIG116,PMC11832829,cached,556,LASSO+单因素Cox+多因素Cox,1,1,0,,2,27857
SIG117,PMC8364916,cached,,多因素Cox+逐步回归,1,1,1,,1,37837
SIG118,PMC11335547,cached,72,LASSO+单因素Cox+多因素Cox+逐步回归+PCA,1,1,1,,4,83414
SIG119,PMC10499771,cached,,LASSO+单因素Cox+多因素Cox+WGCNA+PCA,1,1,1,,2,49074
SIG120,PMC12170993,cached,,单因素Cox+多因素Cox+逐步回归+随机森林,0,1,0,,0,25814
SIG121,PMC12137356,cached,,LASSO+单因素Cox+多因素Cox+PCA,1,1,1,,3,46735
SIG122,PMC10169504,cached,19,LASSO+单因素Cox+多因素Cox,1,1,1,,4,50589
SIG124,PMC13330288,cached,290,LASSO+单因素Cox+多因素Cox+机器学习-其他+PCA,1,1,1,,3,109781
SIG125,PMC12434033,cached,,LASSO+单因素Cox+多因素Cox+逐步回归+随机森林,1,1,1,,1,97493
SIG126,PMC13462155,cached,154,LASSO+单因素Cox+多因素Cox+逐步回归+WGCNA+PCA,1,1,1,,3,44475
SIG127,PMC13140166,cached,18,单因素Cox+多因素Cox+PCA,1,1,0,,6,32363
SIG128,PMC13140268,cached,438,LASSO+单因素Cox+PCA,1,0,0,,2,51204
SIG129,PMC13190658,cached,,单因素Cox+多因素Cox+逐步回归,0,1,1,,0,42601
SIG130,PMC13495355,cached,,LASSO+多因素Cox+WGCNA,1,1,0,,3,77519
SIG132,PMC13365090,cached,,单因素Cox+多因素Cox+随机森林,1,1,0,,1,63280
SIG133,PMC13139068,cached,,LASSO+单因素Cox+逐步回归+随机森林+机器学习-其他+PCA,1,0,0,,4,58455
SIG134,PMC11240279,cached,60,LASSO+单因素Cox+多因素Cox+机器学习-其他,0,1,1,,0,53703
SIG135,PMC13546553,cached,,LASSO+单因素Cox+多因素Cox+随机森林+WGCNA,1,1,0,,1,54671
SIG136,PMC12972029,cached,,LASSO+单因素Cox+多因素Cox+逐步回归+WGCNA+PCA,1,1,1,,3,57086
SIG138,PMC13546582,cached,,LASSO+单因素Cox+多因素Cox,1,1,1,,1,49792
SIG139,PMC12686144,cached,,LASSO+单因素Cox+多因素Cox+逐步回归+随机森林+机器学习-其他,1,1,0,,3,52043
SIG140,PMC13323481,cached,633,LASSO+单因素Cox+多因素Cox+随机森林,1,1,0,,1,52246
SIG141,PMC12605350,cached,473,LASSO+单因素Cox+多因素Cox+随机森林+机器学习-其他,1,1,1,,3,32944
SIG142,PMC13311190,cached,570,LASSO+单因素Cox+多因素Cox+逐步回归+随机森林+机器学习-其他+PCA,1,1,0,,13,83913
SIG143,PMC12528531,cached,,LASSO+单因素Cox+多因素Cox+PCA,1,1,1,,4,42300
SIG144,PMC12957696,cached,,单因素Cox+多因素Cox+PCA,1,1,1,,2,20306
SIG145,PMC13493825,cached,,LASSO+机器学习-其他+WGCNA+PCA,1,0,0,,6,55541
SIG146,PMC12256226,cached,,LASSO+单因素Cox+多因素Cox+PCA,0,1,1,,1,61930
SIG147,PMC12807941,cached,,LASSO+单因素Cox+多因素Cox+WGCNA,1,1,0,,1,84142
SIG148,PMC13480840,cached,514,LASSO+单因素Cox+多因素Cox,1,1,0,,1,30586
SIG149,PMC13188045,cached,608,LASSO+单因素Cox+多因素Cox,1,1,1,,2,79151
SIG150,PMC13408991,cached,,多因素Cox+逐步回归+随机森林+机器学习-其他+PCA,1,1,0,,3,47489
SIG151,PMC13190656,cached,701,LASSO+单因素Cox+多因素Cox,1,1,1,,2,41445
SIG152,PMC12816288,cached,542,LASSO+单因素Cox+多因素Cox+机器学习-其他+PCA,1,1,1,,1,47819
SIG153,PMC13191011,cached,,LASSO+单因素Cox+逐步回归+随机森林+机器学习-其他+PCA,1,1,0,,2,59830
SIG154,PMC13590056,cached,120,单因素Cox+机器学习-其他+PCA,1,0,0,,8,95218
SIG155,PMC13554000,cached,,LASSO+单因素Cox+多因素Cox+逐步回归+PCA,1,1,0,,3,58449
SIG156,PMC12827789,cached,,LASSO+单因素Cox+多因素Cox+逐步回归+机器学习-其他+WGCNA+PCA,1,1,1,,3,92647
SIG157,PMC12778156,cached,,LASSO+单因素Cox+多因素Cox,1,1,1,,1,47857
SIG159,PMC12885891,cached,,LASSO+单因素Cox+多因素Cox,1,1,0,,1,42304
SIG161,PMC12537406,cached,515,多因素Cox+PCA,1,1,0,,4,48261
SIG163,PMC12268895,cached,440,LASSO+单因素Cox,0,0,1,,1,49336
SIG164,PMC11706142,cached,,单因素Cox+多因素Cox+WGCNA+PCA,1,1,1,,2,35131
SIG165,PMC11315090,cached,,单因素Cox+多因素Cox+PCA,1,1,1,,2,51925
SIG166,PMC13137426,cached,,LASSO+单因素Cox,0,0,0,,0,30689
SIG167,PMC12499476,cached,1442,LASSO+单因素Cox+逐步回归+随机森林+机器学习-其他+PCA,1,0,0,,8,44573
SIG168,PMC12358598,cached,,LASSO+单因素Cox+多因素Cox+WGCNA+PCA,1,1,1,,3,46547
SIG169,PMC11669901,cached,,单因素Cox+多因素Cox+逐步回归+WGCNA,1,1,0,,2,43137
SIG170,PMC13391988,cached,,单因素Cox+多因素Cox+机器学习-其他,1,1,0,,2,47408
SIG171,PMC13350268,cached,437,LASSO+单因素Cox+多因素Cox+逐步回归,1,1,1,,2,48052
SIG172,PMC13188049,cached,,LASSO+单因素Cox+多因素Cox+逐步回归+WGCNA+PCA,1,1,1,,2,40154
SIG173,PMC13269035,cached,15,LASSO+单因素Cox+WGCNA+PCA,1,0,1,,4,62428
SIG175,PMC11921271,cached,,LASSO,1,0,0,,0,32707
SIG176,PMC11889094,cached,701,LASSO+单因素Cox+机器学习-其他+PCA,1,1,1,,3,43464
SIG177,PMC11693697,cached,,LASSO+单因素Cox+多因素Cox,0,1,0,,1,41689
SIG178,PMC10693327,cached,,LASSO+单因素Cox+多因素Cox,0,1,1,,1,46787
SIG179,PMC13201555,cached,,LASSO+单因素Cox+PCA,1,0,1,,3,37130
SIG180,PMC12929418,cached,,LASSO+单因素Cox+多因素Cox+PCA,1,1,0,,3,92318
SIG181,PMC12888615,cached,,LASSO+单因素Cox+随机森林+PCA,1,0,0,,3,40288
SIG182,PMC12109330,cached,689,LASSO+单因素Cox+多因素Cox+PCA,0,1,0,,1,29753
SIG183,PMC11565111,cached,404,LASSO+单因素Cox+多因素Cox+随机森林,1,1,1,,1,31866
SIG184,PMC13350010,cached,,LASSO+单因素Cox+多因素Cox+WGCNA,1,1,1,,2,53593
SIG185,PMC11402624,cached,,LASSO+单因素Cox+多因素Cox+机器学习-其他+PCA,1,1,0,,8,54295
SIG186,PMC12036084,cached,450,LASSO+单因素Cox+多因素Cox,1,1,0,,9,35707
SIG187,PMC13224667,cached,70,LASSO+多因素Cox+PCA,1,1,0,,4,40748
SIG188,PMC13059483,cached,283,LASSO+单因素Cox+多因素Cox+逐步回归+随机森林+机器学习-其他+PCA,1,1,0,,2,74122
SIG189,PMC13033421,cached,,LASSO+单因素Cox+多因素Cox+WGCNA,1,1,1,,8,82520
SIG190,PMC10026208,cached,,LASSO+单因素Cox+多因素Cox+PCA,1,1,1,,3,46170
SIG191,PMC12375848,cached,89,LASSO+多因素Cox+机器学习-其他,1,1,0,,0,47485
SIG192,PMC12748437,cached,,LASSO+单因素Cox+多因素Cox+PCA,1,1,1,,3,49474
SIG193,PMC11246022,cached,585,未说明,1,0,0,,4,69332
SIG194,PMC12832349,cached,,LASSO+单因素Cox+WGCNA+PCA,1,0,1,,11,90387
SIG195,PMC12855974,cached,416,LASSO+单因素Cox+多因素Cox+WGCNA+PCA,1,1,1,,5,67596
SIG196,PMC12704202,cached,,LASSO+单因素Cox+PCA,1,1,0,,3,24984
SIG197,PMC12554512,cached,,LASSO+多因素Cox+WGCNA,1,1,0,,2,28440
SIG198,PMC12748476,cached,,LASSO+单因素Cox+多因素Cox+WGCNA+PCA,1,1,0,,2,40718
SIG199,PMC11806682,cached,,LASSO+单因素Cox+多因素Cox+WGCNA,0,1,0,,1,45766
SIG200,PMC13088502,cached,,LASSO+单因素Cox+多因素Cox+PCA,1,1,0,,5,67260
SIG201,PMC11905983,cached,,LASSO+单因素Cox+多因素Cox+随机森林,1,1,0,,2,50763
SIG202,PMC12452079,cached,,LASSO+单因素Cox+多因素Cox+逐步回归+WGCNA+PCA,1,1,0,,4,82262
SIG203,PMC11781745,cached,524,LASSO+单因素Cox+多因素Cox+逐步回归,1,1,1,,1,115430
SIG204,PMC12062125,cached,,LASSO+单因素Cox+多因素Cox+随机森林+机器学习-其他+PCA,1,1,0,,3,60381
SIG205,PMC13486420,cached,,单因素Cox+多因素Cox+逐步回归+随机森林,1,1,0,,17,70520
SIG206,PMC12487216,cached,556,单因素Cox+多因素Cox+WGCNA,1,1,1,,4,53734
SIG207,PMC11701073,cached,456,LASSO+单因素Cox+多因素Cox+PCA,1,1,1,,3,59368
SIG208,PMC12003684,cached,,LASSO+单因素Cox+WGCNA+PCA,1,0,1,,3,82115
SIG209,PMC11823094,cached,,LASSO+单因素Cox+多因素Cox,0,1,0,,0,33237
SIG210,PMC13446019,cached,,LASSO+单因素Cox+PCA,1,0,0,,3,56044
SIG211,PMC12648302,cached,,LASSO+单因素Cox+多因素Cox+WGCNA+PCA,1,1,1,,2,48762
SIG212,PMC12971587,cached,449,LASSO+单因素Cox+多因素Cox+PCA,0,1,1,,1,39566
SIG213,PMC12373585,cached,556,LASSO+单因素Cox+多因素Cox+WGCNA+PCA,1,1,1,,3,64727
SIG214,PMC12436457,cached,,LASSO+单因素Cox+多因素Cox+WGCNA,1,1,0,,1,47846
SIG215,PMC12582976,cached,,LASSO+单因素Cox+多因素Cox+随机森林+PCA,1,1,1,,2,60156
SIG216,PMC13187096,cached,,LASSO+单因素Cox+多因素Cox+随机森林+机器学习-其他+PCA,1,1,0,,1,63331
SIG217,PMC11914417,cached,,LASSO+单因素Cox+多因素Cox+PCA,0,1,1,,1,63543
SIG218,PMC11135095,cached,125,LASSO+单因素Cox+WGCNA+PCA,1,0,0,,4,41991
SIG219,PMC11331578,cached,352,LASSO+单因素Cox+多因素Cox,0,1,0,,1,52655
SIG220,PMC12705519,cached,,单因素Cox+多因素Cox+WGCNA+PCA,1,1,1,,2,45820
SIG221,PMC10644708,cached,,LASSO+单因素Cox+多因素Cox+WGCNA+PCA,1,1,1,,4,56564
SIG222,PMC11315184,cached,372,LASSO+单因素Cox+多因素Cox+PCA,1,1,1,,2,52143
SIG223,PMC10187888,cached,573,单因素Cox+多因素Cox,1,1,1,,1,52879
SIG224,PMC12378483,cached,,LASSO+单因素Cox+多因素Cox+随机森林+机器学习-其他+WGCNA+PCA,1,1,1,,9,55350
SIG225,PMC12890678,cached,88,LASSO+单因素Cox+多因素Cox+WGCNA,1,1,1,,2,63357
SIG226,PMC12092877,cached,206,LASSO+单因素Cox+多因素Cox+PCA,1,1,1,,1,30153
SIG227,PMC12731441,cached,,LASSO+单因素Cox+多因素Cox+WGCNA+PCA,1,1,1,,3,33541
SIG228,PMC11805743,cached,,LASSO+单因素Cox+多因素Cox+WGCNA+PCA,1,1,0,,4,36737
SIG229,PMC12819916,cached,669,LASSO+单因素Cox+多因素Cox+随机森林+WGCNA,1,1,0,,2,59285
SIG230,PMC11133358,cached,,LASSO+单因素Cox+多因素Cox+随机森林+PCA,1,1,1,,3,82709
SIG231,PMC12182055,cached,,LASSO+单因素Cox+多因素Cox+逐步回归+WGCNA,0,1,1,,1,78268
SIG232,PMC11688056,cached,,LASSO+单因素Cox+逐步回归+WGCNA+PCA,1,0,1,,3,56683
SIG233,PMC12457583,cached,348,LASSO+单因素Cox+多因素Cox+逐步回归+随机森林+机器学习-其他+WGCNA+PCA,1,1,0,,3,40622
SIG234,PMC10782177,cached,,LASSO+单因素Cox+多因素Cox+机器学习-其他+PCA,0,1,0,,1,46194
SIG235,PMC11089903,cached,534,LASSO+单因素Cox+多因素Cox+PCA,1,1,1,,2,54952
SIG236,PMC12644335,cached,,LASSO+单因素Cox+多因素Cox+逐步回归,1,1,1,,5,62127
SIG237,PMC8351728,cached,,单因素Cox+多因素Cox+PCA,0,1,1,,0,40624
SIG238,PMC11133253,cached,126,LASSO+单因素Cox+多因素Cox,1,1,0,,7,45521
SIG239,PMC12542104,cached,,LASSO+单因素Cox+多因素Cox+PCA,1,1,0,,1,37754
SIG240,PMC12218319,cached,17,LASSO+单因素Cox+多因素Cox+机器学习-其他,1,1,0,,2,81986
SIG241,PMC12696748,cached,,LASSO+多因素Cox+随机森林+机器学习-其他,1,1,0,,5,40241
SIG242,PMC10891168,cached,435,单因素Cox+多因素Cox+PCA,1,1,1,,3,43939
SIG243,PMC10782594,cached,,LASSO+单因素Cox+多因素Cox,1,1,0,,3,33620
SIG244,PMC10762008,cached,585,LASSO+单因素Cox+多因素Cox+机器学习-其他,1,1,1,,1,37120
SIG245,PMC13150367,cached,,单因素Cox+多因素Cox+PCA,1,1,1,,3,43123
SIG246,PMC12596427,cached,,单因素Cox+多因素Cox+逐步回归+PCA,1,1,0,,1,36761
SIG247,PMC12605414,cached,,LASSO+单因素Cox+机器学习-其他+PCA,1,0,0,,2,66388
SIG248,PMC13006312,cached,268,LASSO+单因素Cox+多因素Cox+PCA,1,1,1,,3,94187
SIG249,PMC12708551,cached,,机器学习-其他,0,0,0,,1,43745
SIG250,PMC12868254,cached,,LASSO+单因素Cox,0,0,1,,1,48602
SIG251,PMC11297001,cached,,LASSO+单因素Cox+多因素Cox,0,1,1,,0,24417
SIG252,PMC11743568,cached,,多因素Cox+PCA,1,1,0,,0,43735
SIG253,PMC11646222,cached,435,PCA,1,0,0,,6,47865
SIG254,PMC12628777,cached,1026,多因素Cox,0,1,0,,0,33203
SIG255,PMC12481119,cached,,LASSO+单因素Cox+多因素Cox+PCA,1,1,1,,1,39854
SIG256,PMC12712030,cached,544,LASSO+单因素Cox+多因素Cox+PCA,1,1,1,,3,90678
SIG257,PMC12439576,cached,,LASSO+单因素Cox+多因素Cox+机器学习-其他,1,1,1,,1,66713
SIG258,PMC9129977,cached,,LASSO+单因素Cox+多因素Cox,1,1,1,,2,34009
SIG259,PMC11319978,cached,,LASSO+多因素Cox,1,1,1,,3,28127
SIG260,PMC9240351,cached,,LASSO+单因素Cox+多因素Cox+PCA,1,1,1,,2,28861
SIG261,PMC10281280,cached,,LASSO+单因素Cox+多因素Cox,1,1,1,,2,37616
SIG262,PMC12117421,cached,418,LASSO+单因素Cox+多因素Cox,1,1,1,,1,63988
SIG263,PMC9755665,cached,473,LASSO+单因素Cox+多因素Cox+PCA,1,1,0,,5,54588
SIG264,PMC11762008,cached,417,LASSO+单因素Cox+多因素Cox,1,1,0,,6,79248
SIG265,PMC12706935,cached,,LASSO+单因素Cox+逐步回归+随机森林+PCA,1,0,0,,1,57983
SIG266,PMC11026370,cached,,LASSO+单因素Cox+多因素Cox,1,1,0,,2,42054
SIG267,PMC9485806,cached,,单因素Cox+多因素Cox,0,1,1,,0,33329
SIG268,PMC10763205,cached,409,LASSO+单因素Cox+多因素Cox+WGCNA+PCA,1,1,1,,1,40010
SIG269,PMC12246428,cached,596,LASSO+单因素Cox+多因素Cox+WGCNA,1,1,0,,14,54064
SIG270,PMC10720326,cached,,LASSO+随机森林+机器学习-其他+WGCNA,1,0,0,,2,48081
SIG271,PMC12692440,cached,,随机森林+机器学习-其他+PCA,1,0,0,,2,59654
SIG272,PMC12374693,cached,161,单因素Cox+多因素Cox+PCA,1,1,0,,16,60866
SIG273,PMC10007896,cached,119,LASSO+单因素Cox+多因素Cox,1,1,1,,4,52863
SIG274,PMC10369052,cached,25,LASSO+单因素Cox+多因素Cox+逐步回归+机器学习-其他+PCA,1,1,0,,3,57783
SIG275,PMC12328357,cached,,LASSO+单因素Cox+多因素Cox+PCA,1,1,1,,2,94315
SIG276,PMC11807041,cached,62,LASSO+单因素Cox,1,0,1,,0,39641
SIG277,PMC9552517,cached,388,多因素Cox+WGCNA,1,1,1,,1,30770
SIG278,PMC10809275,cached,303,LASSO+单因素Cox+多因素Cox,1,1,1,,3,66826
SIG279,PMC9024084,cached,,LASSO+单因素Cox+多因素Cox+逐步回归,0,1,1,,1,30461
SIG280,PMC11543054,cached,,LASSO+WGCNA+PCA,0,0,1,,0,25518
SIG281,PMC12562277,cached,,LASSO+单因素Cox+多因素Cox+PCA,1,1,0,,2,86998
SIG282,PMC9947352,cached,94,LASSO+单因素Cox+多因素Cox+随机森林,1,1,1,,3,37475
SIG283,PMC9636133,cached,354,LASSO+单因素Cox+多因素Cox,1,1,1,,2,57107
SIG284,PMC10367930,cached,,LASSO+单因素Cox+多因素Cox+逐步回归+PCA,0,1,1,,1,53390
SIG285,PMC11574123,cached,,LASSO+单因素Cox+多因素Cox+PCA,1,1,1,,1,53084
SIG286,PMC11000021,cached,195,LASSO+单因素Cox+多因素Cox+PCA,1,1,1,,3,51492
SIG287,PMC9506318,cached,427,LASSO+单因素Cox+多因素Cox+PCA,1,1,0,,3,35660
SIG288,PMC12534154,cached,,LASSO+单因素Cox+多因素Cox+WGCNA+PCA,1,1,1,,2,62708
SIG289,PMC11233961,cached,170,单因素Cox+多因素Cox+逐步回归,1,1,1,,2,55393
SIG290,PMC10243598,cached,43,LASSO+单因素Cox+多因素Cox+PCA,1,1,1,,4,54755
SIG291,PMC11103399,cached,619,LASSO+多因素Cox+随机森林,0,1,1,,0,32850
SIG292,PMC11473805,cached,,LASSO+PCA,1,0,1,,0,53984
SIG293,PMC10411999,cached,622,LASSO+单因素Cox+多因素Cox,0,1,0,,1,42113
SIG294,PMC9931195,cached,392,单因素Cox+多因素Cox,1,1,0,,2,51226
SIG295,PMC12267444,cached,,LASSO+单因素Cox+多因素Cox+逐步回归,0,1,1,,0,44463
SIG296,PMC7807455,cached,432,LASSO+单因素Cox+多因素Cox+逐步回归+WGCNA,1,1,1,,4,35201
SIG297,PMC12441128,cached,,PCA,0,0,0,,1,60293
SIG298,PMC9197389,cached,,LASSO+单因素Cox+多因素Cox,1,1,1,,3,38548
SIG300,PMC9039781,cached,,单因素Cox+多因素Cox,1,1,1,,5,24124
SIG301,PMC11231782,cached,,LASSO,1,0,0,,4,33527
SIG302,PMC11197172,cached,118,LASSO+单因素Cox+多因素Cox+WGCNA+PCA,1,1,1,,3,36095
SIG303,PMC11099447,cached,,LASSO+单因素Cox+多因素Cox+逐步回归,1,1,0,,2,28630
SIG304,PMC11004054,cached,,LASSO+单因素Cox+多因素Cox+逐步回归+PCA,1,1,1,,3,84991
SIG305,PMC11893970,cached,413,LASSO+单因素Cox+多因素Cox+PCA,1,1,1,,4,57068
SIG306,PMC8927973,cached,,未说明,0,0,1,,0,26863
SIG307,PMC10837438,cached,,LASSO+单因素Cox+多因素Cox+机器学习-其他+WGCNA+PCA,1,1,1,,3,75562
SIG308,PMC9997814,cached,,LASSO+单因素Cox+多因素Cox,1,1,0,,1,30596
SIG309,PMC12024535,cached,,LASSO+单因素Cox+多因素Cox+WGCNA+PCA,1,1,0,,3,39685
SIG310,PMC10907202,cached,,LASSO+单因素Cox+多因素Cox+机器学习-其他+PCA,1,1,1,,2,42116
SIG311,PMC10403602,cached,,LASSO+单因素Cox+多因素Cox+逐步回归,1,1,1,,2,31127
SIG312,PMC11246870,cached,,LASSO+单因素Cox+多因素Cox+逐步回归+随机森林+机器学习-其他+PCA,0,1,0,,1,21638
SIG313,PMC11592260,cached,,LASSO+单因素Cox+多因素Cox+逐步回归+机器学习-其他+PCA,1,1,0,,7,49915
SIG314,PMC9913156,cached,,LASSO+单因素Cox+PCA,1,0,0,,1,46381
SIG315,PMC10909728,cached,437,LASSO+单因素Cox+多因素Cox+WGCNA,1,1,1,,7,33780
SIG316,PMC12328883,cached,,LASSO+单因素Cox+多因素Cox+WGCNA+PCA,1,1,1,,4,59449
SIG317,PMC10439494,cached,,LASSO+单因素Cox+多因素Cox+PCA,1,1,0,,2,39132
SIG318,PMC7251179,cached,231,单因素Cox+随机森林+PCA,1,0,0,,1,38262
SIG319,PMC9633963,cached,590,LASSO+单因素Cox+多因素Cox,1,1,1,,7,36210
SIG320,PMC10756133,cached,1558,LASSO+单因素Cox+多因素Cox+PCA,1,1,1,,6,52116
SIG321,PMC11603958,cached,65,LASSO+单因素Cox+多因素Cox+逐步回归,1,1,1,,6,71348
SIG322,PMC10915942,cached,,LASSO+单因素Cox+多因素Cox+WGCNA+PCA,0,1,1,,1,45854
SIG323,PMC7969881,cached,379,LASSO+单因素Cox+多因素Cox,1,1,1,,2,40897
SIG324,PMC10767253,cached,,单因素Cox+多因素Cox+逐步回归+机器学习-其他,1,1,1,,0,56565
SIG325,PMC10829884,cached,749,LASSO+单因素Cox+多因素Cox,1,1,0,,4,71025
SIG326,PMC8280527,cached,585,LASSO+单因素Cox+多因素Cox,1,1,0,,2,51803
SIG327,PMC11562497,cached,,LASSO+单因素Cox+多因素Cox,1,1,0,,2,36488
SIG328,PMC12434122,cached,200,LASSO+单因素Cox,1,0,1,,5,71599
SIG329,PMC9493070,cached,,LASSO+单因素Cox+多因素Cox,1,1,1,,4,41059
SIG330,PMC8420973,cached,385,单因素Cox+多因素Cox+逐步回归,0,1,1,,0,29199
SIG331,PMC10303343,cached,81,LASSO+单因素Cox+多因素Cox+逐步回归+PCA,1,1,0,,6,47761
SIG332,PMC10583018,cached,,LASSO+单因素Cox+WGCNA+PCA,1,0,1,,6,58020
SIG334,PMC8812245,cached,,单因素Cox+多因素Cox+PCA,1,1,1,,2,47785
SIG335,PMC9340224,cached,217,LASSO+单因素Cox+多因素Cox,0,1,1,,0,42355
SIG336,PMC9513147,cached,417,LASSO+单因素Cox+多因素Cox+PCA,0,1,1,,1,38525
SIG337,PMC10987941,cached,,单因素Cox+多因素Cox,1,1,1,,1,50489
SIG338,PMC9992543,cached,348,LASSO+单因素Cox+多因素Cox,1,1,1,,2,91722
