cohort,rep,n_gene,NRI,IDI,NRI_p,IDI_p
GSE17536,1,20,-0.0321469575200918,-0.00135491880628985,0.861622231011151,0.358360649246465
GSE17536,2,20,0.0533869115958669,-0.000332028570370124,0.772579016468164,0.929549435901888
GSE17536,3,20,0.0533869115958669,0.00837382590229885,0.772579016468164,0.298133820867302
GSE17536,4,3,0.296785304247991,0.0097287862722718,0.103776916505985,0.202855677165484
GSE17536,5,20,0.454649827784156,0.0336334859351937,0.0115218723726116,0.0192120221050827
GSE17536,6,5,0.228473019517796,0.000324752804197137,0.212730812931462,0.323534904640737
GSE17536,7,8,-0.06601607347876,-0.00168266628419123,0.720187639464201,0.652354661486005
GSE17536,8,20,-0.224454649827784,-0.000838868753192335,0.214744310682367,0.530222407583275
GSE17536,9,3,0.309414466130884,0.0171916028717045,0.0901496295415707,0.167301121645323
GSE17536,10,5,0.0149253731343284,0.0122437602977541,0.935630509663753,0.290593697078447
GSE17536,11,12,0.11308840413318,0.000972151248977815,0.539938253364876,0.829421618079076
GSE17536,12,12,0.365097588978186,0.0311631526523928,0.0440105781457185,0.0406380589364963
GSE17536,13,20,-0.0706084959816304,0.00106251334188284,0.70122939075059,0.807857085890386
GSE17536,14,12,0.284156142365098,0.00927273878959989,0.116421056035431,0.330852833825293
GSE17536,15,20,-0.0109070034443169,-0.000264122039238757,0.952648267818153,0.976221746178474
GSE17536,16,3,-0.0918484500574053,0.000541389959701655,0.618602086772109,0.572314543519233
GSE17536,17,20,0.510332950631458,0.0262155338734034,0.00400578738628044,0.0549990269787293
GSE17536,18,12,0.147531572904707,0.00434133136258275,0.419623053715184,0.456407980902996
GSE17536,19,3,0.228473019517796,0.0100314045650981,0.212730812931462,0.2833900923375
GSE17536,20,5,-0.138920780711825,-0.000645878577308523,0.449184023183245,0.827987521703764
GSE17536,21,12,-0.044776119402985,0.00539723780610213,0.808483313996817,0.527892527262437
GSE17536,22,8,-0.138920780711825,-0.00105444615123124,0.449184023183245,0.621875162154576
GSE17536,23,8,0.356486796785304,0.00333603803246618,0.0498640028169224,0.49550976930925
GSE17536,24,12,-0.177382319173364,-0.000653017548218615,0.332052127600548,0.77962512138188
GSE17536,25,5,-0.185993111366246,-4.3761986401325e-06,0.306649223820393,0.999172447642622
GSE17536,26,3,0.296785304247991,0.0065444430795471,0.103776916505985,0.191369952861705
GSE17536,27,20,0.0533869115958669,1.57389204624159e-05,0.772579016468164,0.993069502689969
GSE17536,28,12,-0.0619977037887485,0.00148323287695296,0.73684299789745,0.823066578631006
GSE17536,29,5,0.727898966704937,0.0330307362749483,2.29340227893005e-05,0.0118076829196632
GSE17536,30,5,0.0958668197474167,-0.000774087500832521,0.602368849469134,0.767694827806741
GSE17536,31,5,-0.0195177956371986,0.00196242626893067,0.914990453650891,0.695545730284724
GSE17536,32,12,0.06601607347876,0.00110030221518792,0.720187639464201,0.854077497060525
GSE17536,33,20,0.347876004592422,0.0181337570915285,0.0560081914590478,0.111829711642594
GSE17536,34,3,0.151549942594719,-0.000441853183368035,0.410855997566693,0.379779274863547
GSE17536,35,8,-0.00631458094144655,-1.52204360709396e-06,0.972720464801306,0.98189378736612
GSE17536,36,8,0.177382319173364,0.0042497908830112,0.332052127600548,0.54192764269524
GSE17536,37,5,0.446039035591274,0.0306199701176213,0.013331583244216,0.019524415061593
GSE17536,38,5,0.104477611940299,0.00223706446125116,0.570941206884062,0.687615883406484
GSE17536,39,12,0.442020665901263,0.00941967118122528,0.0135710936831823,0.186296801666597
GSE17536,40,20,0.194029850746269,0.0115330597864601,0.289777254009941,0.196390316074989
GSE17536,41,12,0.300803673938002,0.025939374881643,0.0992426829856252,0.0868317491531134
GSE17536,42,20,0.237083811710677,0.0114648790990853,0.19464038026504,0.115498440615622
GSE17536,43,8,-0.0235361653272101,0.0027475628282323,0.898615931669767,0.686436667083374
GSE17536,44,8,0.0275545350172217,-0.00086292200388699,0.881000430555968,0.858635682710798
GSE17536,45,20,0.190011481056257,0.00381750556131416,0.301479174653708,0.715441542490887
GSE17536,46,3,0.352468427095293,0.0017629539968817,0.0498768998004415,0.621734129680245
GSE17536,47,20,0.0109070034443169,0.00553960351032551,0.952648267818153,0.130856119707134
GSE17536,48,5,0.343857634902411,0.0145048360049041,0.0571520978957063,0.216997630668796
GSE17536,49,8,0.480482204362802,0.0209541741223844,0.00685783101230508,0.0518172303491948
GSE17536,50,3,-0.0361653272101033,-6.65178787858101e-05,0.844605791224294,0.773840536086988
GSE17536,51,5,0.207233065442021,0.0039707239524942,0.257120602051192,0.60727755915467
GSE17536,52,8,0.0958668197474167,0.00373418003662818,0.602368849469134,0.534398650905123
GSE17536,53,8,0.198622273249139,0.0156458085275971,0.279061744337395,0.0640849291438936
GSE17536,54,8,0.266934557979334,0.00176583957684562,0.143895724074883,0.271002326510418
GSE17536,55,8,0.548794489092997,0.0355540206927444,0.00179916363055366,0.0504946365916896
GSE17536,56,8,0.356486796785304,0.0172372994796711,0.0498640028169224,0.173064535529895
GSE17536,57,8,0.06601607347876,0.00280866698983556,0.720187639464201,0.661836219695496
GSE17536,58,3,0.237083811710677,0.00996094344361897,0.19464038026504,0.169372751428052
GSE17536,59,5,-0.356486796785304,-0.00146248418191441,0.0498640028169224,0.55541572191936
GSE17536,60,3,0.638346727898967,0.0478859939975759,0.000248155430171648,0.0180926891636395
GSE17536,61,8,0.501722158438576,0.0264087367334771,0.00488246212091381,0.022339265781447
GSE17536,62,3,0.279563719862227,0.00159871660467936,0.12664420760655,0.433491248355068
GSE17536,63,20,0.347876004592422,0.00357420903551958,0.0560081914590478,0.579097654674948
GSE17536,64,5,0.104477611940299,0.00735294517007451,0.570941206884062,0.42450025916769
GSE17536,65,3,0.189437428243398,-0.0043126860497531,0.28916893813029,0.59380747334288
GSE17536,66,3,0.177382319173364,-0.000269069725330195,0.332052127600548,0.94345668899125
GSE17536,67,5,0.582663605051665,0.0234301214793901,0.000989047728206627,0.0695823762555952
GSE17536,68,12,0.232491389207807,0.0084041430380456,0.204444386232105,0.457068112676852
GSE17536,69,8,0.0746268656716418,-0.000556327985067995,0.686001610001467,0.881018108748413
GSE17536,70,8,0.412169919632606,0.0189923000332017,0.0215667684921319,0.0897836887567167
GSE17536,71,12,0.185993111366246,0.00369814378307803,0.306649223820393,0.210347623781793
GSE17536,72,5,0.398966704936854,0.0300450036911991,0.0273632373420354,0.0596304891421939
GSE17536,73,5,0.194029850746269,0.0132052733124109,0.289777254009941,0.288603848123332
GSE17536,74,12,-0.079219288174512,-5.66327982361448e-05,0.665696447037884,0.420123374917112
GSE17536,75,8,0.343857634902411,0.00665127282253619,0.0571520978957063,0.180392662277578
GSE17536,76,12,0.0533869115958669,0.00188255672931348,0.772579016468164,0.631037142752947
GSE17536,77,5,-0.0281285878300803,0.000571854335585098,0.877024047272074,0.821355735135835
GSE17536,78,5,-0.0533869115958669,5.02855406103731e-06,0.772579016468164,0.68102910473195
GSE17536,79,12,0.146957520091848,0.00399365155279235,0.420593654081116,0.730762875488516
GSE17536,80,12,-0.117680826636051,-0.00361812448070825,0.519387946822605,0.218988136792132
GSE17536,81,3,0.403559127439724,0.0169117383844581,0.025169681993195,0.0665801095406777
GSE17536,82,20,0.493111366245695,0.0308945092572919,0.00585184918182291,0.0392896205678481
GSE17536,83,20,0.0746268656716418,0.00356500082000422,0.686001610001467,0.458822082647134
GSE17536,84,20,0.168771526980482,0.0023397276424687,0.357892074312823,0.518456074684553
GSE17536,85,3,0.279563719862227,0.0163592509978027,0.12664420760655,0.303673502475065
GSE17536,86,3,0.10849598163031,0.00990094885191273,0.551255500109604,0.293213414380837
GSE17536,87,3,-0.0574052812858784,-3.21759627170959e-05,0.754760723459842,0.852963319621657
GSE17536,88,12,0.356486796785304,0.0361758489415997,0.0498640028169224,0.0543448683305416
GSE17536,89,20,0.390355912743972,0.0158396754316019,0.0305584857019956,0.208899166229232
GSE17536,90,3,-0.38231917336395,-0.0044009216461447,0.0332665530124252,0.37142418111522
GSE17536,91,12,0.480482204362802,0.0120204632209211,0.00685783101230508,0.0632794529720233
GSE17536,92,3,0.1601607347876,0.0207881212327001,0.384160271388508,0.173463275422773
GSE17536,93,12,0.292766934557979,0.00307317822391262,0.103484898491228,0.373295542505751
GSE17536,94,3,0.215843857634902,0.00492969809162824,0.235673150249283,0.286336177400893
GSE17536,95,3,-0.0878300803673938,-0.000542088170583432,0.630206783142956,0.941643231128377
GSE17536,96,8,0.190011481056257,0.00566179602064948,0.301479174653708,0.601747982568476
GSE17536,97,3,0.11308840413318,0.00232389713955705,0.539938253364876,0.738392136670912
GSE17536,98,12,0.706659012629162,0.0621036820513073,3.89916127845336e-05,0.000136678686811997
GSE17536,99,12,0.06601607347876,0.000319510924703448,0.720187639464201,0.791350504963807
GSE17536,100,5,0.0706084959816304,0.00411708930793514,0.70122939075059,0.512533949201127
GSE17537,1,20,0.6,0.0526188487260996,0.0487223935072914,0.0860350379409427
GSE17537,2,20,0.1,0.0126720793630753,0.76659928679021,0.343373884195541
GSE17537,3,20,0.2,0.0299315589665815,0.553616991965781,0.220710774750557
GSE17537,4,3,0.566666666666667,0.0131911069365316,0.075507325686287,0.474513199349317
GSE17537,5,20,0.433333333333333,0.000278829326794017,0.188852708562053,0.471335220870322
GSE17537,6,5,-0.3,-0.00338799243402821,0.373209133617094,0.512385026438075
GSE17537,7,8,-0.2,-0.00232747085453744,0.553616991965781,0.584037197042344
GSE17537,8,20,0.1,0.00987761005253801,0.76659928679021,0.494168028424039
GSE17537,9,3,0,-0.00429586801716636,1,0.354251928431532
GSE17537,10,5,-0.2,-0.0157630143997625,0.553616991965781,0.360897161085239
GSE17537,11,12,0.2,0.0111037205202488,0.553616991965781,0.369193550559819
GSE17537,12,12,-0.233333333333333,-0.00448734277541546,0.479238384994283,0.554713954374426
GSE17537,13,20,0.533333333333333,0.0200522435294305,0.103424018914787,0.320856734731777
GSE17537,14,12,0.0666666666666667,0.000763555693039097,0.845057635870102,0.737877468027534
GSE17537,15,20,0.5,0.00470753846150246,0.1307897978939,0.720361434990577
GSE17537,16,3,0.166666666666667,0.000813523666407912,0.624400106358032,0.784554837692126
GSE17537,17,20,0.1,0.00186544153365981,0.76659928679021,0.518077882718618
GSE17537,18,12,0.166666666666667,-0.000895473461512419,0.624400106358032,0.940505233294377
GSE17537,19,3,0.0666666666666667,-0.00459835581968393,0.845057635870102,0.39579469374981
GSE17537,20,5,0.833333333333333,0.207986691724343,0.00738427028477728,0.00947700527986162
GSE17537,21,12,0.666666666666667,0.00720950001505299,0.0351500787576011,0.646365148416151
GSE17537,22,8,0.666666666666667,0.120976666605796,0.0351500787576011,0.014557637291682
GSE17537,23,8,0.266666666666667,0.0294453798841109,0.430393395264197,0.0830705840205193
GSE17537,24,12,0.4,0.0480732488855408,0.231997723628734,0.0525009983359703
GSE17537,25,5,0.166666666666667,0.00428359086016189,0.624400106358032,0.420631725875009
GSE17537,26,3,-0.2,0.0110830476789183,0.553616991965781,0.613889962953828
GSE17537,27,20,0.666666666666667,0.0627402592922309,0.0351500787576011,0.0863187525446332
GSE17537,28,12,0.5,0.0313200150936882,0.1307897978939,0.322421992930486
GSE17537,29,5,-0.466666666666667,-0.00179635393522842,0.144254341632683,0.200951420328486
GSE17537,30,5,0.0333333333333334,0.00201287826952001,0.921992033129166,0.809382123843352
GSE17537,31,5,0.4,0.0271823069363868,0.231997723628734,0.165587110385167
GSE17537,32,12,-0.2,-0.0024846325239975,0.553616991965781,0.56171857481326
GSE17537,33,20,0.266666666666667,0.00710673022525316,0.430393395264197,0.5057963283377
GSE17537,34,3,0.166666666666667,0.0108228538083361,0.624400106358032,0.443463061755004
GSE17537,35,8,-0.2,0.000627840423793269,0.553616991965781,0.419080711488911
GSE17537,36,8,-0.166666666666667,-0.0008645193028885,0.624400106358032,0.788911798810863
GSE17537,37,5,-0.166666666666667,-0.00965903095908827,0.624400106358032,0.3078706167758
GSE17537,38,5,0.333333333333333,0.000376009780576503,0.313243773401308,0.905428338891944
GSE17537,39,12,0.0333333333333334,0.0162427923199606,0.921992033129166,0.502900253978472
GSE17537,40,20,0.433333333333333,0.0244419709209889,0.188852708562053,0.543469529954808
GSE17537,41,12,0.233333333333333,0.0201605696007679,0.485414544502613,0.286239860948465
GSE17537,42,20,0.266666666666667,0.0198598305107449,0.430393395264197,0.196327921839109
GSE17537,43,8,0.166666666666667,0.00150832250497823,0.624400106358032,0.91377001334816
GSE17537,44,8,-0.166666666666667,0.00116257460510977,0.624400106358032,0.631395693637249
GSE17537,45,20,0.333333333333333,0.0164105117362974,0.313243773401308,0.335393083583177
GSE17537,46,3,0,0.0263786117386926,1,0.118530219572382
GSE17537,47,20,-0.0333333333333334,-0.00211975847120266,0.921992033129166,0.812960903096073
GSE17537,48,5,0.133333333333333,0.00494269165329608,0.693389590985372,0.695193331460337
GSE17537,49,8,0.3,0.0128324114950025,0.373209133617094,0.167940032232732
GSE17537,50,3,0.433333333333333,0.0364783139840245,0.188852708562053,0.0510227833242853
GSE17537,51,5,0.333333333333333,0.0204551326920003,0.313243773401308,0.369845811939445
GSE17537,52,8,0.7,0.0678545312279237,0.0211249373020048,0.018755751001575
GSE17537,53,8,0.666666666666667,0.0082028485146633,0.0351500787576011,0.808120914846062
GSE17537,54,8,0.866666666666667,0.0309394254858433,0.00473500054326359,0.269441553641723
GSE17537,55,8,0.0666666666666667,0.00478117523908861,0.845057635870102,0.56716486989303
GSE17537,56,8,0.333333333333333,0.0727068848443266,0.313243773401308,0.0594252834848679
GSE17537,57,8,0.6,0.078432873178307,0.0487223935072914,0.0625491733417103
GSE17537,58,3,0.133333333333333,0.00710589302624959,0.693389590985372,0.769768915141512
GSE17537,59,5,0.766666666666667,0.0249287285619003,0.0141499067352107,0.132033685684738
GSE17537,60,3,-0.166666666666667,0.00394327254731353,0.624400106358032,0.605094133803096
GSE17537,61,8,0.0666666666666667,0.0169808131695597,0.845057635870102,0.320668257887156
GSE17537,62,3,0.3,0.0109335195421095,0.373209133617094,0.167132070602864
GSE17537,63,20,0.166666666666667,0.00625502389289462,0.624400106358032,0.709752828374414
GSE17537,64,5,0,0.0117991107476974,1,0.45162628074957
GSE17537,65,3,0.2,0.00932438399088259,0.553616991965781,0.236262511152787
GSE17537,66,3,-0.0666666666666667,0.0116545626767682,0.845057635870102,0.625759876390061
GSE17537,67,5,-0.166666666666667,-0.0035401448436635,0.624400106358032,0.753476158644833
GSE17537,68,12,-0.2,-0.00365347251018955,0.553616991965781,0.360994215690942
GSE17537,69,8,0.166666666666667,0.0102367356363557,0.624400106358032,0.446234315528881
GSE17537,70,8,0.7,0.00115544470254247,0.0211249373020048,0.183256642231581
GSE17537,71,12,-0.0666666666666667,0.0121896261832619,0.845057635870102,0.30045368923732
GSE17537,72,5,-0.466666666666667,0.00158330505259668,0.144254341632683,0.811723930701758
GSE17537,73,5,0.633333333333333,0.0665332062701027,0.0503764472537882,0.110815447464107
GSE17537,74,12,0.5,0.000142979636650997,0.1307897978939,0.736623522990679
GSE17537,75,8,0.133333333333333,0.0136229347643848,0.693389590985372,0.488576006589794
GSE17537,76,12,-0.4,0.00319589562362915,0.231997723628734,0.612583193759639
GSE17537,77,5,0.333333333333333,0.0148490611466928,0.313243773401308,0.381014067565247
GSE17537,78,5,0.266666666666667,0.00241052881930315,0.430393395264197,0.895604029885725
GSE17537,79,12,0.4,0.116386483268526,0.231997723628734,0.011659299265588
GSE17537,80,12,0.366666666666667,0.00910758462874384,0.272964650568577,0.365837977125329
GSE17537,81,3,0.0666666666666667,0.000643041171423386,0.845057635870102,0.876279731754431
GSE17537,82,20,0.166666666666667,0.00511401327075545,0.624400106358032,0.475182162561248
GSE17537,83,20,0.166666666666667,0.0112600470943283,0.624400106358032,0.437278528767806
GSE17537,84,20,0.766666666666667,0.0966509909203456,0.0141499067352107,0.00999805918910668
GSE17537,85,3,0.0333333333333334,0.00460421482433176,0.921992033129166,0.523801360729248
GSE17537,86,3,0.133333333333333,0.0252977154881523,0.693389590985372,0.18234879861518
GSE17537,87,3,-0.0333333333333334,0.0168496016691996,0.921992033129166,0.256179069107864
GSE17537,88,12,-0.566666666666667,-0.00490371114481175,0.075507325686287,0.832306907677647
GSE17537,89,20,-0.0333333333333334,0.00561480793824592,0.921992033129166,0.537165451990522
GSE17537,90,3,0.3,0.0465256205740725,0.373209133617094,0.0380169724475263
GSE17537,91,12,0.333333333333333,0.0216060151270642,0.31126736653348,0.409759940314193
GSE17537,92,3,0.366666666666667,0.0017858641938186,0.250117855020642,0.905691968487689
GSE17537,93,12,0.3,0.0137467849392489,0.373209133617094,0.251687976077776
GSE17537,94,3,0.633333333333333,0.0849820930920356,0.0503764472537882,0.0175986603955389
GSE17537,95,3,-0.233333333333333,6.03162402558199e-05,0.485414544502613,0.965413051064047
GSE17537,96,8,-0.0333333333333334,0.00240032449264904,0.921992033129166,0.92684517674595
GSE17537,97,3,0,-0.000246945390032616,1,0.917064166089427
GSE17537,98,12,0.133333333333333,-0.00212648378081626,0.693389590985372,0.843800954803257
GSE17537,99,12,0.0333333333333334,0.0420024284727384,0.921992033129166,0.335246316971386
GSE17537,100,5,0.266666666666667,0.00254080150742952,0.430393395264197,0.668678922428519
GSE29621,1,20,0.516304347826087,0.0652527498285284,0.0996847672085672,0.039917302720218
GSE29621,2,20,0.130434782608696,0.0060304051222923,0.687629573710979,0.340873087309548
GSE29621,3,20,0.179347826086957,0.0122796724763868,0.572478891272687,0.367554319139334
GSE29621,4,3,0.467391304347826,0.0320624233058849,0.139436299740179,0.361487972906895
GSE29621,5,20,1.06521739130435,0.0154366692517366,0.000117048200136249,0.168297595814435
GSE29621,6,5,0.255434782608696,0.011597948546333,0.428900902116079,0.531819223845818
GSE29621,7,8,-0.00543478260869562,-0.00511464298518677,0.986571153086959,0.430396436626512
GSE29621,8,20,-0.206521739130435,-0.000898979195594174,0.517841066527508,0.887079229272051
GSE29621,9,3,0.592391304347826,0.0504781219598645,0.0547805809798778,0.116839343449148
GSE29621,10,5,-0.0815217391304348,-0.000303852980924668,0.801289937424243,0.966440957359766
GSE29621,11,12,0.331521739130435,0.0213395302591818,0.287389635917741,0.0854577996508248
GSE29621,12,12,0.505434782608696,0.0079150047114161,0.103635597200076,0.392208080992172
GSE29621,13,20,0.418478260869565,0.0166563662628951,0.17930041112105,0.309588775402622
GSE29621,14,12,0.168478260869565,0.00575709597440049,0.60296976264889,0.717414263760998
GSE29621,15,20,0.206521739130435,0.00675606442136018,0.517841066527508,0.817339039953905
GSE29621,16,3,0.478260869565217,0.0297456334013504,0.122754984254754,0.250561043125736
GSE29621,17,20,0.766304347826087,0.0469540008664772,0.0108705200138051,0.165619262992516
GSE29621,18,12,0.467391304347826,0.0384228305299872,0.139436299740179,0.106846102647074
GSE29621,19,3,0.0815217391304348,-0.00144010751524815,0.801289937424243,0.911310138958416
GSE29621,20,5,-0.331521739130435,-0.00393890457942847,0.287389635917741,0.627744097048011
GSE29621,21,12,0.255434782608696,0.018684068068804,0.428900902116079,0.462993918658851
GSE29621,22,8,0.592391304347826,0.0217069023487808,0.0547805809798778,0.0851026091321891
GSE29621,23,8,0.842391304347826,0.0741199092784281,0.00281291077204382,0.0283519966370622
GSE29621,24,12,0.592391304347826,0.0100849569520596,0.0547805809798778,0.191033704225485
GSE29621,25,5,-0.0434782608695652,0.00071909199298964,0.893712612141319,0.958981520883756
GSE29621,26,3,0.505434782608696,0.00689180810003814,0.103635597200076,0.42774386598619
GSE29621,27,20,0.157608695652174,-2.1390370001706e-05,0.609359010866561,0.998533698463141
GSE29621,28,12,-0.255434782608696,-3.67854517254185e-05,0.428900902116079,0.922099650369598
GSE29621,29,5,0.304347826086957,0.00893197524204242,0.340499330182384,0.693857101975011
GSE29621,30,5,0.0815217391304348,0.00641726440996776,0.801289937424243,0.346337544652557
GSE29621,31,5,-0.0326086956521739,0.00326907703083862,0.917876584860806,0.815270552194295
GSE29621,32,12,0.168478260869565,0.00354284568092728,0.60296976264889,0.56044623036353
GSE29621,33,20,0.391304347826087,0.000546353957992518,0.214370856551372,0.978294455885497
GSE29621,34,3,0.266304347826087,0.00305081785673189,0.395777005900206,0.903773090135727
GSE29621,35,8,-0.293478260869565,6.14727157401407e-05,0.358115483925324,0.996346229396842
GSE29621,36,8,1.05434782608696,0.110261728472612,4.51219303732042e-05,0.0065084460997189
GSE29621,37,5,0.217391304347826,0.00506113096603633,0.500088944464019,0.758468262190758
GSE29621,38,5,0.342391304347826,0.00518450806393517,0.285914652489256,0.608576766140794
GSE29621,39,12,0.717391304347826,0.0182374940304769,0.0157683252122238,0.175919473354338
GSE29621,40,20,0.293478260869565,0.0363790293002103,0.358115483925324,0.197339710243177
GSE29621,41,12,0.603260869565217,0.024580398488681,0.0503883710490019,0.457745385671084
GSE29621,42,20,0.130434782608696,-0.000588950375869812,0.687629573710979,0.959351221426014
GSE29621,43,8,0.255434782608696,0.0310412512003098,0.428900902116079,0.41329132781614
GSE29621,44,8,0.293478260869565,0.00514166737390803,0.358115483925324,0.630964099335942
GSE29621,45,20,-0.0434782608695652,-0.000646040085512056,0.893712612141319,0.957672876008713
GSE29621,46,3,-0.168478260869565,-0.00212419982757223,0.60296976264889,0.450497160750475
GSE29621,47,20,0.0326086956521739,-0.00121282564823427,0.917876584860806,0.73620588165261
GSE29621,48,5,0.679347826086957,0.117648707465885,0.0260320950884674,0.0251805685674968
GSE29621,49,8,0.668478260869565,0.00214259720309395,0.0191891595838827,0.676769194411755
GSE29621,50,3,-0.157608695652174,-0.00238115636716979,0.609359010866561,0.777604485227109
GSE29621,51,5,-0.00543478260869562,-0.00113290272227956,0.986571153086959,0.87724473482322
GSE29621,52,8,0.418478260869565,0.00575967304823444,0.17930041112105,0.313048912817804
GSE29621,53,8,0.342391304347826,0.012287162117417,0.285914652489256,0.178598145142518
GSE29621,54,8,0.853260869565217,0.0344017280753673,0.00386748414372939,0.0634510347360082
GSE29621,55,8,0.554347826086957,0.0525353350882383,0.0766613211551965,0.199741356192918
GSE29621,56,8,0.130434782608696,0.0117030540645148,0.687629573710979,0.429359422360506
GSE29621,57,8,0.168478260869565,0.00438800795142802,0.60296976264889,0.818660628703023
GSE29621,58,3,0.391304347826087,0.0121229792795465,0.214370856551372,0.540846010251842
GSE29621,59,5,0.380434782608696,0.0024027863473533,0.232045801692332,0.804787308784442
GSE29621,60,3,0.592391304347826,0.0586681982804285,0.0547805809798778,0.185482392121749
GSE29621,61,8,0.853260869565217,0.0426641503420345,0.00386748414372939,0.239143671108689
GSE29621,62,3,0.293478260869565,0.0136471344711815,0.358115483925324,0.57723594247974
GSE29621,63,20,0.505434782608696,0.00465569872305471,0.103635597200076,0.68697429102809
GSE29621,64,5,-0.0326086956521739,0.00804887131313931,0.917876584860806,0.74100495848772
GSE29621,65,3,0.141304347826087,-0.0171436698526596,0.647344346487997,0.179435567083785
GSE29621,66,3,0.380434782608696,0.0160035693153199,0.232045801692332,0.420975093808828
GSE29621,67,5,-0.293478260869565,0.00336550982478001,0.358115483925324,0.595679202966502
GSE29621,68,12,0.206521739130435,-0.00670748390832737,0.517841066527508,0.603389847132376
GSE29621,69,8,-0.581521739130435,-0.00224671476884841,0.0416293350147092,0.768628866884503
GSE29621,70,8,0.630434782608696,0.0134092171570684,0.0352064812793023,0.239190548756828
GSE29621,71,12,0.266304347826087,-0.00226299069701985,0.395777005900206,0.94046904466636
GSE29621,72,5,0.255434782608696,0.0389582572424829,0.428900902116079,0.216087468962465
GSE29621,73,5,-0.206521739130435,-0.0019667627117036,0.517841066527508,0.321170844901229
GSE29621,74,12,0.554347826086957,0.0143000161695496,0.0766613211551965,0.0699712660988958
GSE29621,75,8,0.592391304347826,0.0276340522312908,0.0547805809798778,0.332932450102836
GSE29621,76,12,-0.119565217391304,0.0104860603945395,0.707210874094325,0.589821434255186
GSE29621,77,5,-0.119565217391304,0.000168580019045295,0.707210874094325,0.958267719221205
GSE29621,78,5,-0.00543478260869562,-0.000257151656863908,0.986571153086959,0.952711625416025
GSE29621,79,12,0.130434782608696,0.0126916226389218,0.687629573710979,0.641215771943909
GSE29621,80,12,-0.168478260869565,-0.00977731229757362,0.60296976264889,0.356805369070482
GSE29621,81,3,0.554347826086957,0.0850296404256817,0.0766613211551965,0.132149671904424
GSE29621,82,20,0.0923913043478261,0.0231483505870578,0.773381331858248,0.369724733443706
GSE29621,83,20,0.369565217391304,0.0084783017786001,0.217002735173869,0.499938329127205
GSE29621,84,20,0.293478260869565,0.0062355160987328,0.358115483925324,0.295523190767067
GSE29621,85,3,0.342391304347826,0.0128443589878534,0.285914652489256,0.684672650611375
GSE29621,86,3,0.342391304347826,0.0619503302389473,0.285914652489256,0.0577734727559482
GSE29621,87,3,0.168478260869565,0.0140638912896063,0.60296976264889,0.260960238334602
GSE29621,88,12,-0.206521739130435,0.00910766980347194,0.517841066527508,0.79732650642802
GSE29621,89,20,0.516304347826087,0.00380772683451641,0.0996847672085672,0.788301405748294
GSE29621,90,3,-0.119565217391304,0.00209385104089344,0.707210874094325,0.845542543111661
GSE29621,91,12,-0.331521739130435,-4.14496536105258e-05,0.287389635917741,0.775962792939754
GSE29621,92,3,0.0923913043478261,0.000274904744020754,0.773381331858248,0.84171952919369
GSE29621,93,12,0.130434782608696,0.00360402138564725,0.687629573710979,0.549281671554985
GSE29621,94,3,-0.130434782608696,0.0100698249282983,0.687629573710979,0.486101901322047
GSE29621,95,3,-0.0434782608695652,0.00467026329039572,0.893712612141319,0.876050037394484
GSE29621,96,8,0.217391304347826,0.000757105831176552,0.500088944464019,0.980383428149331
GSE29621,97,3,-0.0434782608695652,-0.000778388709688771,0.893712612141319,0.863382006477117
GSE29621,98,12,0.679347826086957,0.035432715879922,0.0260320950884674,0.180695521232593
GSE29621,99,12,0.00543478260869562,-0.000777218894040532,0.986571153086959,0.904373685454063
GSE29621,100,5,0.157608695652174,-0.000538284619792995,0.609359010866561,0.847357815139431
GSE38832,1,20,0.0427350427350426,0.000475285414144183,0.875277729785993,0.973962104943453
GSE38832,2,20,-0.54985754985755,-0.0026638189344606,0.0204246803975852,0.316922992460265
GSE38832,3,20,-0.401709401709402,-0.00387146395507991,0.109941234686535,0.651768363135553
GSE38832,4,3,0.267806267806268,5.77810705622711e-05,0.322910680254769,0.927412828575359
GSE38832,5,20,-0.330484330484331,-0.00896020834293314,0.208750952020651,0.310289619996999
GSE38832,6,5,-0.037037037037037,0.0048027611991532,0.892739781558761,0.538569065781259
GSE38832,7,8,-0.108262108262108,0.00051386508772476,0.690647058521194,0.92166958376511
GSE38832,8,20,0.413105413105413,0.00136501207576543,0.123926918162446,0.907081698874594
GSE38832,9,3,0.547008547008547,-0.000171743686455048,0.0154726942407104,0.934217155627352
GSE38832,10,5,0.185185185185185,0.00160377283195362,0.496690677367401,0.865172717055012
GSE38832,11,12,0.484330484330484,0.00311532249917143,0.0654508672159877,0.611926720479477
GSE38832,12,12,-0.561253561253561,-0.00142195248940184,0.0319235332413581,0.521167987628725
GSE38832,13,20,0.113960113960114,-0.00910380185358964,0.677765662384388,0.41888933836027
GSE38832,14,12,0.190883190883191,-0.00198503105156525,0.484448139970857,0.84234924452813
GSE38832,15,20,-0.113960113960114,-0.0107918691266382,0.677765662384388,0.342675252412168
GSE38832,16,3,0.49002849002849,-0.000404501084273354,0.0658341639516116,0.978909551994082
GSE38832,17,20,0.11965811965812,-0.00653372175585128,0.657841278220499,0.686123187995974
GSE38832,18,12,-0.0968660968660969,-0.0121466475548112,0.695438978861468,0.512310114928323
GSE38832,19,3,-0.0313390313390314,-0.00391012958807963,0.90785935256474,0.581450819723171
GSE38832,20,5,0.0398860398860398,2.1235983811721e-05,0.88437145647626,0.401895216304305
GSE38832,21,12,0.709401709401709,0.00392172656377215,0.00476051272728806,0.783309343643002
GSE38832,22,8,-0.487179487179487,-0.000881550380775212,0.0664797154365218,0.610221685770992
GSE38832,23,8,-0.116809116809117,-0.000401632944441024,0.66876178524267,0.832538989435288
GSE38832,24,12,0.330484330484331,0.000631089350735692,0.208750952020651,0.660817946743387
GSE38832,25,5,-0.789173789173789,-0.0023396372278698,0.00170453943181093,0.0963207767863481
GSE38832,26,3,0.86039886039886,0.00768164695476126,0.000386399266663728,0.544704550266483
GSE38832,27,20,0.478632478632479,0.00103054918414942,0.0581807923579363,0.168080186903351
GSE38832,28,12,-0.401709401709402,-0.00500948170428969,0.109941234686535,0.487581346777268
GSE38832,29,5,-0.250712250712251,-0.0113307989572311,0.324917441895603,0.37709411521987
GSE38832,30,5,0.632478632478633,0.00015041461026058,0.0123066910013596,0.303334785651677
GSE38832,31,5,0.854700854700855,0.00228276552880072,0.000201371263056416,0.204535819112522
GSE38832,32,12,-0.0398860398860398,0.00100408804115655,0.88437145647626,0.948215830087353
GSE38832,33,20,0.122507122507123,-0.00408184343523338,0.644724194709777,0.394506622506143
GSE38832,34,3,0.259259259259259,0.000641240445571747,0.337306088599842,0.628617688011331
GSE38832,35,8,0.481481481481482,0.0111906307840998,0.0626959993554377,0.364610341036649
GSE38832,36,8,-0.54985754985755,-0.00264393889507986,0.0204246803975852,0.49681458266633
GSE38832,37,5,-0.253561253561254,-0.00716912197595404,0.332432134598471,0.496721748580443
GSE38832,38,5,0.116809116809117,0.000641252933214168,0.66876178524267,0.829589096182527
GSE38832,39,12,0.262108262108262,0.00248691912479908,0.335284861691446,0.332125896085976
GSE38832,40,20,0.339031339031339,0.00327996232452518,0.210538476088317,0.758087785135072
GSE38832,41,12,-0.478632478632479,-0.00220524035959675,0.0581807923579363,0.352326139792673
GSE38832,42,20,-0.17948717948718,-0.00744856924894424,0.498966220400889,0.318749915868219
GSE38832,43,8,-0.0398860398860398,-0.000310125830546903,0.88437145647626,0.956353689545573
GSE38832,44,8,-0.108262108262108,-0.000816053339448147,0.690647058521194,0.245441459910285
GSE38832,45,20,-0.703703703703704,-0.00355595076484903,0.0032461082239057,0.480762950371809
GSE38832,46,3,0.196581196581197,0.000517015829628334,0.461921420045753,0.964838248712593
GSE38832,47,20,0.0341880341880343,0.00113687540701664,0.900529606998348,0.683753274003932
GSE38832,48,5,0.341880341880342,0.00149732611462737,0.205722282373349,0.59589601900235
GSE38832,49,8,0.643874643874644,0.00493074978236062,0.0130796166319835,0.146369849056921
GSE38832,50,3,-0.185185185185185,-0.0187251752528429,0.496690677367401,0.275941161413644
GSE38832,51,5,0.41025641025641,0.00359178741901729,0.124053818171815,0.759530940908952
GSE38832,52,8,-0.621082621082621,-0.0129671122894323,0.00400329440193281,0.244095315462692
GSE38832,53,8,-0.481481481481482,-0.00305931844854593,0.0626959993554377,0.414215039336132
GSE38832,54,8,0.564102564102564,-0.000371096676899746,0.0321688696443687,0.985791951477071
GSE38832,55,8,-0.621082621082621,-0.00257470635144697,0.00400329440193281,0.177471720162642
GSE38832,56,8,-0.336182336182336,-0.00356824890625078,0.212715687583816,0.338785484083906
GSE38832,57,8,-0.415954415954416,-0.00223559214545144,0.121565874416472,0.471792636396052
GSE38832,58,3,0.484330484330484,0.000286982262287253,0.0654508672159877,0.907914789942766
GSE38832,59,5,-0.481481481481482,-0.00342279031340369,0.0626959993554377,0.358746400901472
GSE38832,60,3,0.863247863247863,0.022754078823143,0.00044516960190677,0.145198514632966
GSE38832,61,8,-0.108262108262108,-0.000405700024353847,0.690647058521194,0.83643712171931
GSE38832,62,3,0.267806267806268,0.00533879761203708,0.322910680254769,0.126324260065248
GSE38832,63,20,0.558404558404558,0.00896072085777935,0.0305876794570621,0.180129531350622
GSE38832,64,5,0.11965811965812,-0.0033867083897207,0.657841278220499,0.783015901193028
GSE38832,65,3,-0.102564102564103,-0.00211536626094418,0.696898785716767,0.657324472468506
GSE38832,66,3,-0.176638176638177,-0.00513325868036174,0.495950265927731,0.492484421987361
GSE38832,67,5,0.564102564102564,0.00313417610612639,0.0321688696443687,0.732286478035598
GSE38832,68,12,0.193732193732194,-0.00889670413891641,0.474559054884703,0.457383318434544
GSE38832,69,8,0.0427350427350426,-0.000841883000635813,0.875277729785993,0.845217979208136
GSE38832,70,8,0.113960113960114,-0.00672554869822122,0.677765662384388,0.399431119496942
GSE38832,71,12,0.789173789173789,0.00553953331951432,0.00170453943181093,0.0931607472541811
GSE38832,72,5,-0.190883190883191,-0.00100008053621023,0.484448139970857,0.891350664824083
GSE38832,73,5,0.0427350427350426,-0.00130145455696391,0.875277729785993,0.830271506044051
GSE38832,74,12,0.190883190883191,0.000187119746030709,0.484448139970857,0.576577687376904
GSE38832,75,8,0.190883190883191,-0.0023319600315081,0.484448139970857,0.891147340031253
GSE38832,76,12,0.413105413105413,0.0061574213987427,0.123926918162446,0.377433546309302
GSE38832,77,5,0.0398860398860398,-0.00197094092137436,0.88437145647626,0.860215732326951
GSE38832,78,5,0.0427350427350426,0.000664457419390169,0.875277729785993,0.965237245880805
GSE38832,79,12,-0.0997150997150997,0.00568902404382531,0.69727864940663,0.701865948245767
GSE38832,80,12,0.415954415954416,0.00050512482123749,0.121565874416472,0.973527355330098
GSE38832,81,3,0.196581196581197,0.00649616495307108,0.461921420045753,0.639957450011744
GSE38832,82,20,-0.547008547008547,-0.00163539837154329,0.0154726942407104,0.157007551383107
GSE38832,83,20,-0.102564102564103,-0.00529702244145272,0.696898785716767,0.548777979904325
GSE38832,84,20,0.0484330484330484,-0.00412952537888586,0.854098166189328,0.55665911883091
GSE38832,85,3,0.552706552706553,0.000812812794989598,0.0247402720510173,0.325279373492379
GSE38832,86,3,0.339031339031339,-0.00114683840331843,0.210538476088317,0.733191414164148
GSE38832,87,3,0.333333333333333,-0.000694632204318327,0.212172400999825,0.922459697801304
GSE38832,88,12,0.478632478632479,0.00300267433838837,0.0581807923579363,0.335548581878448
GSE38832,89,20,-0.17948717948718,-0.0084881359599526,0.498966220400889,0.179135028449975
GSE38832,90,3,0.789173789173789,0.000920601743532201,0.00170453943181093,0.142991861536518
GSE38832,91,12,0.626780626780627,0.00263121207399156,0.00861661670641856,0.166109649578699
GSE38832,92,3,0.116809116809117,0.000109658440582569,0.66876178524267,0.972134662329362
GSE38832,93,12,0.0427350427350426,-0.01556529542448,0.875277729785993,0.37539503810984
GSE38832,94,3,0.344729344729345,0.00818833422094696,0.198282296117295,0.627409751097813
GSE38832,95,3,0.339031339031339,0.00345369729920593,0.210538476088317,0.761200333602973
GSE38832,96,8,0.190883190883191,-0.0276171069325437,0.484448139970857,0.384995121026167
GSE38832,97,3,0.715099715099715,0.0140500302246672,0.00527631824366837,0.463743533415318
GSE38832,98,12,0.256410256410256,2.00152010106092e-05,0.336433167573135,0.713312794917199
GSE38832,99,12,0.415954415954416,0.00116902304252968,0.121565874416472,0.403976441373441
GSE38832,100,5,0.49002849002849,0.0181383521873951,0.0658341639516116,0.135818399528107
GSE39582,1,20,0.0692102928127772,-0.000115428929300054,0.492566877550187,0.946107900827915
GSE39582,2,20,0.0433007985803016,0.000707724147430366,0.669422055708938,0.561241895147526
GSE39582,3,20,0.0500443655723159,0.00148995607915969,0.620351635266734,0.321025063552127
GSE39582,4,3,0.0273291925465839,-9.96583310214905e-05,0.787410593205971,0.866594383353074
GSE39582,5,20,0.0322981366459627,0.000412653212552905,0.748838682013153,0.618225479174511
GSE39582,6,5,0.095829636202307,0.00294920855046338,0.343876152014939,0.247469907304795
GSE39582,7,8,0.05075421472937,0.00155436801741232,0.616510804321224,0.451163021488239
GSE39582,8,20,0.146938775510204,0.000688417533904639,0.145021830636431,0.668807314355347
GSE39582,9,3,0.182786157941437,0.0033058037523962,0.0704537586317042,0.245075223013707
GSE39582,10,5,0.023070097604259,2.33862713222566e-06,0.820000448161531,0.982428796220315
GSE39582,11,12,-0.0308784383318544,-0.00024217146079325,0.760822068196388,0.787425031133898
GSE39582,12,12,-0.0425909494232476,0.000698450120947824,0.674365627559081,0.383096901308053
GSE39582,13,20,0.0727595385980479,0.002189518762237,0.47206901646118,0.285304706220782
GSE39582,14,12,0.0887311446317658,0.00678582415517881,0.381081068377738,0.0754219637740399
GSE39582,15,20,-0.0880212954747116,-0.000212964943011373,0.385108117398082,0.776205389977586
GSE39582,16,3,0.0848269742679682,0.00369349569938182,0.402160326669977,0.256706677037695
GSE39582,17,20,0.197692990239574,0.00123531315995301,0.0491655610360942,0.345932759710624
GSE39582,18,12,-0.0795031055900621,-0.000271496517534386,0.432574335083649,0.616680033716536
GSE39582,19,3,-0.0472049689440993,0.000453134453337833,0.641637267181415,0.647798233085753
GSE39582,20,5,0.170008873114463,0.00839776749932048,0.0925605705725734,0.0500263122958506
GSE39582,21,12,0.0979591836734693,0.00170052424798595,0.331074481903535,0.433976286999068
GSE39582,22,8,-0.0472049689440993,-0.000643464079802425,0.641637267181415,0.656485469466929
GSE39582,23,8,0.0926353149955634,0.00312642557642223,0.360617689700448,0.265748400436498
GSE39582,24,12,0.0890860692102928,0.00026500094118731,0.378637618671328,0.793290520537957
GSE39582,25,5,0.0557231588287488,0.00129648006246641,0.582608741765897,0.332414648547797
GSE39582,26,3,0.022360248447205,0.000104840326264621,0.825530650958062,0.809292306779687
GSE39582,27,20,-0.0635314995563443,-7.98760311226388e-05,0.530967943362853,0.969782685151952
GSE39582,28,12,0.0720496894409937,0.000396065500900822,0.477273207154541,0.862775477719558
GSE39582,29,5,0.0511091393078971,0.00113510636664826,0.61427792643766,0.62408829989958
GSE39582,30,5,-0.0262644188110027,0.00048924381818366,0.79562595227191,0.796525104263817
GSE39582,31,5,-0.0521739130434784,8.59345795627409e-05,0.606299595540291,0.900762156047684
GSE39582,32,12,0.346051464063887,0.0251248265917155,0.000527119566433365,0.00169416154160729
GSE39582,33,20,0.0418811002661934,0.000538577714712718,0.678584581215125,0.649522728664051
GSE39582,34,3,0.0638864241348713,0.000436292300820429,0.528614142427694,0.691089126534185
GSE39582,35,8,0.231765749778172,0.0105970177511174,0.0214809125602931,0.0284506026829239
GSE39582,36,8,0.100088731144632,0.000405509476750721,0.323011715314184,0.716505503204626
GSE39582,37,5,0.0110026619343389,0.00303731856150774,0.913522785535888,0.321922147748192
GSE39582,38,5,0.0262644188110027,0.000739793697422497,0.79562595227191,0.424857629219071
GSE39582,39,12,0.130257320319432,0.00339843270085827,0.197266164248759,0.31121922962076
GSE39582,40,20,0.116770186335404,0.0012318960415636,0.248914758586096,0.622501087232907
GSE39582,41,12,0.0638864241348713,-0.00011871233377625,0.528614142427694,0.928891913651341
GSE39582,42,20,0.00638864241348713,0.00198680800555506,0.949782741743952,0.508821363920762
GSE39582,43,8,0.0347826086956521,0.000201078103642338,0.731671914751615,0.680475309247298
GSE39582,44,8,0.0766637089618456,0.0060874011826263,0.44896175019789,0.0651483203129066
GSE39582,45,20,-0.0685004436557232,8.04066305201134e-05,0.498696026313236,0.770843025684829
GSE39582,46,3,0.0720496894409937,3.49337636299518e-05,0.477273207154541,0.784085005499852
GSE39582,47,20,0.117125110913931,0.00205064245131759,0.247508451649035,0.164245994335402
GSE39582,48,5,-0.00993788819875774,0.00136716528855468,0.921947197018904,0.496116714644308
GSE39582,49,8,0.0308784383318544,1.75574948942936e-05,0.760822068196388,0.749742868458356
GSE39582,50,3,-0.00177462289263536,-0.00043983493641192,0.986041513636655,0.333356800795516
GSE39582,51,5,0.0266193433895297,0.00446581997316603,0.793009628423963,0.214743449207345
GSE39582,52,8,-0.0631765749778173,-3.11639386479934e-05,0.533076114001966,0.848473214373413
GSE39582,53,8,0.0383318544809229,0.00125663976044754,0.705208974709451,0.720086419235846
GSE39582,54,8,-0.0397515527950311,0.000422094219242386,0.694735240825325,0.438156212411225
GSE39582,55,8,0.00922803904170366,0.000785020111068846,0.92733700171601,0.781421104303344
GSE39582,56,8,0.137355811889973,0.00378214013533928,0.174772184345502,0.275241129436253
GSE39582,57,8,0.145874001774623,0.00118583038239889,0.149416559875381,0.483762161373546
GSE39582,58,3,0.0649511978704525,0.00196446734634065,0.520044957386253,0.393061421169057
GSE39582,59,5,0.0642413487133984,0.000388860862242491,0.526011896985018,0.866643440982542
GSE39582,60,3,0.12564330079858,0.0128107405549011,0.214467601823721,0.0257700469686273
GSE39582,61,8,-0.0511091393078971,0.00118256004065342,0.61427792643766,0.352989262262396
GSE39582,62,3,0.0972493345164153,0.000777866780780678,0.336509803694224,0.582081556949264
GSE39582,63,20,-0.0141969831410826,0.000270297640439343,0.888700246646766,0.729799871196006
GSE39582,64,5,0.0795031055900621,0.00573283193371504,0.432574335083649,0.190586840345575
GSE39582,65,3,0.03868677905945,-0.000372699452696079,0.702845496380295,0.787791532893465
GSE39582,66,3,-0.0763087843833186,-5.51791566433257e-05,0.451493340373497,0.774405630379382
GSE39582,67,5,0.0965394853593611,2.15074504331669e-05,0.340772688232406,0.895251119261946
GSE39582,68,12,0.0795031055900621,0.000201397295659767,0.432574335083649,0.880434320611785
GSE39582,69,8,0.0149068322981367,8.64479571591192e-05,0.883100162239827,0.548939740031886
GSE39582,70,8,0.0354924578527063,0.000586106277186471,0.726189397210562,0.75596394263666
GSE39582,71,12,0.138775510204082,0.00295901814455229,0.168704285624937,0.314658789807166
GSE39582,72,5,0.0184560780834072,0.000280857152970937,0.85564225342856,0.660828659361377
GSE39582,73,5,-0.0401064773735582,0.000184893069873959,0.691676563362306,0.788063237978922
GSE39582,74,12,0.220408163265306,0.00160437607758601,0.0286222431390812,0.582706921636329
GSE39582,75,8,0.161490683229814,0.00480903871273641,0.109949616279455,0.251648687009658
GSE39582,76,12,0.00319432120674357,2.24130571503389e-05,0.974802585874519,0.876601078729317
GSE39582,77,5,0.0095829636202307,0.00075814592325435,0.924661548089948,0.566252637701887
GSE39582,78,5,-0.0305235137533275,0.00108695381706841,0.763455564579886,0.69673440151108
GSE39582,79,12,0.0266193433895297,0.00345064833738307,0.793009628423963,0.167094782086261
GSE39582,80,12,0.108606921029281,0.000262199287475062,0.283674688597129,0.780141298962366
GSE39582,81,3,0.00922803904170366,-4.59922856788642e-05,0.92733700171601,0.879741184602672
GSE39582,82,20,0.0741792369121562,3.91032377357048e-05,0.460992204031765,0.903105076079737
GSE39582,83,20,0.03868677905945,-2.14056831661091e-05,0.702845496380295,0.941137615103532
GSE39582,84,20,-0.0596273291925465,-0.000389291501861289,0.556534329678784,0.534915896279292
GSE39582,85,3,0.0060337178349601,0.00138865911515718,0.952573616282658,0.461442506011355
GSE39582,86,3,0.183496007098492,0.00199595027833277,0.0689032087382508,0.41400373193345
GSE39582,87,3,0.112866015971606,0.00104611828350704,0.265197450551689,0.724939532655696
GSE39582,88,12,0.0880212954747116,0.00422114402637463,0.385108117398082,0.153444491625099
GSE39582,89,20,0.0195208518189885,4.00674617381247e-05,0.847009516796806,0.934630375607638
GSE39582,90,3,-0.0635314995563443,0.000693158884421397,0.530967943362853,0.442152147593493
GSE39582,91,12,0.0887311446317658,0.00361996159747713,0.381081068377738,0.239891786078467
GSE39582,92,3,0.20301685891748,0.012921083599501,0.0443069296670224,0.0355293565532173
GSE39582,93,12,0.0851818988464951,0.00218556189012614,0.3994946967699,0.386117663050912
GSE39582,94,3,0.150488021295475,0.00570932168628252,0.136504585585728,0.178321849376423
GSE39582,95,3,0.260514640638864,0.0140075306590412,0.00962362429482488,0.0141757987938931
GSE39582,96,8,0.248092280390417,0.00310642060484839,0.0137404442209643,0.123780418955148
GSE39582,97,3,0.116415261756877,0.000944211299583497,0.250036502507932,0.500801143671595
GSE39582,98,12,0.0791481810115351,0.00321586254987311,0.434063761413557,0.347219975128143
GSE39582,99,12,0.138420585625555,0.00123265584486248,0.170606253084071,0.3490847503984
GSE39582,100,5,-0.0347826086956521,-1.31459437142101e-05,0.731671914751615,0.926029921608878
GSE72970,1,20,0.333333333333333,0.174602857453974,0.407625947702781,0.0134705877183257
GSE72970,2,20,0.333333333333333,0.0629927059533065,0.407625947702781,0.257693482568071
GSE72970,3,20,-0.166666666666667,-0.0046985334829146,0.682045658935008,0.841591372376888
GSE72970,4,3,-0.166666666666667,-0.00764448003296681,0.675546452954472,0.651214693485662
GSE72970,5,20,0.583333333333333,0.0748059669242207,0.137440941047877,0.0209671633740194
GSE72970,6,5,0,0.00896577559140788,1,0.408063166691878
GSE72970,7,8,0.416666666666667,0.0627466978502879,0.294064854653461,0.173152066712052
GSE72970,8,20,0.416666666666667,0.0386541437100088,0.294064854653461,0.174124302764193
GSE72970,9,3,1,0.0299006183427317,0.0010908351761254,0.0599614008333367
GSE72970,10,5,0.416666666666667,0.10678095211465,0.257009094845473,0.00476678032617617
GSE72970,11,12,0.833333333333333,0.152590191072591,0.00717385249133162,0.00908750385362089
GSE72970,12,12,0.416666666666667,0.0542909792333739,0.294064854653461,0.305428383173596
GSE72970,13,20,0.916666666666667,0.121578290325522,0.0104571928388784,0.0194878075798948
GSE72970,14,12,0.833333333333333,0.0363612473630837,0.00717385249133162,0.0811128126914884
GSE72970,15,20,0.333333333333333,0.149236708805379,0.407625947702781,0.0394059201610877
GSE72970,16,3,0.583333333333333,0.0287586130327395,0.112538886822186,0.0635156056860817
GSE72970,17,20,0.0833333333333333,0.00513193492048569,0.833785352308704,0.522379740575343
GSE72970,18,12,0.166666666666667,-0.00315555150566416,0.668632318557156,0.837097035941172
GSE72970,19,3,0.166666666666667,0.0371375830340636,0.675546452954472,0.483535470004987
GSE72970,20,5,0,-0.018515687333253,1,0.644459297368493
GSE72970,21,12,0.75,0.0368146348656453,0.015685089789788,0.190461820590569
GSE72970,22,8,-0.666666666666667,-0.0057311232238908,0.0314816121858903,0.270896379922387
GSE72970,23,8,-0.25,0.0430162651567365,0.530495341237089,0.248583695425442
GSE72970,24,12,0.666666666666667,0.0520783195764801,0.0688450446075202,0.156624769231213
GSE72970,25,5,0.416666666666667,0.0310051770470118,0.294064854653461,0.316485724466699
GSE72970,26,3,0.25,0.0234548428000453,0.537093978442642,0.416285788149558
GSE72970,27,20,-0.333333333333333,-0.000616028858369533,0.402538536851876,0.566120124335174
GSE72970,28,12,0.25,0.000953389792401671,0.537093978442642,0.937260974256874
GSE72970,29,5,0.416666666666667,0.0804701253840788,0.294064854653461,0.0263987127580703
GSE72970,30,5,0.833333333333333,0.1332463070078,0.0212065877076333,0.042076096003226
GSE72970,31,5,0,0.028340155527486,1,0.276285638051003
GSE72970,32,12,0.583333333333333,0.0283228532746918,0.112538886822186,0.371775683347995
GSE72970,33,20,0.5,0.0368063993064798,0.205903210732068,0.143618687864854
GSE72970,34,3,0,0.00145975991357927,1,0.867717994445819
GSE72970,35,8,0,0.0181855996233328,1,0.448759088415058
GSE72970,36,8,-0.166666666666667,0.00148451334708943,0.682045658935008,0.690944595368811
GSE72970,37,5,0.416666666666667,0.00518860423962031,0.257009094845473,0.454516848609708
GSE72970,38,5,0.166666666666667,0.0265122573852798,0.682045658935008,0.499697865388883
GSE72970,39,12,0.916666666666667,0.0965451508261538,0.00296846954118091,0.0210867357794444
GSE72970,40,20,0.583333333333333,0.0479223011237422,0.112538886822186,0.0346163925645069
GSE72970,41,12,0.666666666666667,0.0534447473678318,0.086877633339516,0.0630005926314747
GSE72970,42,20,0.416666666666667,0.0769466052244591,0.294064854653461,0.119942324648716
GSE72970,43,8,-0.0833333333333333,-0.00618089502475439,0.833785352308704,0.81495027052619
GSE72970,44,8,0.666666666666667,0.0862786834432469,0.0688450446075202,0.0615372022480254
GSE72970,45,20,-0.0833333333333333,0.0217938430502561,0.833785352308704,0.526807640751953
GSE72970,46,3,-0.333333333333333,0.00532298880110682,0.36297143233983,0.780237333828836
GSE72970,47,20,0.333333333333333,0.132505492365671,0.402538536851876,0.00112289574363711
GSE72970,48,5,0.75,0.0533837859514038,0.0395917632366904,0.133869095415394
GSE72970,49,8,0,0.00187626001474583,1,0.689206237050251
GSE72970,50,3,1.16666666666667,0.101808279715701,9.30503358145263e-05,0.017453083188081
GSE72970,51,5,0.0833333333333333,0.123405242274862,0.831952288707459,0.0850080702156904
GSE72970,52,8,1,0.127269760924726,0.0010908351761254,0.000346851866649844
GSE72970,53,8,1,0.125822717828401,0.00467773498104718,0.00460111112189621
GSE72970,54,8,0.333333333333333,0.0427860668597504,0.402538536851876,0.281995951730618
GSE72970,55,8,0.583333333333333,0.0793615110167003,0.112538886822186,0.0699099233279157
GSE72970,56,8,0.75,0.0796117183874413,0.0395917632366904,0.0827803159117067
GSE72970,57,8,0.75,0.059309797806308,0.0395917632366904,0.0671413792361164
GSE72970,58,3,-0.166666666666667,0.00826741743557702,0.675546452954472,0.245519214852864
GSE72970,59,5,0.25,0.0430132444625347,0.530495341237089,0.184149778430583
GSE72970,60,3,0.416666666666667,0.00425496064094322,0.294064854653461,0.636619027879512
GSE72970,61,8,-0.0833333333333333,-0.00250788670223889,0.838117845210507,0.604839968832607
GSE72970,62,3,0.166666666666667,0.00166497195336179,0.675546452954472,0.878181516734893
GSE72970,63,20,1,0.0250643189376627,0.0010908351761254,0.0921413804097775
GSE72970,64,5,0.583333333333333,0.091326592383281,0.137440941047877,0.102296915219696
GSE72970,65,3,0.5,0.00774730678372126,0.174231388248025,0.295103625974976
GSE72970,66,3,1.08333333333333,0.0472901387161011,1.00536121205863e-07,8.3645958518952e-05
GSE72970,67,5,0.5,0.00778828925587416,0.174231388248025,0.545293000650563
GSE72970,68,12,0.25,0.00484430151774984,0.492716677227088,0.565065704837045
GSE72970,69,8,0.416666666666667,-1.89906059882006e-05,0.294064854653461,0.99071909638877
GSE72970,70,8,0.583333333333333,0.0400590218995855,0.112538886822186,0.251068053198422
GSE72970,71,12,0.25,0.00896293899436829,0.530495341237089,0.30402089812006
GSE72970,72,5,0.166666666666667,0.0535492522198207,0.682045658935008,0.276926015784604
GSE72970,73,5,0.583333333333333,0.0450802417501358,0.112538886822186,0.0555116594996239
GSE72970,74,12,-0.166666666666667,0.0118218554236271,0.675546452954472,0.743043133173658
GSE72970,75,8,0.833333333333333,0.0973296104054691,0.00717385249133162,0.00516485038407621
GSE72970,76,12,0,0.00916594111131452,1,0.555473689594657
GSE72970,77,5,0.333333333333333,0.0520779414003562,0.407625947702781,0.125467439178913
GSE72970,78,5,0.5,0.00350678477794331,0.205903210732068,0.695359622844272
GSE72970,79,12,0.25,0.0517186318882983,0.530495341237089,0.191897636948567
GSE72970,80,12,0.25,0.0697341672839572,0.537093978442642,0.326962582725845
GSE72970,81,3,-0.333333333333333,-0.0140397759338786,0.402538536851876,0.31573089832212
GSE72970,82,20,0.75,0.0638783162221438,0.0395917632366904,0.0849033567015687
GSE72970,83,20,0.0833333333333333,0.00351583343277229,0.838117845210507,0.559704831111959
GSE72970,84,20,0,0.000290184817340111,1,0.574326942050475
GSE72970,85,3,0.333333333333333,0.0432050736948186,0.402538536851876,0.287913790240432
GSE72970,86,3,-0.0833333333333333,0.0182733144452484,0.838117845210507,0.45231585746935
GSE72970,87,3,0.416666666666667,0.0204058109140141,0.294064854653461,0.314102191292431
GSE72970,88,12,1.08333333333333,0.123647142492498,1.00536121205863e-07,0.000536380543893822
GSE72970,89,20,0.0833333333333333,0.0100882308800336,0.838117845210507,0.47196951401861
GSE72970,90,3,-0.0833333333333333,-0.00879012751585551,0.833785352308704,0.60943554802205
GSE72970,91,12,0.833333333333333,0.0508529858412294,0.0212065877076333,0.0797696018164644
GSE72970,92,3,0.75,0.0215111250948916,0.015685089789788,0.0599361495507436
GSE72970,93,12,0.833333333333333,0.18046462928657,0.0284597369163107,0.00232006545744223
GSE72970,94,3,0.916666666666667,0.239697141424858,0.0104571928388784,0.000343818291846043
GSE72970,95,3,0,0.00637237348380693,1,0.262640890120909
GSE72970,96,8,-0.333333333333333,0.013265993034362,0.402538536851876,0.650046772780836
GSE72970,97,3,0.0833333333333333,0.0674929229442092,0.833785352308704,0.14062389097445
GSE72970,98,12,0.833333333333333,0.0993636628703707,0.0212065877076333,0.0471968440737467
GSE72970,99,12,0.416666666666667,0.0810838930930057,0.294064854653461,0.0754465280248511
GSE72970,100,5,0.833333333333333,0.0178186333289184,0.00717385249133162,0.229426896942637
GSE87211,1,20,0.20460358056266,0.000365594633417871,0.269951296152201,0.763016233443626
GSE87211,2,20,0.0108695652173914,-0.00191168848313403,0.953566545327721,0.52346528409511
GSE87211,3,20,0.302429667519182,0.0125943133292579,0.102245140018365,0.354965976062708
GSE87211,4,3,0.00639386189258312,0.000780182871550489,0.972627286514797,0.591704413635088
GSE87211,5,20,0.300511508951407,0.00337946420903759,0.0990671624997739,0.476218441543018
GSE87211,6,5,-0.0217391304347827,-1.48665777489065e-05,0.907287664478291,0.996420074450295
GSE87211,7,8,0.254475703324808,0.000378045933719734,0.170898542400894,0.877655437489944
GSE87211,8,20,0.219948849104859,0.00126607989834196,0.232384094258391,0.572206766965315
GSE87211,9,3,-0.0281329923273657,0.00375040830738468,0.879961671113476,0.273033384766129
GSE87211,10,5,0.193734015345269,0.00377601907005355,0.296290024776297,0.65361044321575
GSE87211,11,12,0.0741687979539643,0.00366592368374022,0.689361432990908,0.154254427481439
GSE87211,12,12,-0.0850383631713556,0.00456489286062683,0.646757176263157,0.495314323680977
GSE87211,13,20,0.0434782608695652,-0.000305462563317288,0.81580289647545,0.921954903419092
GSE87211,14,12,-0.0479539641943734,0.00144929192537249,0.796972809803367,0.769580725358789
GSE87211,15,20,0.40920716112532,0.0359743748008202,0.0243997216238494,0.00710726878717805
GSE87211,16,3,0.343989769820972,0.015473893279898,0.0588652684481092,0.083549316064047
GSE87211,17,20,-0.0434782608695652,-0.000443579493824259,0.81580289647545,0.496143451084238
GSE87211,18,12,0.258951406649616,0.00613676861382451,0.162240486506521,0.221918253466591
GSE87211,19,3,-0.030690537084399,-0.00300559485805818,0.868569174608908,0.290612947303618
GSE87211,20,5,0.483375959079284,0.0142049442332018,0.00611780521560346,0.0246953525136286
GSE87211,21,12,0.263427109974425,0.010637130391022,0.152441400841931,0.245554409218156
GSE87211,22,8,-0.0108695652173914,0.00115448850245894,0.953566545327721,0.562757643117306
GSE87211,23,8,0.0824808184143222,0.00134602250599367,0.65763014953184,0.787057844550955
GSE87211,24,12,-0.0479539641943734,0.000267767858121104,0.796972809803367,0.937013854578471
GSE87211,25,5,0.167519181585678,0.000406567500768701,0.368364024968478,0.567844828129719
GSE87211,26,3,0.258951406649616,0.0125194944646686,0.162240486506521,0.143022324907224
GSE87211,27,20,0.0671355498721227,-4.06263708733479e-05,0.716797795064438,0.984409839211975
GSE87211,28,12,0.252557544757033,0.00133683222041578,0.170150135809687,0.803742731180081
GSE87211,29,5,0.489769820971867,0.0258340703849324,0.00625939757652572,0.0715499249370053
GSE87211,30,5,0.14769820971867,0.00449275621541542,0.426595511062779,0.507168299055288
GSE87211,31,5,0.381074168797954,-0.000964043972513762,0.0338689343867649,0.717986188223763
GSE87211,32,12,-0.0875959079283887,-0.00119317371716851,0.624744234360014,0.298613108368704
GSE87211,33,20,0.24616368286445,0.0146831107816356,0.176810352894934,0.15368510873536
GSE87211,34,3,0.10230179028133,0.00239500821614078,0.583065872625647,0.529841069107395
GSE87211,35,8,0.104219948849105,0.00620591183503122,0.575283375948613,0.363690731669519
GSE87211,36,8,-0.122122762148338,-0.00012033018413668,0.507242540236098,0.126571190176048
GSE87211,37,5,0.145780051150895,-0.000947839818701945,0.433893290017992,0.844358619947751
GSE87211,38,5,0.20460358056266,0.00032530254660279,0.269951296152201,0.641290560916653
GSE87211,39,12,0.418158567774936,0.00918457925740401,0.0178416655809055,0.0561098296461293
GSE87211,40,20,-0.0262148337595908,0.000571997661514334,0.888146771345752,0.800502784833482
GSE87211,41,12,0.187340153452686,0.000918547182204577,0.309133161020816,0.518878823019191
GSE87211,42,20,0.430946291560102,0.0167606128715028,0.017696126668636,0.0113905288260749
GSE87211,43,8,0.113171355498721,0.00768879288339291,0.543662207790709,0.236438510902899
GSE87211,44,8,-0.0217391304347827,0.000241366812491622,0.907287664478291,0.900326177278925
GSE87211,45,20,0.413682864450128,0.0169242066427527,0.0211954338602018,0.0319481833090443
GSE87211,46,3,0.2653452685422,0.00538049190535334,0.153204860876381,0.402449222087073
GSE87211,47,20,0.124040920716113,0.00583748060175338,0.505616416464184,0.207538586657213
GSE87211,48,5,0.0760869565217391,0.000635606911295522,0.683434807522859,0.785210629219927
GSE87211,49,8,-0.0696930946291561,0.00944107523437318,0.708482856996633,0.192369743330266
GSE87211,50,3,0.0959079283887468,0.0109083208374174,0.60527915760524,0.113079859150155
GSE87211,51,5,0.0127877237851662,0.00168098274619022,0.944989651647055,0.611530210983984
GSE87211,52,8,0.221867007672634,-0.000297763250261845,0.23296369125531,0.857743660026691
GSE87211,53,8,0.354859335038363,0.0104795278349003,0.0512607360405857,0.0273903552344432
GSE87211,54,8,0.213554987212276,0.00148869865087331,0.241293752906036,0.181988117818668
GSE87211,55,8,-0.030690537084399,0.0016363752641943,0.868569174608908,0.505004162091557
GSE87211,56,8,0.278772378516624,0.000310059563125353,0.126071377029081,0.697655166652428
GSE87211,57,8,-0.104859335038363,0.000301143700155021,0.564523960141135,0.875946264151452
GSE87211,58,3,0.0153452685421995,0.000803580101874007,0.934378896807412,0.646693856262384
GSE87211,59,5,0.237212276214834,0.00419008033388121,0.200659754304296,0.551328834886726
GSE87211,60,3,0.156649616368286,0.00896815608898771,0.400332880180816,0.284336323342014
GSE87211,61,8,-0.0696930946291561,0.00057892550362651,0.708482856996633,0.742922633706027
GSE87211,62,3,0.16304347826087,0.00720898507480548,0.381444910195479,0.396194041307761
GSE87211,63,20,-0.0696930946291561,-0.000238047691790227,0.708482856996633,0.559754937882276
GSE87211,64,5,0.221867007672634,0.00947527390948016,0.23296369125531,0.151375104610129
GSE87211,65,3,0.100383631713555,0.000151197696915351,0.585605031125836,0.82532464641334
GSE87211,66,3,0.141304347826087,0.0011646149759475,0.448363505905073,0.343660892681304
GSE87211,67,5,-0.176470588235294,9.77708968002977e-06,0.338050533519193,0.969045099004005
GSE87211,68,12,0.215473145780051,0.00435898200862458,0.245249576359539,0.514464791270621
GSE87211,69,8,0.130434782608696,0.0139768103521735,0.484136191372087,0.131043169172716
GSE87211,70,8,0.381074168797954,0.0195954461765697,0.0338689343867649,0.102237535152667
GSE87211,71,12,0.187340153452686,0.00529690855061843,0.309133161020816,0.40701714464076
GSE87211,72,5,0.311381074168798,0.0042135865955083,0.0874015503618704,0.218740903658341
GSE87211,73,5,-0.0262148337595908,0.00173793036418857,0.888146771345752,0.263607519405981
GSE87211,74,12,0.039002557544757,0.00652517666382943,0.834137142223655,0.366052757648928
GSE87211,75,8,0.0716112531969309,-0.000474717379514461,0.700464308322574,0.546260573265654
GSE87211,76,12,-0.0677749360613811,-0.00042515754330083,0.712660373945451,0.792618197549059
GSE87211,77,5,0.285166240409207,0.00678805099869301,0.121242703969541,0.341370895189177
GSE87211,78,5,0.130434782608696,0.00343682593602573,0.484136191372087,0.697945714746133
GSE87211,79,12,-0.132992327365729,0.000503638348230723,0.470233850232171,0.80087938993017
GSE87211,80,12,0.20460358056266,0.00214872132743441,0.269951296152201,0.258600956242653
GSE87211,81,3,0.239769820971867,0.0110736936783667,0.18207294552639,0.105728803512382
GSE87211,82,20,0.0172634271099744,0.000817065462430378,0.926175932476869,0.699851847898526
GSE87211,83,20,0.128516624040921,-1.48704375158848e-05,0.488607982783466,0.581122137517937
GSE87211,84,20,0.350383631713555,0.00439656228130839,0.0565479854006656,0.22144134067106
GSE87211,85,3,0.128516624040921,0.00428044469762354,0.488607982783466,0.337997780375195
GSE87211,86,3,0.161125319693095,0.00102823434534047,0.385196653800733,0.585137036025042
GSE87211,87,3,-0.00447570332480818,-0.000706746641192413,0.98083913147714,0.292898255406846
GSE87211,88,12,-0.0652173913043478,0.000181148277903054,0.726725773403242,0.520382123391034
GSE87211,89,20,-0.0895140664961637,2.26214960344362e-05,0.626790723141144,0.8025107000734
GSE87211,90,3,0.134910485933504,0.000727148673678762,0.469005240233724,0.279509083463158
GSE87211,91,12,0.145780051150895,0.00303935267686237,0.433893290017992,0.523717063420913
GSE87211,92,3,0.124040920716113,-0.000257519183786414,0.505616416464184,0.529328637213711
GSE87211,93,12,0.00447570332480818,0.0041987825447333,0.98083913147714,0.347735409020102
GSE87211,94,3,0.145780051150895,0.00340950699760029,0.433893290017992,0.369673128140031
GSE87211,95,3,0.274296675191816,0.00246477586378069,0.136159696455756,0.692824221352642
GSE87211,96,8,-0.0127877237851662,0.000428789979275368,0.944989651647055,0.868878578438094
GSE87211,97,3,-0.0198209718670077,0.000611766625946447,0.914878617008464,0.85325121860264
GSE87211,98,12,0.030690537084399,0.00405356491392403,0.868569174608908,0.0375054606083318
GSE87211,99,12,0.173913043478261,-0.000998881820289066,0.350379152782374,0.817670080351264
GSE87211,100,5,-0.0262148337595908,7.61698171998504e-05,0.888146771345752,0.976266360927633
