cohort,sig_id,n_gene,n_measured,n_case,n_ctrl,NRI_cv,NRI_cv_z,NRI_cv_p,IDI_cv,IDI_cv_z,IDI_cv_p
GSE17536,SIG018,9,9,67,52,0.4891,2.7712,0.005584,0.02103,1.4324,0.152
GSE17536,SIG028,4,4,67,52,0.3949,2.1831,0.02903,0.021,1.1644,0.2443
GSE17536,SIG038,3,3,67,52,0.3863,2.1305,0.03313,0.02743,2.1198,0.03402
GSE17536,SIG064,3,3,67,52,0.3054,1.6799,0.09298,0.00349,0.5075,0.6118
GSE17536,SIG082,6,6,67,52,0.3697,2.0893,0.03668,0.00995,0.7896,0.4297
GSE17536,SIG084,15,15,67,52,0.4036,2.2388,0.02517,0.00534,0.4271,0.6693
GSE17536,SIG089,5,5,67,52,0.5402,3.0538,0.00226,-0.00604,-0.4281,0.6686
GSE17536,SIG095,18,16,67,52,0.6211,3.5352,0.0004074,0.03112,1.8498,0.06435
GSE17536,SIG113,10,10,67,52,0.4506,2.5314,0.01136,0.01073,0.7054,0.4805
GSE17536,SIG114,20,18,67,52,0.2882,1.5761,0.115,0.01374,0.9028,0.3666
GSE17536,SIG118,15,14,67,52,0.0873,0.4757,0.6343,-4e-05,-0.0047,0.9962
GSE17536,SIG124,4,4,67,52,0.446,2.4748,0.01333,0.03427,1.7852,0.07422
GSE17536,SIG130,9,9,67,52,0.2755,1.5145,0.1299,0.0091,0.661,0.5086
GSE17536,SIG136,9,9,67,52,0.5488,3.1215,0.001799,0.02149,1.374,0.1694
GSE17536,SIG143,6,6,67,52,0.1263,0.6955,0.4867,-0.00437,-1.7084,0.08757
GSE17536,SIG148,8,6,67,52,0.4334,2.4093,0.01598,0.00321,0.2297,0.8183
GSE17536,SIG154,3,3,67,52,0.4719,2.6406,0.008276,0.0052,0.3963,0.6919
GSE17536,SIG157,5,5,67,52,0.3949,2.1831,0.02903,0.00429,0.4988,0.6179
GSE17536,SIG163,4,4,67,52,0.4506,2.5314,0.01136,0.03248,2.0692,0.03853
GSE17536,SIG164,4,4,67,52,0.3525,1.961,0.04988,0.0119,0.9309,0.3519
GSE17536,SIG165,5,5,67,52,0.4845,2.7012,0.006908,0.03951,2.1516,0.03143
GSE17536,SIG168,9,9,67,52,0.4248,2.3538,0.01858,0.01871,1.0959,0.2731
GSE17536,SIG180,5,5,67,52,0.3266,1.7933,0.07292,0.01286,0.7401,0.4592
GSE17536,SIG181,5,5,67,52,0.3519,1.9471,0.05152,0.0178,0.8561,0.392
GSE17536,SIG186,19,18,67,52,0.3651,2.014,0.04401,0.00188,0.1339,0.8935
GSE17536,SIG200,3,3,67,52,0.5614,3.1696,0.001527,0.01114,0.7647,0.4444
GSE17536,SIG201,4,3,67,52,0.2325,1.269,0.2044,0.01167,0.9634,0.3354
GSE17536,SIG208,7,6,67,52,-0.1814,-0.9855,0.3244,-0.00582,-2.2224,0.02625
GSE17536,SIG210,13,13,67,52,0.5528,3.1117,0.00186,0.02395,1.4311,0.1524
GSE17536,SIG211,4,4,67,52,-0.1728,-0.939,0.3477,-0.00319,-1.0572,0.2904
GSE17536,SIG224,3,3,67,52,0.3439,1.9021,0.05715,0.0181,1.7347,0.08279
GSE17536,SIG235,6,6,67,52,0.3777,2.0808,0.03745,0.04504,2.0865,0.03694
GSE17536,SIG236,5,5,67,52,0.3312,1.856,0.06345,0.0082,0.6187,0.5361
GSE17536,SIG247,3,3,67,52,0.0706,0.3837,0.7012,0.01244,0.9431,0.3457
GSE17536,SIG252,3,3,67,52,0.1045,0.5667,0.5709,-0.00027,-0.0284,0.9773
GSE17536,SIG253,3,3,67,52,0.194,1.0586,0.2898,0.00654,0.373,0.7091
GSE17536,SIG264,6,6,67,52,0.5189,2.9454,0.003225,0.02237,1.2868,0.1982
GSE17536,SIG265,7,7,67,52,0.5316,2.9909,0.002781,0.02654,1.4671,0.1423
GSE17536,SIG278,5,5,67,52,0.0063,0.0342,0.9727,-0.00181,-0.3843,0.7008
GSE17536,SIG284,3,3,67,52,0.6171,3.5539,0.0003796,0.02613,1.4428,0.1491
GSE17536,SIG287,3,3,67,52,0.2285,1.2461,0.2127,0.00765,0.6764,0.4988
GSE17536,SIG290,3,3,67,52,-0.0017,-0.0095,0.9924,-0.00648,-2.0283,0.04253
GSE17536,SIG291,3,3,67,52,0.3398,1.9215,0.05467,0.01034,0.902,0.3671
GSE17536,SIG308,5,5,67,52,0.4122,2.2979,0.02157,0.01726,1.1817,0.2373
GSE17536,SIG309,3,3,67,52,0.5402,3.0538,0.00226,0.02996,1.7984,0.07212
GSE17536,SIG316,10,10,67,52,0.6039,3.427,0.0006104,0.02573,1.5705,0.1163
GSE17536,SIG325,3,3,67,52,0.1217,0.6599,0.5093,-0.00235,-0.2796,0.7798
GSE17536,SIG327,3,2,67,52,0.3949,2.1831,0.02903,0.0109,0.7256,0.4681
GSE17536,SIG329,5,4,67,52,-0.1768,-0.9721,0.331,-0.0051,-1.5037,0.1326
GSE17536,SIG332,3,3,67,52,0.438,2.4994,0.01244,0.00824,0.6739,0.5004
GSE17537,SIG018,9,9,20,15,0.0333,0.0979,0.922,0.04138,1.0652,0.2868
GSE17537,SIG028,4,4,20,15,0.3667,1.0963,0.273,-0.02467,-0.637,0.5241
GSE17537,SIG038,3,3,20,15,0.5,1.511,0.1308,0.04438,1.4043,0.1602
GSE17537,SIG064,3,3,20,15,0.7,2.1972,0.02801,0.06931,0.9517,0.3412
GSE17537,SIG082,6,6,20,15,0.4,1.1952,0.232,0.0026,0.0641,0.9489
GSE17537,SIG084,15,15,20,15,-0.0667,-0.1954,0.8451,-0.02475,-0.9339,0.3503
GSE17537,SIG089,5,5,20,15,-0.2,-0.5923,0.5536,-0.01381,-1.109,0.2674
GSE17537,SIG095,18,16,20,15,0.2333,0.6976,0.4854,0.02156,0.3906,0.6961
GSE17537,SIG113,10,10,20,15,-0.5667,-1.7583,0.0787,-0.04276,-2.9217,0.003481
GSE17537,SIG114,20,18,20,15,-0.2667,-0.7885,0.4304,-0.0168,-1.8256,0.0679
GSE17537,SIG118,15,14,20,15,0.9667,3.2285,0.001244,0.10247,1.7014,0.08887
GSE17537,SIG124,4,4,20,15,0.3,0.9416,0.3464,-0.02602,-0.6846,0.4936
GSE17537,SIG130,9,9,20,15,0.2667,0.7885,0.4304,-0.01958,-0.477,0.6334
GSE17537,SIG136,9,9,20,15,0.1667,0.4896,0.6244,-0.02155,-0.9119,0.3618
GSE17537,SIG143,6,6,20,15,-0.1333,-0.3943,0.6934,-0.02004,-1.0214,0.3071
GSE17537,SIG148,8,6,20,15,0.4,1.1952,0.232,0.04235,1.1171,0.264
GSE17537,SIG154,3,3,20,15,-0.3,-0.8905,0.3732,-0.03834,-1.684,0.09219
GSE17537,SIG157,5,5,20,15,-0.8,-2.6568,0.007888,-0.0177,-1.5409,0.1233
GSE17537,SIG163,4,4,20,15,0.0667,0.1954,0.8451,-0.01994,-0.8293,0.4069
GSE17537,SIG164,4,4,20,15,0.1667,0.4896,0.6244,-0.01189,-0.3592,0.7194
GSE17537,SIG165,5,5,20,15,-0.4,-1.1952,0.232,-0.00195,-0.3501,0.7262
GSE17537,SIG168,9,9,20,15,0.3333,1.0084,0.3132,-0.02114,-0.4843,0.6282
GSE17537,SIG180,5,5,20,15,0.0667,0.1954,0.8451,-0.00578,-0.2402,0.8101
GSE17537,SIG181,5,5,20,15,0.0667,0.1954,0.8451,-0.00998,-1.0897,0.2758
GSE17537,SIG186,19,18,20,15,-0.0667,-0.1954,0.8451,-0.0221,-1.4506,0.1469
GSE17537,SIG200,3,3,20,15,0.2667,0.7885,0.4304,0.02589,0.5393,0.5897
GSE17537,SIG201,4,3,20,15,0.9667,3.2285,0.001244,0.09224,2.7137,0.006653
GSE17537,SIG208,7,6,20,15,0.5667,1.7774,0.07551,0.018,0.4367,0.6623
GSE17537,SIG210,13,13,20,15,0.1333,0.3943,0.6934,-0.00846,-0.1835,0.8544
GSE17537,SIG211,4,4,20,15,0.2,0.5923,0.5536,0.00026,0.011,0.9912
GSE17537,SIG224,3,3,20,15,-0.2,-0.5923,0.5536,-0.01451,-0.8905,0.3732
GSE17537,SIG235,6,6,20,15,-0.4667,-1.4176,0.1563,0.00029,0.0254,0.9797
GSE17537,SIG236,5,5,20,15,0.2333,0.7075,0.4792,0.05751,1.609,0.1076
GSE17537,SIG247,3,3,20,15,0.3,0.8905,0.3732,0.00819,0.2188,0.8268
GSE17537,SIG252,3,3,20,15,0.8333,2.9405,0.003277,0.10532,1.9056,0.05671
GSE17537,SIG253,3,3,20,15,0.2333,0.6976,0.4854,-0.02986,-1.3013,0.1931
GSE17537,SIG264,6,6,20,15,0.1333,0.3943,0.6934,-0.01105,-0.3161,0.7519
GSE17537,SIG265,7,7,20,15,-0.3333,-1.0084,0.3132,-0.01484,-0.7137,0.4754
GSE17537,SIG278,5,5,20,15,-0.1333,-0.3943,0.6934,-0.01472,-1.9085,0.05633
GSE17537,SIG284,3,3,20,15,0.2667,0.7885,0.4304,0.00421,0.1847,0.8535
GSE17537,SIG287,3,3,20,15,0.4,1.1952,0.232,-0.02216,-0.4402,0.6598
GSE17537,SIG290,3,3,20,15,0.1667,0.4896,0.6244,0.01985,0.7035,0.4818
GSE17537,SIG291,3,3,20,15,0.4,1.1952,0.232,0.02036,0.8337,0.4044
GSE17537,SIG308,5,5,20,15,0.3,0.8905,0.3732,-0.03253,-1.3224,0.186
GSE17537,SIG309,3,3,20,15,0.1333,0.3943,0.6934,-0.01124,-0.5193,0.6036
GSE17537,SIG316,10,10,20,15,0.4667,1.4176,0.1563,0.02383,0.3877,0.6982
GSE17537,SIG325,3,3,20,15,0.7667,2.4534,0.01415,0.04281,0.7285,0.4663
GSE17537,SIG327,3,2,20,15,0.2667,0.7885,0.4304,0.0256,0.481,0.6305
GSE17537,SIG329,5,4,20,15,0.3,0.8905,0.3732,0.07466,1.4651,0.1429
GSE17537,SIG332,3,3,20,15,-0.1667,-0.4896,0.6244,-0.01732,-1.2659,0.2056
GSE29621,SIG018,9,9,23,16,0.6793,2.2257,0.02603,0.00401,0.164,0.8697
GSE29621,SIG028,4,4,23,16,0.4674,1.4779,0.1394,-0.00218,-0.0846,0.9326
GSE29621,SIG038,3,3,23,16,0.2446,0.7875,0.431,-0.01158,-0.5395,0.5895
GSE29621,SIG064,3,3,23,16,0.5543,1.7704,0.07666,0.04787,1.3145,0.1887
GSE29621,SIG082,6,6,23,16,0.2554,0.7911,0.4289,0.00334,0.1559,0.8761
GSE29621,SIG084,15,15,23,16,0.1196,0.3756,0.7072,-0.00959,-0.9048,0.3656
GSE29621,SIG089,5,5,23,16,0.2174,0.6743,0.5001,-0.00553,-0.4331,0.6649
GSE29621,SIG095,18,16,23,16,0.3804,1.1951,0.232,0.04938,1.3271,0.1845
GSE29621,SIG113,10,10,23,16,0.0815,0.2517,0.8013,-0.00902,-0.4407,0.6594
GSE29621,SIG114,20,18,23,16,0.6413,2.0761,0.03788,0.05428,0.9567,0.3387
GSE29621,SIG118,15,14,23,16,0.0054,0.0168,0.9866,0.02999,0.8837,0.3769
GSE29621,SIG124,4,4,23,16,0.8533,2.8888,0.003867,0.0902,1.6543,0.09808
GSE29621,SIG130,9,9,23,16,0.2935,0.919,0.3581,-0.00679,-0.2812,0.7786
GSE29621,SIG136,9,9,23,16,-0.1685,-0.5201,0.603,-0.00332,-0.1246,0.9008
GSE29621,SIG143,6,6,23,16,0.0054,0.0168,0.9866,0.0123,0.5489,0.5831
GSE29621,SIG148,8,6,23,16,0.3424,1.0671,0.2859,0.01365,0.5488,0.5831
GSE29621,SIG154,3,3,23,16,0.4674,1.4779,0.1394,0.03287,0.7757,0.4379
GSE29621,SIG157,5,5,23,16,0.5652,1.8626,0.06252,0.12596,2.6097,0.009063
GSE29621,SIG163,4,4,23,16,0.4674,1.4779,0.1394,0.02308,0.6492,0.5162
GSE29621,SIG164,4,4,23,16,0.4185,1.3429,0.1793,-0.00827,-0.2951,0.7679
GSE29621,SIG165,5,5,23,16,-0.3424,-1.0671,0.2859,-0.00514,-1.1265,0.26
GSE29621,SIG168,9,9,23,16,0.3804,1.1951,0.232,-0.00448,-0.2723,0.7854
GSE29621,SIG180,5,5,23,16,-0.5272,-1.7924,0.07308,-0.01274,-1.233,0.2176
GSE29621,SIG181,5,5,23,16,0.5163,1.6464,0.09968,0.06778,1.5187,0.1288
GSE29621,SIG186,19,18,23,16,0.4674,1.4779,0.1394,-0.01837,-0.8353,0.4036
GSE29621,SIG200,3,3,23,16,0.5163,1.6464,0.09968,-0.00778,-0.3663,0.7141
GSE29621,SIG201,4,3,23,16,0.3913,1.2416,0.2144,0.03349,0.811,0.4173
GSE29621,SIG208,7,6,23,16,0.1685,0.5201,0.603,-0.00674,-0.5266,0.5985
GSE29621,SIG210,13,13,23,16,0.4674,1.4779,0.1394,0.00414,0.1395,0.889
GSE29621,SIG211,4,4,23,16,-0.1685,-0.5201,0.603,-0.01444,-1.5753,0.1152
GSE29621,SIG224,3,3,23,16,0.6793,2.2257,0.02603,0.02439,0.8172,0.4138
GSE29621,SIG235,6,6,23,16,0.6033,1.9567,0.05039,0.08198,1.5343,0.125
GSE29621,SIG236,5,5,23,16,0.6304,2.106,0.03521,0.05508,1.5333,0.1252
GSE29621,SIG247,3,3,23,16,0.0815,0.2517,0.8013,0.01952,0.4983,0.6183
GSE29621,SIG252,3,3,23,16,0.4674,1.4779,0.1394,0.00842,0.2719,0.7857
GSE29621,SIG253,3,3,23,16,0.6413,2.0761,0.03788,0.12804,1.7867,0.07399
GSE29621,SIG264,6,6,23,16,0.4185,1.3429,0.1793,0.01942,0.568,0.57
GSE29621,SIG265,7,7,23,16,0.5163,1.6464,0.09968,0.01265,0.377,0.7062
GSE29621,SIG278,5,5,23,16,1.0272,3.6616,0.0002507,0.16073,3.2405,0.001193
GSE29621,SIG284,3,3,23,16,0.4185,1.3429,0.1793,0.00182,0.0623,0.9504
GSE29621,SIG287,3,3,23,16,0.2935,0.919,0.3581,-0.00354,-0.239,0.8111
GSE29621,SIG290,3,3,23,16,0.4185,1.3429,0.1793,-0.00611,-0.1628,0.8707
GSE29621,SIG291,3,3,23,16,0.2065,0.6467,0.5178,-0.01182,-1.2642,0.2062
GSE29621,SIG308,5,5,23,16,0.2935,0.919,0.3581,-0.00192,-0.0824,0.9343
GSE29621,SIG309,3,3,23,16,0.6793,2.2257,0.02603,0.04293,1.1357,0.2561
GSE29621,SIG316,10,10,23,16,0.6413,2.0761,0.03788,0.03836,0.8435,0.3989
GSE29621,SIG325,3,3,23,16,0.4565,1.5195,0.1286,-0.01151,-0.6137,0.5394
GSE29621,SIG327,3,2,23,16,0.3424,1.0671,0.2859,0.05547,1.1357,0.2561
GSE29621,SIG329,5,4,23,16,0.1304,0.4021,0.6876,-0.0215,-0.9141,0.3607
GSE29621,SIG332,3,3,23,16,0.0326,0.1031,0.9179,-0.01088,-0.9753,0.3294
GSE38832,SIG018,9,9,26,27,0.4188,1.5673,0.117,0.02402,1.3143,0.1887
GSE38832,SIG028,4,4,26,27,0.3362,1.2461,0.2127,0.00217,0.3274,0.7433
GSE38832,SIG038,3,3,26,27,-0.4872,-1.8352,0.06648,-0.01314,-2.1728,0.0298
GSE38832,SIG064,3,3,26,27,0.3447,1.2865,0.1983,0.00882,0.8727,0.3828
GSE38832,SIG082,6,6,26,27,0.2678,0.9885,0.3229,0.00302,0.316,0.752
GSE38832,SIG084,15,15,26,27,0.567,2.1526,0.03135,0.00645,1.028,0.304
GSE38832,SIG089,5,5,26,27,0.0427,0.157,0.8753,0.00045,0.081,0.9354
GSE38832,SIG095,18,16,26,27,0.3447,1.2865,0.1983,-0.00093,-0.0748,0.9404
GSE38832,SIG113,10,10,26,27,0.0342,0.125,0.9005,-0.00312,-0.1453,0.8845
GSE38832,SIG114,20,18,26,27,0.3419,1.2654,0.2057,0.01174,0.6679,0.5042
GSE38832,SIG118,15,14,26,27,-0.4872,-1.8352,0.06648,-0.00259,-0.4986,0.6181
GSE38832,SIG124,4,4,26,27,0.1937,0.7151,0.4746,0.00429,0.4833,0.6289
GSE38832,SIG130,9,9,26,27,-0.4786,-1.8943,0.05818,-8e-05,-0.0178,0.9858
GSE38832,SIG136,9,9,26,27,-0.4957,-1.8824,0.05978,-0.00029,-0.0934,0.9256
GSE38832,SIG143,6,6,26,27,-0.2507,-0.9844,0.3249,-0.00301,-0.3102,0.7564
GSE38832,SIG148,8,6,26,27,0.3476,1.316,0.1882,-0.00447,-0.1876,0.8512
GSE38832,SIG154,3,3,26,27,0.3419,1.2654,0.2057,0.01849,1.2909,0.1967
GSE38832,SIG157,5,5,26,27,0.5698,2.1765,0.02952,0.02496,1.3934,0.1635
GSE38832,SIG163,4,4,26,27,0.5641,2.1423,0.03217,0.00294,0.7026,0.4823
GSE38832,SIG164,4,4,26,27,0.8632,3.5117,0.0004452,0.00522,0.861,0.3892
GSE38832,SIG165,5,5,26,27,0.1937,0.7151,0.4746,-0.00061,-0.0521,0.9584
GSE38832,SIG168,9,9,26,27,0.7179,2.8011,0.005093,0.00706,0.8555,0.3923
GSE38832,SIG180,5,5,26,27,-0.1083,-0.398,0.6906,-0.01159,-1.0222,0.3067
GSE38832,SIG181,5,5,26,27,-0.0313,-0.1157,0.9079,-0.00929,-0.8453,0.398
GSE38832,SIG186,19,18,26,27,-0.3305,-1.257,0.2088,-0.00682,-0.9833,0.3255
GSE38832,SIG200,3,3,26,27,0.49,1.8396,0.06583,0.00168,0.3465,0.7289
GSE38832,SIG201,4,3,26,27,-0.3362,-1.2461,0.2127,-0.00585,-1.1975,0.2311
GSE38832,SIG208,7,6,26,27,0.4217,1.5965,0.1104,0.00268,0.1109,0.9117
GSE38832,SIG210,13,13,26,27,0.5726,2.2148,0.02677,0.00355,0.7932,0.4277
GSE38832,SIG211,4,4,26,27,-0.1795,-0.6761,0.499,0.00082,0.0548,0.9563
GSE38832,SIG224,3,3,26,27,0.3419,1.2654,0.2057,-0.0016,-0.4275,0.669
GSE38832,SIG235,6,6,26,27,-0.0342,-0.125,0.9005,0.00247,0.5777,0.5634
GSE38832,SIG236,5,5,26,27,0.3419,1.2654,0.2057,0.00699,0.3876,0.6983
GSE38832,SIG247,3,3,26,27,0.2764,1.0754,0.2822,-0.00494,-0.2251,0.8219
GSE38832,SIG252,3,3,26,27,0.339,1.2521,0.2105,-0.00358,-0.38,0.7039
GSE38832,SIG253,3,3,26,27,0.0427,0.157,0.8753,-0.00034,-0.0351,0.972
GSE38832,SIG264,6,6,26,27,-0.2479,-1.0083,0.3133,0.00029,0.0281,0.9776
GSE38832,SIG265,7,7,26,27,-0.4131,-1.5385,0.1239,-0.0044,-1.2227,0.2215
GSE38832,SIG278,5,5,26,27,0.1225,0.4611,0.6447,-0.00359,-0.2004,0.8412
GSE38832,SIG284,3,3,26,27,0.188,0.6875,0.4918,-0.00027,-0.0506,0.9597
GSE38832,SIG287,3,3,26,27,0.7151,2.7897,0.005276,0.01096,1.0761,0.2819
GSE38832,SIG290,3,3,26,27,-0.4046,-1.5666,0.1172,-0.00546,-0.3428,0.7317
GSE38832,SIG291,3,3,26,27,0.2678,0.9885,0.3229,0.01293,0.9032,0.3664
GSE38832,SIG308,5,5,26,27,0.6353,2.473,0.0134,0.00034,0.1045,0.9168
GSE38832,SIG309,3,3,26,27,0.641,2.4629,0.01378,0.00163,0.3859,0.6996
GSE38832,SIG316,10,10,26,27,0.943,3.8916,9.958e-05,0.01418,0.8116,0.417
GSE38832,SIG325,3,3,26,27,0.0484,0.1839,0.8541,0.00564,0.4699,0.6384
GSE38832,SIG327,3,2,26,27,-0.188,-0.6875,0.4918,-0.00068,-0.2249,0.822
GSE38832,SIG329,5,4,26,27,0.6439,2.4816,0.01308,0.01719,1.1137,0.2654
GSE38832,SIG332,3,3,26,27,0.1966,0.7357,0.4619,-0.00121,-0.3728,0.7093
GSE39582,SIG018,9,9,161,245,0.0752,0.743,0.4575,0.00309,0.9761,0.329
GSE39582,SIG028,4,4,161,245,0.0791,0.7823,0.4341,0.00635,1.2446,0.2133
GSE39582,SIG038,3,3,161,245,0.0064,0.063,0.9498,0.00059,0.4412,0.6591
GSE39582,SIG064,3,3,161,245,0.2364,2.3464,0.01896,0.00639,1.496,0.1346
GSE39582,SIG082,6,6,161,245,0.1029,1.0234,0.3061,0.00542,1.1805,0.2378
GSE39582,SIG084,15,15,161,245,0.153,1.5155,0.1297,0.0017,0.5388,0.59
GSE39582,SIG089,5,5,161,245,0.1366,1.3524,0.1763,0.01204,1.8997,0.05747
GSE39582,SIG095,18,16,161,245,0.1292,1.276,0.202,0.00217,0.6194,0.5357
GSE39582,SIG113,10,10,161,245,0.1093,1.0798,0.2802,0.00368,1.1138,0.2654
GSE39582,SIG114,20,18,161,245,0.055,0.5427,0.5874,-0.00214,-1.7553,0.0792
GSE39582,SIG118,15,14,161,245,0.2073,2.0536,0.04001,0.00399,1.2668,0.2052
GSE39582,SIG124,4,4,161,245,0.0376,0.3726,0.7094,0.00266,1.0562,0.2909
GSE39582,SIG130,9,9,161,245,0.1856,1.8432,0.0653,0.00246,0.7812,0.4347
GSE39582,SIG136,9,9,161,245,0.0174,0.1719,0.8635,0.00227,0.9817,0.3263
GSE39582,SIG143,6,6,161,245,0.4256,4.2938,1.756e-05,0.05917,4.8961,9.778e-07
GSE39582,SIG148,8,6,161,245,0.2563,2.5465,0.01088,0.00971,1.9633,0.04961
GSE39582,SIG154,3,3,161,245,0.1217,1.2033,0.2289,0.00378,1.3572,0.1747
GSE39582,SIG157,5,5,161,245,0.1661,1.6428,0.1004,0.00893,1.5356,0.1246
GSE39582,SIG163,4,4,161,245,0.1036,1.0255,0.3051,0.00185,0.6421,0.5208
GSE39582,SIG164,4,4,161,245,0.0894,0.9013,0.3674,0.00088,0.4098,0.682
GSE39582,SIG165,5,5,161,245,0.06,0.5918,0.554,0.00058,0.4353,0.6633
GSE39582,SIG168,9,9,161,245,0.1324,1.311,0.1899,0.00432,1.0728,0.2834
GSE39582,SIG180,5,5,161,245,0.1878,1.8629,0.06248,0.00048,0.1687,0.8661
GSE39582,SIG181,5,5,161,245,-0.1388,-1.3764,0.1687,-0.00142,-2.0013,0.04536
GSE39582,SIG186,19,18,161,245,0.2807,2.795,0.005189,0.01438,2.0546,0.03992
GSE39582,SIG200,3,3,161,245,0.0383,0.3783,0.7052,0.00323,0.8626,0.3884
GSE39582,SIG201,4,3,161,245,0.0752,0.743,0.4575,-0.00074,-0.5072,0.612
GSE39582,SIG208,7,6,161,245,0.3052,3.0453,0.002325,0.01537,2.1733,0.02976
GSE39582,SIG210,13,13,161,245,0.1863,1.8452,0.06501,0.00204,0.5675,0.5704
GSE39582,SIG211,4,4,161,245,0.2932,2.9207,0.003493,0.02428,3.0264,0.002475
GSE39582,SIG224,3,3,161,245,0.1232,1.2286,0.2192,0.00578,1.3938,0.1634
GSE39582,SIG235,6,6,161,245,-0.055,-0.5427,0.5874,-0.00076,-1.0518,0.2929
GSE39582,SIG236,5,5,161,245,0.2559,2.545,0.01093,0.00631,1.7036,0.08845
GSE39582,SIG247,3,3,161,245,0.257,2.5541,0.01064,0.01844,2.1571,0.031
GSE39582,SIG252,3,3,161,245,0.006,0.0595,0.9526,-0.00069,-0.7817,0.4344
GSE39582,SIG253,3,3,161,245,-0.1122,-1.1086,0.2676,-0.00155,-1.6631,0.0963
GSE39582,SIG264,6,6,161,245,0.1441,1.4331,0.1518,0.01034,1.6474,0.09948
GSE39582,SIG265,7,7,161,245,0.0632,0.6233,0.5331,0.00187,0.5903,0.555
GSE39582,SIG278,5,5,161,245,-0.076,-0.7492,0.4538,-0.00314,-1.715,0.08634
GSE39582,SIG284,3,3,161,245,0.0614,0.6129,0.5399,0.00753,1.3587,0.1742
GSE39582,SIG287,3,3,161,245,-0.0351,-0.3464,0.729,-2e-04,-0.0705,0.9438
GSE39582,SIG290,3,3,161,245,0.2059,2.0499,0.04038,0.0072,1.4889,0.1365
GSE39582,SIG291,3,3,161,245,0.2431,2.421,0.01548,0.01015,1.6561,0.0977
GSE39582,SIG308,5,5,161,245,0.1657,1.6401,0.101,0.00385,0.9711,0.3315
GSE39582,SIG309,3,3,161,245,0.0674,0.6652,0.5059,0.00091,0.2894,0.7723
GSE39582,SIG316,10,10,161,245,0.1249,1.234,0.2172,0.00815,1.4542,0.1459
GSE39582,SIG325,3,3,161,245,0.2279,2.2601,0.02382,0.02968,3.1923,0.001412
GSE39582,SIG327,3,2,161,245,0.1739,1.7217,0.08512,0.00069,0.5067,0.6124
GSE39582,SIG329,5,4,161,245,-0.0188,-0.1855,0.8529,-0.00064,-0.3937,0.6938
GSE39582,SIG332,3,3,161,245,0.2204,2.2463,0.02468,0.01217,1.9425,0.05208
GSE87211,SIG018,9,9,34,184,-0.0307,-0.1655,0.8686,-0.00831,-2.3625,0.01815
GSE87211,SIG028,4,4,34,184,0.1106,0.5985,0.5495,0.00384,0.4468,0.655
GSE87211,SIG038,3,3,34,184,0.1829,0.9857,0.3243,0.00869,1.1255,0.2604
GSE87211,SIG064,3,3,34,184,0.2807,1.5157,0.1296,0.01371,1.1362,0.2559
GSE87211,SIG082,6,6,34,184,0.1458,0.7825,0.4339,0.00233,0.5893,0.5557
GSE87211,SIG084,15,15,34,184,0.2347,1.2674,0.205,0.00374,0.4005,0.6888
GSE87211,SIG089,5,5,34,184,-0.1049,-0.5761,0.5645,-0.00045,-0.096,0.9235
GSE87211,SIG095,18,18,34,184,0.2391,1.2868,0.1982,0.026,1.6392,0.1012
GSE87211,SIG113,10,10,34,184,-0.1483,-0.8144,0.4154,-0.00588,-1.768,0.07706
GSE87211,SIG114,20,14,34,184,0.3395,1.8471,0.06473,0.02108,1.921,0.05473
GSE87211,SIG118,15,14,34,184,-0.0262,-0.1406,0.8881,-0.00224,-2.0078,0.04466
GSE87211,SIG124,4,4,34,184,0.211,1.134,0.2568,0.01159,2.1788,0.02934
GSE87211,SIG130,9,9,34,184,0.2455,1.3268,0.1846,0.00766,0.7644,0.4446
GSE87211,SIG136,9,9,34,184,-0.048,-0.2573,0.797,-0.00098,-0.2613,0.7939
GSE87211,SIG143,6,6,34,184,0.3721,2.0264,0.04272,0.01228,1.1435,0.2528
GSE87211,SIG148,8,7,34,184,-0.0371,-0.199,0.8423,-0.00875,-2.2127,0.02692
GSE87211,SIG154,3,3,34,184,-0.438,-2.6023,0.009261,-0.0057,-3.4158,0.0006359
GSE87211,SIG157,5,5,34,184,-0.1132,-0.6073,0.5437,0.00138,0.4519,0.6514
GSE87211,SIG163,4,4,34,184,-0.0441,-0.2468,0.8051,-0.00237,-0.358,0.7203
GSE87211,SIG164,4,4,34,184,0.087,0.4661,0.6411,-0.00144,-0.3301,0.7413
GSE87211,SIG165,5,5,34,184,-0.0326,-0.1747,0.8613,-0.00157,-0.4129,0.6796
GSE87211,SIG168,9,9,34,184,0.1368,0.7363,0.4616,0.00201,0.2294,0.8185
GSE87211,SIG180,5,5,34,184,-0.2832,-1.576,0.115,-0.0039,-2.4098,0.01596
GSE87211,SIG181,5,5,34,184,0.3005,1.6494,0.09907,0.00419,1.026,0.3049
GSE87211,SIG186,19,19,34,184,-0.0524,-0.2826,0.7775,-0.00522,-1.461,0.144
GSE87211,SIG200,3,3,34,184,-0.1547,-0.84,0.4009,0.00743,1.0822,0.2792
GSE87211,SIG201,4,4,34,184,0.2634,1.431,0.1524,0.00178,0.4085,0.6829
GSE87211,SIG208,7,7,34,184,0.1586,0.8538,0.3932,0.01141,1.1323,0.2575
GSE87211,SIG210,13,13,34,184,-0.0396,-0.2182,0.8273,0.007,0.7888,0.4302
GSE87211,SIG211,4,4,34,184,-0.046,-0.2503,0.8024,0.00433,0.8482,0.3963
GSE87211,SIG224,3,3,34,184,0.3939,2.1463,0.03185,0.02341,1.5917,0.1115
GSE87211,SIG235,6,6,34,184,0.4118,2.3829,0.01718,0.01059,1.6669,0.09553
GSE87211,SIG236,5,5,34,184,-0.1854,-1.0327,0.3017,-0.0034,-0.9772,0.3285
GSE87211,SIG247,3,3,34,184,0.0435,0.2329,0.8158,-0.00091,-0.1546,0.8772
GSE87211,SIG252,3,3,34,184,0.1937,1.0444,0.2963,0.00097,0.2248,0.8221
GSE87211,SIG253,3,2,34,184,-0.3504,-1.9068,0.05655,-0.00408,-2.7205,0.006517
GSE87211,SIG264,6,6,34,184,-0.0959,-0.5168,0.6053,-0.00243,-0.7724,0.4399
GSE87211,SIG265,7,7,34,184,0.3331,1.8292,0.06737,0.00672,1.214,0.2247
GSE87211,SIG278,5,5,34,184,0.4418,2.4326,0.01499,0.01525,1.3777,0.1683
GSE87211,SIG284,3,3,34,184,0.0128,0.069,0.945,-0.00413,-1.2994,0.1938
GSE87211,SIG287,3,3,34,184,0.0953,0.5203,0.6029,0.01202,0.9344,0.3501
GSE87211,SIG290,3,3,34,184,0.0153,0.0823,0.9344,-3e-05,-0.0037,0.997
GSE87211,SIG291,3,3,34,184,0.4003,2.1705,0.02997,0.01313,1.7865,0.07401
GSE87211,SIG308,5,5,34,184,0.1368,0.7363,0.4616,-0.00315,-0.6425,0.5206
GSE87211,SIG309,3,2,34,184,0.0281,0.151,0.88,-0.00542,-0.9885,0.3229
GSE87211,SIG316,10,10,34,184,-0.0026,-0.0139,0.9889,0.01254,1.1644,0.2443
GSE87211,SIG325,3,3,34,184,0.1042,0.5603,0.5753,0.01135,1.0938,0.274
GSE87211,SIG327,3,3,34,184,0.048,0.2573,0.797,-0.002,-1.3318,0.1829
GSE87211,SIG329,5,5,34,184,-0.1701,-0.9335,0.3506,-0.00323,-1.6335,0.1024
GSE87211,SIG332,3,3,34,184,-0.085,-0.4583,0.6468,0.00019,0.0267,0.9787
