cohort,rep,n_gene,NRI_cv,IDI_cv,NRI_cv_p,IDI_cv_p
GSE17536,1,3,0.279563719862227,0.00340702378086527,0.12664420760655,0.799375823815985
GSE17536,2,20,-0.0407577497129736,-0.00477737313847965,0.824596292665829,0.41990459435801
GSE17536,3,3,-0.11308840413318,-0.00229080669855619,0.539938253364876,0.184170972727047
GSE17536,4,12,0.0321469575200918,0.000678928960840874,0.861622231011151,0.894860865837515
GSE17536,5,5,0.219862227324914,0.0162248009037389,0.231304402203128,0.159559357425029
GSE17536,6,3,0.552812858783008,0.0121187053700697,0.0018601911096463,0.361325124581389
GSE17536,7,8,0.403559127439724,0.00830868457015382,0.025169681993195,0.369913469828087
GSE17536,8,8,0.0103329506314582,-0.00142958327186193,0.954843636747148,0.895118275954611
GSE17536,9,20,-0.612514351320322,-0.0123344668173307,0.000503926437095847,0.000286761399238999
GSE17536,10,3,0.172789896670494,0.00612140764114094,0.347708910127879,0.665203507467193
GSE17536,11,3,0.0321469575200918,-0.000664779688910655,0.861622231011151,0.91099910915526
GSE17536,12,3,0.00631458094144655,0.000679555088546446,0.972720464801306,0.884250551320229
GSE17536,13,5,-0.0746268656716418,-0.00647862887386036,0.686001610001467,0.127082318819507
GSE17536,14,12,0.249712973593571,0.00125773840381588,0.17330139841331,0.861814381940092
GSE17536,15,8,0.211251435132032,0.00201937800998392,0.250343712278939,0.761303791443138
GSE17536,16,3,0.190011481056257,0.0149415718703858,0.301479174653708,0.184896316094177
GSE17536,17,12,-0.233065442020666,-0.00271715220915775,0.194366966212716,0.0417749036552981
GSE17536,18,20,0.11308840413318,0.00163223454594186,0.539938253364876,0.857843414229219
GSE17536,19,3,0.326636050516648,0.0117542661071179,0.0729239272169304,0.387549909499485
GSE17536,20,20,0.079219288174512,0.00440522916407848,0.665696447037884,0.614342227503572
GSE17536,21,20,0.262342135476464,0.00270802349080174,0.151027685450232,0.83558172937974
GSE17536,22,3,0.412169919632606,0.0398075022376785,0.0215667684921319,0.0105470423105374
GSE17536,23,3,0.279563719862227,0.0015436723063158,0.12664420760655,0.812380626484774
GSE17536,24,5,0.198622273249139,0.00225332160891739,0.279061744337395,0.716095905856835
GSE17536,25,8,0.0235361653272101,-0.00621181664095932,0.898615931669767,0.239388890260491
GSE17536,26,12,0.501722158438576,0.0238267462782941,0.00488246212091381,0.0390273998445427
GSE17536,27,3,-0.134328358208955,-0.00424748486164645,0.465565459966515,0.0787064614801505
GSE17536,28,8,0.079219288174512,-0.00100023789024062,0.665696447037884,0.890122749933785
GSE17536,29,3,0.442020665901263,0.0333836718102666,0.0135710936831823,0.0472469085788467
GSE17536,30,3,0.373708381171068,0.0325138257383736,0.0384708673046066,0.0309642961578724
GSE17536,31,5,0.335246842709529,0.00913674198407882,0.064843177275564,0.538139733710442
GSE17536,32,20,0.138920780711825,0.0036969110582179,0.449184023183245,0.593386624061544
GSE17536,33,5,-0.305396096440873,-0.0061636762732829,0.0929755926827958,0.115841273450366
GSE17536,34,8,-0.0533869115958669,0.0010715452687145,0.772579016468164,0.797725216609067
GSE17536,35,5,-0.134328358208955,-0.0051218342011789,0.465565459966515,0.0346386472267701
GSE17536,36,5,0.181400688863375,0.019116690627763,0.324362662514263,0.180056388409842
GSE17536,37,20,0.219862227324914,0.00529974026446733,0.231304402203128,0.531569793423689
GSE17536,38,8,0.044776119402985,0.0030403980528167,0.808483313996817,0.609925562311791
GSE17536,39,12,0.390355912743972,0.0241855808242599,0.0305584857019956,0.124880657603848
GSE17536,40,8,0.258323765786452,-0.00724962140563817,0.158370705551661,0.181326904223857
GSE17536,41,5,0.100459242250287,0.000627532760854255,0.585309593237111,0.729276344344617
GSE17536,42,20,0.113662456946039,0.000345358723293054,0.523699968415024,0.822541056168238
GSE17536,43,3,0.0878300803673938,-0.00150145847706124,0.630206783142956,0.574658839128766
GSE17536,44,20,-0.172789896670494,0.000494641453328892,0.347708910127879,0.856138868661667
GSE17536,45,20,-0.441446613088404,-0.00909571230526124,0.0131655190807212,0.00309749819365068
GSE17536,46,8,0.493111366245695,0.0145698722570682,0.00585184918182291,0.138012849323432
GSE17536,47,8,-0.0109070034443169,0.00352634854121875,0.952648267818153,0.800600724795361
GSE17536,48,8,0.428817451205511,0.00443724269653639,0.0172621490120892,0.632744825508894
GSE17536,49,3,0.522962112514351,0.0196589991904828,0.00336173832194042,0.142339094093056
GSE17536,50,8,-0.104477611940299,-0.00608389673990789,0.570941206884062,0.14231349571772
GSE17536,51,5,-0.0665901262916188,0.000733747716261446,0.71281576350268,0.906616557273475
GSE17536,52,8,-0.552812858783008,-0.0130362236373252,0.0018601911096463,0.000722299170134111
GSE17536,53,8,0.117106773823192,0.0275812799407035,0.52216644719691,0.129108094546559
GSE17536,54,5,-0.172789896670494,-0.00271460218707792,0.347708910127879,0.282437883812126
GSE17536,55,3,-0.177382319173364,-0.00437877319545871,0.332052127600548,0.188000806561786
GSE17536,56,12,0.0235361653272101,-0.00490463943765629,0.898615931669767,0.548473171131201
GSE17536,57,8,0.463260619977038,0.0314780078479261,0.00983324400650498,0.0318024192305784
GSE17536,58,12,-0.134328358208955,-0.00248414455615892,0.465565459966515,0.360363002515596
GSE17536,59,5,0.0614236509758898,-0.00233839636087935,0.73325360873025,0.794547743881731
GSE17536,60,12,0.365097588978186,0.00881464320211917,0.0440105781457185,0.171807669476858
GSE17537,1,3,0.433333333333333,-0.0297953995615863,0.178771299173841,0.472768621124922
GSE17537,2,20,0.666666666666667,0.026590557895161,0.0351500787576011,0.177335119940625
GSE17537,3,3,0.2,-0.00460571210323818,0.553616991965781,0.869284628671994
GSE17537,4,12,0.5,0.0174896699027757,0.1307897978939,0.354182058871121
GSE17537,5,5,0,0.00704903215182934,1,0.429963176237119
GSE17537,6,3,0.1,0.00703986748723573,0.76659928679021,0.755174297627224
GSE17537,7,8,-0.233333333333333,-0.00515017710241605,0.479238384994283,0.875490702528433
GSE17537,8,8,0.0333333333333334,-0.0195746060128207,0.921992033129166,0.266334677101425
GSE17537,9,20,-0.5,-0.0217414459974466,0.1307897978939,0.147572343016561
GSE17537,10,3,0.4,0.0255576583241435,0.231997723628734,0.448276449597552
GSE17537,11,3,-0.666666666666667,-0.025593505479568,0.0351500787576011,0.0302513360883236
GSE17537,12,3,0.9,0.0102146387072716,0.00243720671921244,0.817414234574505
GSE17537,13,5,-0.466666666666667,-0.0125992991608848,0.156309680207422,0.278513708836846
GSE17537,14,12,0.166666666666667,0.00587533420575714,0.624400106358032,0.584920279551767
GSE17537,15,8,-0.0666666666666667,0.000298468431377652,0.845057635870102,0.973389220754689
GSE17537,16,3,0.466666666666667,0.0376814191456886,0.144254341632683,0.223603884726987
GSE17537,17,12,0.633333333333333,0.0216146679168789,0.0503764472537882,0.61613583203205
GSE17537,18,20,0.266666666666667,0.0081071941031694,0.399424169060031,0.489987742279184
GSE17537,19,3,0.5,0.0514156392726409,0.1307897978939,0.282869854719098
GSE17537,20,20,0.766666666666667,0.0753987125027212,0.0141499067352107,0.0777595827955349
GSE17537,21,20,0.3,0.00610427369200106,0.373209133617094,0.552346331261239
GSE17537,22,3,0.1,-0.0245603924856586,0.762500410259437,0.354432992575373
GSE17537,23,3,0.8,0.0904400716363999,0.00788757791967298,0.0442181054956237
GSE17537,24,5,-0.5,-0.0393579960052717,0.1307897978939,0.0126311048283658
GSE17537,25,8,0.466666666666667,0.0575953700102391,0.144254341632683,0.0909448696048247
GSE17537,26,12,0.233333333333333,-0.0208952449438302,0.485414544502613,0.386384199456601
GSE17537,27,3,0.3,0.028310750358456,0.373209133617094,0.379235051287034
GSE17537,28,8,-0.366666666666667,-0.00854865961192275,0.272964650568577,0.467374093354701
GSE17537,29,3,-0.266666666666667,0.00744619645628164,0.430393395264197,0.620941164588518
GSE17537,30,3,0.8,0.142512455671441,0.00788757791967298,0.0255217069866798
GSE17537,31,5,0.1,-0.0132047456588472,0.76659928679021,0.463253693361948
GSE17537,32,20,0.166666666666667,-0.00139317019897073,0.624400106358032,0.897066193100446
GSE17537,33,5,-0.5,-0.00518138824157333,0.0995662582222536,0.41300046442068
GSE17537,34,8,0.433333333333333,0.0212351706557184,0.188852708562053,0.355287962506091
GSE17537,35,5,-0.666666666666667,-0.0134911173791053,0.0351500787576011,0.0923527612578359
GSE17537,36,5,0.633333333333333,-0.0176355367979365,0.0503764472537882,0.757007172714951
GSE17537,37,20,-0.1,0.00174370659488515,0.76659928679021,0.918937213407844
GSE17537,38,8,0.433333333333333,0.0293729335536483,0.188852708562053,0.333976947410547
GSE17537,39,12,-0.433333333333333,-0.0108097583247735,0.188852708562053,0.274592612455811
GSE17537,40,8,0.5,-0.0232863167784053,0.1307897978939,0.384510896930071
GSE17537,41,5,0.4,0.0036314308828857,0.231997723628734,0.879094078569447
GSE17537,42,20,0.133333333333333,-0.0120299297642048,0.683920610705076,0.54218240800538
GSE17537,43,3,0.566666666666667,-0.0504795270458674,0.0787041545089047,0.242238390443036
GSE17537,44,20,-0.2,-0.00906405453311182,0.553616991965781,0.444107662724733
GSE17537,45,20,-0.133333333333333,-0.00933948883285574,0.693389590985372,0.212964039632446
GSE17537,46,8,-0.733333333333333,-0.0324062700099239,0.00989087476642703,0.0355413047497817
GSE17537,47,8,0,0.00503596373389076,1,0.774612536650484
GSE17537,48,8,0.3,-0.0067603825337722,0.373209133617094,0.735335778742909
GSE17537,49,3,0.2,0.0381946887597534,0.553616991965781,0.358773894884589
GSE17537,50,8,0.366666666666667,0.023724454321174,0.272964650568577,0.251389510040497
GSE17537,51,5,0.0333333333333334,-0.00639249903205935,0.921992033129166,0.587249108684363
GSE17537,52,8,0.133333333333333,-0.0213773609308452,0.693389590985372,0.204465972359173
GSE17537,53,8,-0.0333333333333334,0.0127561451909116,0.921992033129166,0.379796647393745
GSE17537,54,5,0.266666666666667,-0.0202317108192022,0.399424169060031,0.271198779009886
GSE17537,55,3,-0.166666666666667,0.0450578127160259,0.624400106358032,0.0573851812027146
GSE17537,56,12,-0.733333333333333,-0.0198199325041517,0.0211924084114157,0.154436397607276
GSE17537,57,8,0.2,-0.0139451605332027,0.553616991965781,0.494678121435353
GSE17537,58,12,-0.133333333333333,-0.00473718538814305,0.693389590985372,0.665178544896076
GSE17537,59,5,0.533333333333333,0.0387962564498354,0.103424018914787,0.217800199372918
GSE17537,60,12,-0.366666666666667,-0.0138926180036038,0.272964650568577,0.199328501927275
GSE29621,1,3,0.516304347826087,0.010701309019467,0.0996847672085672,0.483718726684819
GSE29621,2,20,-0.244565217391304,-0.00857132791410653,0.430995430679413,0.104850637608698
GSE29621,3,3,0.543478260869565,0.00272059194518087,0.0704708638806946,0.770072564828566
GSE29621,4,12,-0.581521739130435,-0.0124102135981021,0.0416293350147092,0.343253229909571
GSE29621,5,5,-0.467391304347826,-0.0138908948214674,0.139436299740179,0.0480683575826364
GSE29621,6,3,0.516304347826087,0.0447376779161326,0.0996847672085672,0.420601150339609
GSE29621,7,8,0.0434782608695652,0.000131892348388118,0.893712612141319,0.989557657573735
GSE29621,8,8,-0.342391304347826,-0.0208152306076054,0.285914652489256,0.28117032909604
GSE29621,9,20,-0.0923913043478261,-0.010428727927989,0.773381331858248,0.316960396244296
GSE29621,10,3,-0.179347826086957,-0.0137496322959552,0.572478891272687,0.216524487212804
GSE29621,11,3,0.641304347826087,0.0044910811539321,0.037881005863146,0.807012904715988
GSE29621,12,3,0.0326086956521739,-0.0119153971657425,0.917876584860806,0.297771926523091
GSE29621,13,5,0.842391304347826,0.00412826510038555,0.00281291077204382,0.83565451761258
GSE29621,14,12,0.255434782608696,0.0278759107833458,0.428900902116079,0.23858445921325
GSE29621,15,8,-0.467391304347826,-0.0107956439660171,0.139436299740179,0.134417611919272
GSE29621,16,3,0.00543478260869562,-0.0047735034343353,0.986571153086959,0.436973841493979
GSE29621,17,12,0.255434782608696,0.00119297240187877,0.428900902116079,0.924702111118299
GSE29621,18,20,0.157608695652174,0.00311201624493568,0.609359010866561,0.799174353639161
GSE29621,19,3,0.342391304347826,-0.00563034112520716,0.285914652489256,0.849250209455395
GSE29621,20,20,-0.0923913043478261,-0.0138244720694438,0.773381331858248,0.193937695443791
GSE29621,21,20,0.304347826086957,-0.03567547835907,0.340499330182384,0.318720723914487
GSE29621,22,3,0.130434782608696,0.00173688052924503,0.687629573710979,0.95133116936556
GSE29621,23,3,-0.119565217391304,-0.00901061959599908,0.707210874094325,0.286767848323219
GSE29621,24,5,0.380434782608696,0.0450988892680987,0.232045801692332,0.0708734816235626
GSE29621,25,8,-0.391304347826087,-0.0100289834724209,0.214370856551372,0.220463883202851
GSE29621,26,12,0.342391304347826,0.0576873591236394,0.285914652489256,0.102368121441
GSE29621,27,3,0.543478260869565,0.030335451119423,0.0704708638806946,0.431425383583086
GSE29621,28,8,0.554347826086957,0.0313227314916242,0.0766613211551965,0.419313372135471
GSE29621,29,3,1.14130434782609,0.0870008040149317,6.61827719983243e-06,0.061738353282029
GSE29621,30,3,0.766304347826087,0.0135293186702363,0.0108705200138051,0.482540484341153
GSE29621,31,5,0.467391304347826,0.022311328887286,0.139436299740179,0.565784116194261
GSE29621,32,20,0.842391304347826,0.121984439664779,0.00281291077204382,0.0119470736923457
GSE29621,33,5,0.00543478260869562,0.0115388067955094,0.986571153086959,0.46049537852402
GSE29621,34,8,0.255434782608696,-0.0114242710103445,0.428900902116079,0.524892346249094
GSE29621,35,5,0.429347826086957,-0.00140957719123119,0.176647350152096,0.931505376307892
GSE29621,36,5,-0.0434782608695652,-0.0102628316444124,0.893712612141319,0.177737733377526
GSE29621,37,20,0.00543478260869562,-0.000324562851668098,0.986571153086959,0.979679966893071
GSE29621,38,8,-0.603260869565217,-0.0114911628243203,0.0503883710490019,0.120405037939385
GSE29621,39,12,0.418478260869565,0.00941686753981236,0.17930041112105,0.484660418734245
GSE29621,40,8,0.0706521739130435,-0.00277579589970867,0.816944877271567,0.825377351952297
GSE29621,41,5,0.130434782608696,-0.00612503128203973,0.687629573710979,0.414406460614267
GSE29621,42,20,-0.668478260869565,-0.0224381767405659,0.0191891595838827,0.167415465098922
GSE29621,43,3,0.380434782608696,-0.0019761499033128,0.232045801692332,0.867529778354889
GSE29621,44,20,0.418478260869565,0.00494013854692338,0.17930041112105,0.836897191088274
GSE29621,45,20,0.342391304347826,-0.0140614065505236,0.285914652489256,0.498413715601802
GSE29621,46,8,0.766304347826087,0.0416777357395205,0.0108705200138051,0.144943576263828
GSE29621,47,8,0.255434782608696,0.0506596518738147,0.428900902116079,0.168295364642355
GSE29621,48,8,-0.0923913043478261,0.00165361028273403,0.773381331858248,0.776309608232614
GSE29621,49,3,0.342391304347826,0.0283454305635876,0.285914652489256,0.466730488811144
GSE29621,50,8,-0.157608695652174,-0.0158173505624011,0.609359010866561,0.322109803261815
GSE29621,51,5,-0.331521739130435,-0.0203721359247966,0.287389635917741,0.0350780880886035
GSE29621,52,8,0.244565217391304,0.0235342968718482,0.430995430679413,0.228797144641742
GSE29621,53,8,0.429347826086957,0.0941767200074988,0.176647350152096,0.0594910711909615
GSE29621,54,5,-0.630434782608696,-0.00680915545177541,0.0352064812793023,0.451763766469696
GSE29621,55,3,-0.543478260869565,-0.0137034078977006,0.0704708638806946,0.210908578824945
GSE29621,56,12,0.543478260869565,0.00412791384836297,0.0704708638806946,0.767719877861887
GSE29621,57,8,0.380434782608696,-0.010862828878656,0.232045801692332,0.578598384392814
GSE29621,58,12,-0.0815217391304348,-0.00248555600963535,0.801289937424243,0.737041902192523
GSE29621,59,5,-0.0326086956521739,-0.00394789195015932,0.917876584860806,0.88105698595547
GSE29621,60,12,0.505434782608696,0.0398496320374587,0.103635597200076,0.205365983766171
GSE38832,1,3,0.276353276353276,-0.00601123344915643,0.282189029156467,0.773190539160903
GSE38832,2,20,0.111111111111111,-0.00671692257894312,0.685030153996576,0.353060287395918
GSE38832,3,3,-0.339031339031339,-0.0139058583100846,0.210538476088317,0.129003376819687
GSE38832,4,12,-0.267806267806268,-0.0228448312442357,0.322910680254769,0.0588192450452745
GSE38832,5,5,0.792022792022792,0.024684575221933,0.0016949317443844,0.333515043070805
GSE38832,6,3,-0.250712250712251,-0.0126972453853557,0.324917441895603,0.4024003174671
GSE38832,7,8,-0.41025641025641,-0.0048299623544782,0.124053818171815,0.23875224236783
GSE38832,8,8,-0.102564102564103,-0.0142076860808221,0.696898785716767,0.344443056267215
GSE38832,9,20,0.196581196581197,-0.0105413561454172,0.461921420045753,0.650255429546047
GSE38832,10,3,0.262108262108262,-0.00562422455007333,0.335284861691446,0.657750876294175
GSE38832,11,3,-0.339031339031339,-0.00107320538325074,0.210538476088317,0.769399500023723
GSE38832,12,3,0.037037037037037,-0.00235061886502871,0.892739781558761,0.86770807381905
GSE38832,13,5,0.484330484330484,-0.00168803167141068,0.0654508672159877,0.845262825514812
GSE38832,14,12,-0.108262108262108,-0.0132247997435213,0.690647058521194,0.0553835123692881
GSE38832,15,8,-0.262108262108262,0.00120051279978942,0.335284861691446,0.843122868045112
GSE38832,16,3,-0.404558404558405,-0.0103303638678798,0.117200334444508,0.476023213341093
GSE38832,17,12,0.267806267806268,0.00232493864059628,0.322910680254769,0.627432277853802
GSE38832,18,20,-0.404558404558405,-0.00403457536579664,0.117200334444508,0.293837648361193
GSE38832,19,3,-0.256410256410256,-0.0263216081610831,0.336433167573135,0.0614979346498401
GSE38832,20,20,-0.49002849002849,-0.0120504292321644,0.0658341639516116,0.0601257094522403
GSE38832,21,20,0.341880341880342,-0.0118991327236404,0.205722282373349,0.588077323989647
GSE38832,22,3,-0.037037037037037,-0.00818520142543309,0.892739781558761,0.590694031328039
GSE38832,23,3,0.786324786324786,-0.00406611429029653,0.00159145205681965,0.840797378392288
GSE38832,24,5,-0.108262108262108,-0.0075212836196123,0.690647058521194,0.328952173838427
GSE38832,25,8,0.0512820512820513,0.00266585950728247,0.841418155690854,0.813670050549831
GSE38832,26,12,-0.182336182336182,-0.00789092374391964,0.499124091746767,0.26623546713547
GSE38832,27,3,0.116809116809117,-0.0059728913705344,0.66876178524267,0.599586725348071
GSE38832,28,8,0.934472934472934,0.00796805179434014,6.87297446575474e-05,0.506215163235535
GSE38832,29,3,0.62962962962963,-0.00829214880093479,0.0106752753050487,0.437543334342381
GSE38832,30,3,-0.484330484330484,-0.00894017181058651,0.0654508672159877,0.293178372922194
GSE38832,31,5,0.566951566951567,0.0058245920368514,0.0313486862409966,0.737236870416961
GSE38832,32,20,0.0398860398860398,-0.00430596146667171,0.88437145647626,0.486748086295759
GSE38832,33,5,0.495726495726496,-0.00140201632599217,0.059780843268241,0.946274510017661
GSE38832,34,8,-0.273504273504273,-0.0049654960009846,0.299005179807969,0.0402533716894844
GSE38832,35,5,0.561253561253561,0.0147796303055348,0.0319235332413581,0.217613329614626
GSE38832,36,5,0.0455840455840456,0.0045197453296216,0.865270044278155,0.785826723320531
GSE38832,37,20,0.262108262108262,-0.00506264870587661,0.335284861691446,0.467618820788812
GSE38832,38,8,0.122507122507123,-0.008611842559878,0.644724194709777,0.67863748191836
GSE38832,39,12,-0.0427350427350426,-0.0145057729958695,0.875277729785993,0.208642226255944
GSE38832,40,8,0.0284900284900285,-0.0153796942897226,0.914828132749849,0.199082783820077
GSE38832,41,5,0.407407407407407,0.0037540086515928,0.121853102178318,0.66652749340138
GSE38832,42,20,0.188034188034188,0.0039422692147911,0.491794207650825,0.450975684166622
GSE38832,43,3,-0.330484330484331,-0.0021073137938557,0.208750952020651,0.87405306699139
GSE38832,44,20,0.188034188034188,0.00107053358842497,0.491794207650825,0.78334555427474
GSE38832,45,20,0.487179487179487,-0.00583239924418567,0.0664797154365218,0.64323820033485
GSE38832,46,8,-0.105413105413105,-0.00199736921316904,0.694628069060344,0.625953034051614
GSE38832,47,8,0.35042735042735,-0.00354071945743886,0.175304850588536,0.753191531724912
GSE38832,48,8,-0.0341880341880343,-0.00680610873601537,0.900529606998348,0.538715085768966
GSE38832,49,3,-0.247863247863248,-0.00709632025712027,0.313299072725545,0.322847779248091
GSE38832,50,8,0.484330484330484,-0.00193196850931696,0.0654508672159877,0.80465613787862
GSE38832,51,5,0.487179487179487,-0.00460518385134281,0.0664797154365218,0.707003961300663
GSE38832,52,8,-0.185185185185185,-0.00688577040656721,0.496690677367401,0.362382257491683
GSE38832,53,8,0.037037037037037,-0.00217189348025466,0.892739781558761,0.54818404629466
GSE38832,54,5,0.0427350427350426,-0.0125690359665059,0.875277729785993,0.628538805505071
GSE38832,55,3,0.17948717948718,-0.00345243332761749,0.498966220400889,0.503064133044389
GSE38832,56,12,-0.0341880341880343,-0.00527810859634535,0.900529606998348,0.340376433507527
GSE38832,57,8,-0.472934472934473,-0.00897392407767765,0.0439473543119107,0.254985831338903
GSE38832,58,12,0.404558404558405,0.00400077127705066,0.117200334444508,0.466372107827634
GSE38832,59,5,0.122507122507123,-0.00338306939212427,0.644724194709777,0.824962155002473
GSE38832,60,12,-0.330484330484331,0.00391679088068739,0.208750952020651,0.757688106560947
GSE39582,1,3,0.116770186335404,0.00127627025020394,0.248914758586096,0.600436224303899
GSE39582,2,20,-0.125998225377107,-0.000863092508946672,0.212678699854252,0.108781906294063
GSE39582,3,3,0.067790594498669,-0.000767969383943079,0.503771545791143,0.555719228143567
GSE39582,4,12,0.142324755989352,0.00194967300368271,0.159137137840776,0.574571199740477
GSE39582,5,5,-0.33114463176575,-0.00374365525300729,0.000927163399299769,4.37270676463264e-05
GSE39582,6,3,0.0670807453416149,-0.00252555582326397,0.507822662042473,0.233601865696254
GSE39582,7,8,0.0440106477373559,-0.00041350295849496,0.663726572076163,0.858409693041463
GSE39582,8,8,0.118189884649512,-0.000327884599663597,0.241587602454385,0.897253420637458
GSE39582,9,20,0.158651286601597,0.000591165861177911,0.116426015083207,0.756787243630953
GSE39582,10,3,0.211180124223602,0.00322821464402095,0.0363496586938139,0.153317768670564
GSE39582,11,3,0.0500443655723159,0.0013720653690546,0.620351635266734,0.707227836914016
GSE39582,12,3,0.147293700088731,0.00245075301989972,0.143074735537979,0.244289157847115
GSE39582,13,5,0.12564330079858,0.00217510553704853,0.214467601823721,0.438650965583221
GSE39582,14,12,-0.00319432120674357,-0.000841513557041706,0.974802585874519,0.551634548102995
GSE39582,15,8,0.10150842945874,0.00226938526837611,0.315413482979122,0.505622557055245
GSE39582,16,3,-0.126708074534162,-0.00220874128504828,0.20827579817879,0.0403016334374915
GSE39582,17,12,0.100798580301686,0.00322669500771022,0.319794050789596,0.347500455625157
GSE39582,18,20,0.216503992901508,0.00355679503772588,0.03144923436044,0.170012614979442
GSE39582,19,3,0.134871339840284,0.00270301219181845,0.180479144608149,0.403895851867023
GSE39582,20,20,-0.315882874889086,-0.00233239649291217,0.00147883671318438,0.0263512131498505
GSE39582,21,20,0.0546583850931677,0.00591231047782148,0.58940591306362,0.0956179700229074
GSE39582,22,3,-0.00319432120674357,-0.00111709509319707,0.974802585874519,0.0259499372248135
GSE39582,23,3,0.175687666370896,0.00228901802210069,0.0810562640995374,0.491499718506909
GSE39582,24,5,0.194498669032831,0.0064263444168986,0.0539846858714426,0.139180788663865
GSE39582,25,8,0.145164152617569,-1.46530407659218e-05,0.151127764264415,0.996586644004432
GSE39582,26,12,0.0798580301685892,0.000291586434317592,0.430809277219365,0.934239914684488
GSE39582,27,3,0.171073646850044,0.000113811037045553,0.0902060246975889,0.960109620768325
GSE39582,28,8,0.182786157941437,0.00374661884940608,0.0704537586317042,0.243867859519796
GSE39582,29,3,0.128482697426797,0.00153185203170747,0.203723395994964,0.629581656246604
GSE39582,30,3,0.045075421472937,-0.00292327605944087,0.653675456819153,0.150871272194228
GSE39582,31,5,0.0670807453416149,-0.000363496111107864,0.507822662042473,0.606467550580456
GSE39582,32,20,0.174977817213842,0.00145964900672174,0.0832368028851922,0.659959553015522
GSE39582,33,5,0.17036379769299,0.000188870568410437,0.0919706627936241,0.948358761506958
GSE39582,34,8,0.156876663708962,0.00515813485265043,0.119710958889941,0.221047045695888
GSE39582,35,5,-0.312333629103815,-0.00223553310557884,0.00157112818248217,0.00109960258061514
GSE39582,36,5,0.0464951197870454,-0.000366797290981546,0.64625475789846,0.838185091158959
GSE39582,37,20,0.0773735581188997,0.000509358917312908,0.44306455511708,0.729307464059835
GSE39582,38,8,-0.073469387755102,-0.000459288405841529,0.465772811409092,0.76262354001159
GSE39582,39,12,-0.0472049689440993,-0.00243872073602414,0.641637267181415,0.134539343127746
GSE39582,40,8,-0.0727595385980479,-0.00164067199781304,0.47206901646118,0.0204813946252247
GSE39582,41,5,-0.0553682342502218,-0.00345067274162192,0.585098125842415,0.121123858174827
GSE39582,42,20,0.190594498669033,0.00411552615694705,0.0591298514701544,0.261665044787094
GSE39582,43,3,0.0425909494232476,-0.00146548977795652,0.674365627559081,0.46877305917538
GSE39582,44,20,0.017036379769299,0.00170211947250054,0.865974710908977,0.49414614071795
GSE39582,45,20,0.0514640638864241,0.00234142666367049,0.611834118670209,0.518918985008704
GSE39582,46,8,-0.117480035492458,-0.000306033933750671,0.245818545499467,0.584860591625378
GSE39582,47,8,0.0997338065661048,0.00353095211758731,0.324184318871343,0.175344698598493
GSE39582,48,8,0.223247559893523,0.00501919414219171,0.0267651666114226,0.213445571286445
GSE39582,49,3,0.12209405501331,-0.00109633854913221,0.226839024945145,0.544709027321837
GSE39582,50,8,-0.0983141082519964,-0.00204400166469504,0.327908349357325,0.0722820780131279
GSE39582,51,5,-0.0315882874889086,-0.00134287009248435,0.755131379912439,0.262190986674184
GSE39582,52,8,-0.0273291925465839,-0.000613643732921831,0.787410593205971,0.540464580891204
GSE39582,53,8,0.0461401952085181,0.00683931859125214,0.648270987017776,0.150194562053622
GSE39582,54,5,0.0401064773735582,-0.000455289785750934,0.691676563362306,0.845780942862781
GSE39582,55,3,-0.0972493345164153,-0.00158781186909379,0.336509803694224,0.121034195169843
GSE39582,56,12,-0.200177462289264,-0.000905071680744052,0.0467657748210304,0.304042225489757
GSE39582,57,8,0.0525288376220054,-0.00190801818808495,0.60319913748114,0.214458929079674
GSE39582,58,12,0.162910381543922,0.00577990683391344,0.106700020567841,0.208656311127163
GSE39582,59,5,-0.215439219165927,-0.00213751726296502,0.0327248902397774,0.0141634328647346
GSE39582,60,12,-0.0266193433895297,0.000340207224440448,0.793009628423963,0.876036991288604
GSE87211,1,3,-0.289641943734015,-0.00478756807082295,0.111932906786518,0.00115973236496814
GSE87211,2,20,0.167519181585678,0.00299079465694715,0.368364024968478,0.323829429221917
GSE87211,3,3,0.0262148337595908,0.00388548609625317,0.888146771345752,0.498745277044355
GSE87211,4,12,0.0741687979539643,-0.00222385916739343,0.689361432990908,0.59758886531665
GSE87211,5,5,0.0850383631713556,0.00169422495146243,0.646757176263157,0.552617858179488
GSE87211,6,3,0.0805626598465474,-0.00731096952467816,0.665581359145661,0.104477105083635
GSE87211,7,8,-0.0760869565217391,-0.0038936133238141,0.683434807522859,0.291533325111415
GSE87211,8,8,0.0543478260869565,0.00425080629990276,0.77089272952788,0.380417943108249
GSE87211,9,20,0.134910485933504,-0.00400862656533488,0.469005240233724,0.223340230804095
GSE87211,10,3,-0.134910485933504,-0.00208829096814264,0.469005240233724,0.168298754347571
GSE87211,11,3,-0.400895140664962,-0.00464481700886535,0.0203396656531425,0.106856107365844
GSE87211,12,3,-0.224424552429668,-0.00277932996214703,0.218186785374584,0.0233157030095812
GSE87211,13,5,-0.122122762148338,-0.00324265129377538,0.507242540236098,0.156065377881598
GSE87211,14,12,-0.108695652173913,-0.00370477649726914,0.560015972021339,0.161249232411741
GSE87211,15,8,0.300511508951407,-0.00058723027228233,0.0990671624997739,0.902960399479445
GSE87211,16,3,-0.0786445012787724,-0.00332385823241532,0.669180361024733,0.163223863639565
GSE87211,17,12,0,-0.0010763252288431,1,0.511485890297943
GSE87211,18,20,-0.213554987212276,-0.00478862099570943,0.241293752906036,0.0446632432515472
GSE87211,19,3,0.0895140664961637,-0.00433748473813172,0.626790723141144,0.0743078911402706
GSE87211,20,20,0.193734015345269,2.79249714843499e-06,0.296290024776297,0.999273966283086
GSE87211,21,20,-0.111253196930946,-0.00206418734975142,0.54572554238593,0.367223623675812
GSE87211,22,3,-0.0588235294117647,-0.00923037775734884,0.752323060196166,0.0706360685586245
GSE87211,23,3,0.252557544757033,-0.000461820097914872,0.170150135809687,0.913541957233277
GSE87211,24,5,-0.505115089514067,-0.00461882350982312,0.0041539288137642,0.009811391501936
GSE87211,25,8,-0.0479539641943734,-0.0113857137985283,0.796972809803367,0.0258764958374631
GSE87211,26,12,0.583120204603581,0.0252263769805744,0.00123119640327807,0.0137551158770888
GSE87211,27,3,0.111253196930946,0.0036591063001051,0.54572554238593,0.505136976863624
GSE87211,28,8,-0.36381074168798,-0.00244170908253127,0.0393735026245572,0.163584747039447
GSE87211,29,3,0.182864450127877,0.00709495592033313,0.324277972032049,0.352160032049946
GSE87211,30,3,0.117647058823529,0.00848214244013335,0.526115476932587,0.205652256290688
GSE87211,31,5,0.124040920716113,-0.00834285163074042,0.505616416464184,0.0774416899366646
GSE87211,32,20,-0.272378516624041,-0.00126265340002327,0.129630282475642,0.217874977295816
GSE87211,33,5,-0.296035805626599,-0.00270494826860282,0.107624312088968,0.0221012606865467
GSE87211,34,8,0.139386189258312,-0.000288950989586062,0.45258208306474,0.953552981607273
GSE87211,35,5,0.232736572890026,0.00812761023453393,0.210732370439552,0.347283863937729
GSE87211,36,5,0.0153452685421995,-0.00283857704727783,0.934378896807412,0.390564378092793
GSE87211,37,20,0.119565217391304,0.000986943754299835,0.521377245169632,0.904904464145925
GSE87211,38,8,0.134910485933504,-0.00046118390032121,0.469005240233724,0.928802957449319
GSE87211,39,12,-0.0453964194373401,-0.00116565880048494,0.806351495087578,0.724917098758333
GSE87211,40,8,-0.218030690537084,-0.00610772968651166,0.224860895879036,0.0129206835198872
GSE87211,41,5,0.213554987212276,0.00632264003874622,0.241293752906036,0.377336154633098
GSE87211,42,20,0.254475703324808,0.00100032330171096,0.170898542400894,0.850211963816974
GSE87211,43,3,-0.381074168797954,-0.00642856313424128,0.0338689343867649,0.00605828892713167
GSE87211,44,20,0.198209718670077,0.00491814842115615,0.281890382961469,0.492126356471502
GSE87211,45,20,-0.0198209718670077,-0.000902680080919815,0.914878617008464,0.828350728137448
GSE87211,46,8,-0.235294117647059,-0.00201083794409818,0.196707093238496,0.536954358516596
GSE87211,47,8,0.0786445012787724,0.00219823802031016,0.669180361024733,0.659936646157309
GSE87211,48,8,-0.315856777493606,-0.00760413363577697,0.0788356787144195,0.00320299955239034
GSE87211,49,3,0.269820971867008,0.00709457805767905,0.145224805796873,0.465075222461965
GSE87211,50,8,0.0914322250639386,-0.00278359515743484,0.623738870360314,0.373723633753762
GSE87211,51,5,0.396419437340153,0.0186507398517119,0.0247506785108251,0.0440665328870884
GSE87211,52,8,-0.154731457800512,-0.00530255348328596,0.400886767186625,0.0838709872191521
GSE87211,53,8,0.0933503836317136,0.00187912577362528,0.615866190851797,0.329443743057407
GSE87211,54,5,-0.0677749360613811,-0.000445829369196016,0.712660373945451,0.871689814132755
GSE87211,55,3,0.193734015345269,0.00356749328123268,0.296290024776297,0.604967343074222
GSE87211,56,12,0.10230179028133,-0.00119061957496092,0.583065872625647,0.809642307770927
GSE87211,57,8,0.152173913043478,-0.000930974064338869,0.414117680980041,0.598317937641128
GSE87211,58,12,0.0172634271099744,0.00242774543695512,0.926175932476869,0.679151906634647
GSE87211,59,5,0.230818414322251,0.0011951033400262,0.210073098552787,0.806884702289996
GSE87211,60,12,0.193734015345269,-0.00215362311761616,0.296290024776297,0.640273607126894
