sig_id,n_cohort,C_mean,null_mean,deltaC_mean,z_mean,p_min,p_adj_min,n_p05,n_fdr05,n_coh_beats,n_gene
SIG264,6,0.628,0.5505,0.0775,2.22,0.003322,0.212625,4,0,5,6
SIG154,6,0.6267,0.5512,0.0756,2.062,0.003322,0.212625,2,0,6,3
SIG284,6,0.6267,0.5512,0.0756,2.192,0.006645,0.283499,4,0,6,3
SIG325,6,0.6244,0.5512,0.0732,2.247,0.003322,0.212625,3,0,5,3
SIG316,6,0.6181,0.5489,0.0692,1.883,0.003322,0.212625,2,0,6,10
SIG064,6,0.6138,0.5512,0.0626,1.731,0.016611,0.342943,3,0,6,3
SIG095,6,0.6104,0.5483,0.0621,1.74,0.009967,0.318937,2,0,6,18
SIG186,6,0.6105,0.5496,0.0609,1.857,0.006645,0.283499,4,0,6,19
SIG082,6,0.6097,0.5505,0.0592,1.44,0.009967,0.318937,2,0,6,6
SIG253,6,0.6103,0.5512,0.0592,1.633,0.003322,0.212625,3,0,4,3
SIG224,6,0.6086,0.5512,0.0574,1.67,0.013289,0.335723,2,0,6,3
SIG168,6,0.6061,0.5492,0.0569,1.504,0.013289,0.335723,3,0,6,9
SIG157,6,0.6062,0.5498,0.0564,1.645,0.003322,0.212625,2,0,6,5
SIG163,6,0.6042,0.5494,0.0548,1.587,0.006645,0.283499,2,0,6,4
SIG148,6,0.6046,0.5505,0.0541,1.559,0.009967,0.318937,1,0,6,8
SIG124,6,0.6027,0.5494,0.0534,1.549,0.009967,0.318937,3,0,6,4
SIG247,6,0.6043,0.5512,0.0532,1.665,0.003322,0.212625,2,0,6,3
SIG118,6,0.602,0.5491,0.053,1.64,0.003322,0.212625,3,0,6,15
SIG290,6,0.6032,0.5512,0.052,1.547,0.016611,0.342943,4,0,5,3
SIG018,6,0.6004,0.5492,0.0512,1.451,0.003322,0.212625,1,0,6,9
SIG084,6,0.6004,0.5503,0.0501,1.274,0.013289,0.335723,1,0,5,15
SIG028,6,0.5993,0.5494,0.0499,1.354,0.039867,0.4229,2,0,6,4
SIG332,6,0.5984,0.5512,0.0473,1.443,0.006645,0.283499,2,0,6,3
SIG309,6,0.5974,0.5512,0.0462,1.278,0.0299,0.395922,2,0,6,3
SIG164,6,0.5954,0.5494,0.046,1.032,0.013289,0.335723,2,0,4,4
SIG265,6,0.5959,0.5501,0.0458,1.235,0.019934,0.357686,3,0,5,7
SIG201,6,0.5968,0.5512,0.0456,1.228,0.019934,0.357686,2,0,5,4
SIG236,6,0.5949,0.5498,0.0451,1.477,0.006645,0.283499,2,0,6,5
SIG329,6,0.5941,0.5494,0.0448,0.814,0.009967,0.318937,1,0,4,5
SIG210,6,0.5934,0.5491,0.0442,1.236,0.016611,0.342943,2,0,6,13
SIG200,6,0.5951,0.5512,0.044,1.194,0.019934,0.357686,1,0,6,3
SIG113,6,0.5926,0.5489,0.0437,1.138,0.013289,0.335723,3,0,4,10
SIG211,6,0.593,0.5494,0.0436,1.195,0.013289,0.335723,3,0,5,4
SIG181,6,0.5929,0.5498,0.0431,1.264,0.003322,0.212625,2,0,4,5
SIG136,6,0.591,0.5492,0.0418,1.093,0.013289,0.335723,1,0,6,9
SIG089,6,0.5914,0.5498,0.0416,1.362,0.009967,0.318937,2,0,6,5
SIG327,6,0.5916,0.551,0.0406,1.203,0.016611,0.342943,3,0,5,3
SIG165,6,0.5883,0.5498,0.0386,1.234,0.026578,0.38082,1,0,5,5
SIG252,6,0.5882,0.5512,0.037,1.115,0.013289,0.335723,2,0,5,3
SIG291,6,0.5878,0.5512,0.0366,1.207,0.026578,0.38082,1,0,5,3
SIG328,6,0.5853,0.5492,0.0361,1.01,0.026578,0.38082,3,0,4,9
SIG130,6,0.5848,0.5492,0.0356,0.882,0.023256,0.369018,1,0,5,9
SIG078,6,0.5845,0.5498,0.0347,1.203,0.003322,0.212625,3,0,4,6
SIG196,6,0.584,0.5494,0.0347,0.987,0.003322,0.212625,1,0,5,4
SIG296,6,0.5833,0.549,0.0343,0.772,0.003322,0.212625,1,0,4,11
SIG071,6,0.583,0.5491,0.0338,1.088,0.003322,0.212625,2,0,5,13
SIG287,6,0.5849,0.5512,0.0338,0.865,0.003322,0.212625,1,0,5,3
SIG180,6,0.5828,0.5498,0.0331,1.198,0.006645,0.283499,1,0,5,5
SIG235,6,0.5836,0.5505,0.0331,1.099,0.003322,0.212625,2,0,3,6
SIG308,6,0.5828,0.5498,0.033,0.832,0.063123,0.47715,0,0,5,5
SIG225,6,0.5827,0.5498,0.0329,0.93,0.046512,0.425249,1,0,6,5
SIG143,6,0.5826,0.5505,0.0321,1.481,0.003322,0.212625,2,0,3,6
SIG337,6,0.5807,0.5494,0.0313,0.849,0.013289,0.335723,2,0,4,4
SIG205,6,0.5813,0.5501,0.0312,0.86,0.019934,0.357686,1,0,5,7
SIG208,6,0.581,0.5505,0.0305,1.057,0.013289,0.335723,3,0,4,7
SIG218,6,0.5796,0.5494,0.0302,0.977,0.003322,0.212625,1,0,6,4
SIG260,6,0.5796,0.5498,0.0298,0.866,0.016611,0.342943,1,0,5,5
SIG027,6,0.5784,0.5494,0.029,0.955,0.006645,0.283499,2,0,4,4
SIG288,6,0.5781,0.5498,0.0284,0.651,0.033223,0.408893,1,0,6,5
SIG213,6,0.5781,0.5498,0.0283,0.777,0.083056,0.540571,0,0,6,5
SIG114,6,0.5778,0.5496,0.0281,0.706,0.036545,0.420156,1,0,4,20
SIG073,6,0.5763,0.5483,0.028,0.736,0.009967,0.318937,2,0,4,16
SIG034,6,0.577,0.5491,0.0279,0.806,0.019934,0.357686,1,0,5,14
SIG035,6,0.5787,0.551,0.0277,0.727,0.009967,0.318937,2,0,3,3
SIG202,6,0.5761,0.5486,0.0276,0.685,0.006645,0.283499,1,0,4,29
SIG282,6,0.5756,0.5483,0.0273,0.584,0.043189,0.425249,1,0,4,16
SIG279,6,0.5771,0.5501,0.027,0.803,0.076412,0.520252,0,0,5,7
SIG320,6,0.5764,0.5494,0.0269,0.748,0.046512,0.425249,1,0,6,8
SIG075,6,0.5754,0.5491,0.0262,0.775,0.0299,0.395922,1,0,5,14
SIG090,6,0.5756,0.5494,0.0262,0.709,0.0299,0.395922,1,0,4,4
SIG037,6,0.5751,0.5491,0.0259,0.798,0.056478,0.467407,0,0,6,14
SIG278,6,0.5755,0.5498,0.0258,0.756,0.043189,0.425249,1,0,5,5
SIG182,6,0.5766,0.5512,0.0254,0.693,0.026578,0.38082,1,0,5,3
SIG109,6,0.5752,0.5501,0.0251,1.081,0.003322,0.212625,2,0,4,7
SIG267,6,0.5741,0.549,0.0251,0.586,0.10299,0.585032,0,0,6,11
SIG272,6,0.5745,0.5494,0.0251,0.676,0.023256,0.369018,1,0,5,4
SIG054,6,0.574,0.549,0.025,0.515,0.096346,0.576272,0,0,4,46
SIG301,6,0.5748,0.5501,0.0248,0.767,0.049834,0.4369,1,0,5,7
SIG088,6,0.5751,0.5505,0.0246,0.775,0.023256,0.369018,1,0,5,6
SIG231,6,0.5758,0.5512,0.0246,0.594,0.099668,0.579885,0,0,4,3
SIG323,6,0.5739,0.5498,0.0241,0.641,0.063123,0.47715,0,0,4,5
SIG314,6,0.5735,0.5501,0.0235,0.596,0.043189,0.425249,1,0,4,8
SIG049,6,0.571,0.5491,0.022,0.508,0.0299,0.395922,1,0,5,14
SIG006,6,0.5712,0.5494,0.0218,0.784,0.023256,0.369018,1,0,4,8
SIG237,6,0.572,0.5505,0.0215,0.482,0.016611,0.342943,1,0,4,6
SIG112,6,0.5705,0.5494,0.0212,0.547,0.076412,0.520252,0,0,5,4
SIG024,6,0.5715,0.5505,0.021,0.611,0.066445,0.483238,0,0,5,7
SIG266,6,0.5707,0.5498,0.0209,0.556,0.036545,0.420156,2,0,5,5
SIG324,6,0.5721,0.5512,0.0209,0.447,0.0299,0.395922,1,0,4,3
SIG190,6,0.5709,0.5501,0.0208,0.527,0.043189,0.425249,1,0,5,7
SIG244,6,0.5693,0.5491,0.0202,0.727,0.019934,0.357686,1,0,6,13
SIG161,6,0.569,0.5494,0.0197,0.783,0.009967,0.318937,2,0,4,4
SIG002,6,0.5685,0.5494,0.0191,0.722,0.016611,0.342943,1,0,5,4
SIG336,6,0.5701,0.5512,0.0189,0.727,0.009967,0.318937,2,0,4,3
SIG038,6,0.57,0.5512,0.0188,0.585,0.019934,0.357686,1,0,4,3
SIG040,6,0.5679,0.5491,0.0188,1.045,0.003322,0.212625,2,0,4,15
SIG270,6,0.5681,0.5494,0.0187,0.343,0.109635,0.596313,0,0,4,4
SIG261,6,0.5676,0.5491,0.0186,0.51,0.039867,0.4229,1,0,5,14
SIG099,6,0.5674,0.549,0.0184,0.442,0.093023,0.572451,0,0,5,11
SIG188,6,0.5689,0.5505,0.0184,0.512,0.066445,0.483238,0,0,4,6
SIG076,6,0.5678,0.5494,0.0183,0.535,0.003322,0.212625,2,0,3,9
SIG079,6,0.568,0.5498,0.0183,0.223,0.026578,0.38082,1,0,3,5
SIG179,6,0.569,0.5513,0.0177,0.461,0.006645,0.283499,1,0,3,12
SIG226,6,0.5675,0.5498,0.0177,0.864,0.003322,0.212625,2,0,3,5
SIG133,6,0.5666,0.5498,0.0169,0.402,0.10299,0.585032,0,0,6,5
SIG257,6,0.5676,0.5512,0.0165,0.403,0.003322,0.212625,1,0,3,4
SIG087,6,0.5657,0.5498,0.016,0.346,0.099668,0.579885,0,0,4,5
SIG285,6,0.5652,0.5492,0.016,0.306,0.016611,0.342943,1,0,3,9
SIG081,6,0.5656,0.5498,0.0158,0.582,0.006645,0.283499,1,0,3,5
SIG276,6,0.5671,0.5513,0.0158,0.462,0.083056,0.540571,0,0,5,12
SIG229,6,0.5648,0.5494,0.0155,0.414,0.20598,0.687271,0,0,5,4
SIG197,6,0.5646,0.5494,0.0152,0.464,0.039867,0.4229,1,0,4,4
SIG055,6,0.5634,0.5486,0.0149,0.599,0.069767,0.497968,0,0,5,21
SIG127,6,0.5652,0.5505,0.0147,0.331,0.043189,0.425249,1,0,4,6
SIG153,6,0.564,0.5494,0.0146,0.441,0.033223,0.408893,2,0,3,8
SIG031,6,0.5635,0.5494,0.0142,0.419,0.106312,0.593371,0,0,3,4
SIG001,6,0.5629,0.5494,0.0135,0.307,0.109635,0.596313,0,0,4,4
SIG051,6,0.5636,0.5501,0.0135,0.331,0.162791,0.660799,0,0,4,7
SIG140,6,0.5639,0.5505,0.0134,0.476,0.019934,0.357686,2,0,4,6
SIG289,6,0.5615,0.5483,0.0132,0.581,0.033223,0.408893,2,0,4,17
SIG335,6,0.5632,0.5501,0.0131,0.206,0.006645,0.283499,1,0,2,8
SIG171,6,0.5623,0.5494,0.013,0.758,0.013289,0.335723,2,0,4,4
SIG045,6,0.5628,0.5505,0.0123,0.252,0.033223,0.408893,1,0,4,6
SIG216,6,0.5615,0.5494,0.0121,0.334,0.033223,0.408893,1,0,4,4
SIG052,6,0.5614,0.5494,0.012,0.23,0.063123,0.47715,0,0,4,20
SIG281,6,0.5614,0.5494,0.012,0.364,0.166113,0.668631,0,0,5,4
SIG138,6,0.5617,0.5498,0.0119,0.189,0.0299,0.395922,1,0,4,5
SIG184,6,0.563,0.5512,0.0119,0.226,0.026578,0.38082,1,0,4,3
SIG135,6,0.563,0.5512,0.0118,0.326,0.119601,0.613996,0,0,4,3
SIG070,6,0.5629,0.5512,0.0117,0.248,0.036545,0.420156,1,0,3,3
SIG230,6,0.5599,0.5483,0.0117,0.571,0.069767,0.497968,0,0,4,16
SIG025,6,0.5606,0.549,0.0116,0.12,0.126246,0.624722,0,0,3,13
SIG011,6,0.5625,0.5512,0.0113,0.182,0.116279,0.61166,0,0,4,3
SIG026,6,0.5597,0.5486,0.0111,0.529,0.023256,0.369018,1,0,3,31
SIG042,6,0.5611,0.5501,0.011,0.487,0.016611,0.342943,1,0,4,8
SIG096,6,0.5597,0.549,0.0107,-0.006,0.066445,0.483238,0,0,2,11
SIG318,6,0.5598,0.5494,0.0105,0.323,0.033223,0.408893,1,0,4,4
SIG176,6,0.5597,0.5494,0.0103,0.409,0.013289,0.335723,1,0,3,8
SIG248,6,0.5601,0.5498,0.0103,0.799,0.003322,0.212625,2,0,3,5
SIG041,6,0.5591,0.5489,0.0102,0.497,0.019934,0.357686,2,0,3,10
SIG283,6,0.559,0.5489,0.0101,0.363,0.129568,0.628209,0,0,5,10
SIG170,6,0.5604,0.5505,0.0099,0.171,0.033223,0.408893,1,0,3,6
SIG256,6,0.5596,0.5498,0.0098,0.202,0.182724,0.674674,0,0,4,5
SIG293,6,0.5603,0.5505,0.0098,0.141,0.019934,0.357686,1,0,3,7
SIG022,6,0.5588,0.5494,0.0094,0.144,0.083056,0.540571,0,0,4,4
SIG233,6,0.5583,0.5489,0.0094,0.469,0.013289,0.335723,1,0,3,10
SIG207,6,0.5583,0.5491,0.0092,0.351,0.179402,0.674674,0,0,5,13
SIG243,6,0.5586,0.5494,0.0092,0.588,0.009967,0.318937,2,0,3,8
SIG085,6,0.5591,0.5501,0.009,0.283,0.136213,0.642253,0,0,4,7
SIG003,6,0.5574,0.549,0.0084,0.257,0.282392,0.721961,0,0,5,13
SIG044,6,0.5596,0.5512,0.0084,0.31,0.199336,0.685886,0,0,5,3
SIG215,6,0.5575,0.5494,0.0082,0.247,0.039867,0.4229,1,0,3,4
SIG068,6,0.557,0.5498,0.0072,0.001,0.146179,0.642253,0,0,3,5
SIG149,6,0.5565,0.5494,0.007,0.281,0.046512,0.425249,1,0,4,8
SIG302,6,0.5574,0.5505,0.0069,0.139,0.083056,0.540571,0,0,3,6
SIG221,6,0.5562,0.5494,0.0068,0.287,0.086379,0.549163,0,0,4,4
SIG177,6,0.5557,0.5491,0.0067,0.282,0.179402,0.674674,0,0,5,14
SIG331,6,0.5558,0.5494,0.0065,0.144,0.146179,0.642253,0,0,5,4
SIG033,6,0.5556,0.5492,0.0064,0.165,0.152824,0.650603,0,0,4,10
SIG217,6,0.5558,0.5494,0.0064,0.071,0.056478,0.467407,0,0,3,8
SIG263,6,0.5558,0.5494,0.0064,-0.016,0.096346,0.576272,0,0,3,4
SIG250,6,0.5552,0.5494,0.0058,0.128,0.10299,0.585032,0,0,4,4
SIG047,6,0.5551,0.5494,0.0057,0.166,0.10299,0.585032,0,0,5,4
SIG053,6,0.5548,0.5492,0.0056,0.104,0.136213,0.642253,0,0,3,11
SIG209,6,0.5554,0.5498,0.0056,0.082,0.039867,0.4229,1,0,3,5
SIG019,6,0.5568,0.5513,0.0055,0.055,0.20598,0.687271,0,0,4,12
SIG146,6,0.5566,0.5512,0.0055,0.286,0.083056,0.540571,0,0,5,3
SIG007,6,0.5555,0.5503,0.0052,0.128,0.033223,0.408893,1,0,3,15
SIG046,6,0.5545,0.5494,0.0051,0.418,0.016611,0.342943,1,0,3,5
SIG315,6,0.5545,0.5494,0.005,-0.043,0.036545,0.420156,1,0,3,8
SIG268,6,0.5552,0.5505,0.0047,0.094,0.196013,0.680552,0,0,4,6
SIG086,6,0.5543,0.5498,0.0045,0.121,0.189369,0.680086,0,0,3,5
SIG066,6,0.5533,0.549,0.0043,-0.033,0.10299,0.585032,0,0,3,11
SIG119,6,0.553,0.5489,0.0041,0.213,0.112957,0.609205,0,0,4,10
SIG185,6,0.5533,0.5492,0.0041,0.335,0.036545,0.420156,2,0,3,22
SIG155,6,0.5532,0.5492,0.004,0.139,0.096346,0.576272,0,0,3,9
SIG166,6,0.5551,0.5512,0.004,0.078,0.139535,0.642253,0,0,3,3
SIG169,6,0.5528,0.5494,0.0034,0.295,0.066445,0.483238,0,0,5,8
SIG116,6,0.553,0.5498,0.0033,0.027,0.083056,0.540571,0,0,4,5
SIG147,6,0.5544,0.5512,0.0032,0.231,0.109635,0.596313,0,0,4,3
SIG175,6,0.5529,0.5498,0.0031,-0.063,0.086379,0.549163,0,0,2,6
SIG227,6,0.5526,0.5494,0.0031,0.108,0.069767,0.497968,0,0,4,8
SIG304,6,0.5523,0.5494,0.003,0.283,0.093023,0.572451,0,0,4,4
SIG313,6,0.5542,0.5512,0.003,0.081,0.089701,0.560996,0,0,3,3
SIG030,6,0.5528,0.5501,0.0027,0.164,0.139535,0.642253,0,0,4,7
SIG121,6,0.5525,0.5505,0.002,0.282,0.043189,0.425249,1,0,2,6
SIG286,6,0.5514,0.5498,0.0016,-0.127,0.033223,0.408893,1,0,1,5
SIG020,6,0.5527,0.5512,0.0015,0.263,0.063123,0.47715,0,0,4,5
SIG220,6,0.5516,0.5501,0.0015,-0.053,0.229236,0.707609,0,0,4,7
SIG057,6,0.5509,0.5494,0.0014,0.119,0.182724,0.674674,0,0,3,8
SIG122,6,0.5507,0.5494,0.0013,-0.135,0.202658,0.687271,0,0,4,8
SIG251,6,0.5503,0.5491,0.0011,0.136,0.056478,0.467407,0,0,3,14
SIG246,6,0.5506,0.5498,9e-04,0.294,0.063123,0.47715,0,0,3,5
SIG214,6,0.5504,0.5498,6e-04,0.339,0.006645,0.283499,1,0,2,5
SIG016,6,0.5501,0.5497,4e-04,0.052,0.142857,0.642253,0,0,3,57
SIG093,6,0.5496,0.5492,4e-04,0.06,0.192691,0.680086,0,0,4,9
SIG151,6,0.5495,0.5494,1e-04,-0.004,0.182724,0.674674,0,0,4,8
SIG060,6,0.5503,0.5505,-1e-04,-0.068,0.089701,0.560996,0,0,3,7
SIG074,6,0.5489,0.549,-1e-04,0.028,0.149502,0.650603,0,0,3,11
SIG167,6,0.5509,0.5512,-2e-04,-0.146,0.13289,0.637874,0,0,3,3
SIG107,6,0.5488,0.5491,-3e-04,0.21,0.016611,0.342943,1,0,3,15
SIG334,6,0.5491,0.5494,-3e-04,-0.016,0.083056,0.540571,0,0,3,4
SIG187,6,0.5489,0.5494,-5e-04,-0.153,0.066445,0.483238,0,0,3,4
SIG144,6,0.5504,0.5512,-7e-04,-0.106,0.122924,0.617836,0,0,2,3
SIG273,6,0.5486,0.5494,-8e-04,0.061,0.086379,0.549163,0,0,3,4
SIG312,6,0.5484,0.5492,-8e-04,-0.088,0.159468,0.659869,0,0,4,9
SIG012,6,0.5503,0.5512,-9e-04,0.198,0.089701,0.560996,0,0,3,3
SIG249,6,0.5483,0.5494,-0.001,-0.086,0.096346,0.576272,0,0,2,4
SIG009,6,0.5494,0.5505,-0.0011,-0.176,0.222591,0.70292,0,0,3,6
SIG269,6,0.5499,0.5512,-0.0013,-0.074,0.122924,0.617836,0,0,3,3
SIG005,6,0.549,0.5505,-0.0015,0.032,0.196013,0.680552,0,0,4,6
SIG319,6,0.5479,0.5494,-0.0015,-0.001,0.116279,0.61166,0,0,4,8
SIG021,6,0.5477,0.5494,-0.0017,-0.034,0.295681,0.72783,0,0,4,10
SIG306,6,0.5468,0.549,-0.0022,-0.016,0.20598,0.687271,0,0,3,11
SIG317,6,0.5479,0.5501,-0.0022,0.03,0.126246,0.624722,0,0,3,7
SIG063,6,0.547,0.5494,-0.0024,-0.138,0.119601,0.613996,0,0,3,19
SIG156,6,0.5472,0.5498,-0.0026,0.637,0.003322,0.212625,1,0,2,5
SIG245,6,0.5485,0.5512,-0.0027,-0.183,0.232558,0.71214,0,0,3,3
SIG178,6,0.5484,0.5512,-0.0028,0.17,0.039867,0.4229,1,0,4,3
SIG292,6,0.5462,0.5491,-0.0028,-0.077,0.255814,0.721961,0,0,4,15
SIG232,6,0.5471,0.5501,-0.0029,0.029,0.07309,0.514037,0,0,4,7
SIG183,6,0.5459,0.5494,-0.0035,-0.084,0.116279,0.61166,0,0,3,4
SIG274,6,0.5459,0.5494,-0.0035,0.078,0.016611,0.342943,1,0,3,8
SIG036,6,0.5477,0.5513,-0.0036,-0.113,0.179402,0.674674,0,0,3,13
SIG311,6,0.5456,0.5494,-0.0037,-0.008,0.059801,0.47715,0,0,2,5
SIG189,6,0.5465,0.5505,-0.004,-0.024,0.189369,0.680086,0,0,4,6
SIG194,6,0.5465,0.5505,-0.004,-0.033,0.109635,0.596313,0,0,3,6
SIG097,6,0.545,0.5491,-0.0041,-0.15,0.059801,0.47715,0,0,3,14
SIG108,6,0.545,0.5491,-0.0041,-0.16,0.23588,0.717734,0,0,2,15
SIG065,6,0.5456,0.5498,-0.0042,0.343,0.003322,0.212625,1,0,3,5
SIG102,6,0.5448,0.5494,-0.0046,-0.035,0.17608,0.673452,0,0,3,4
SIG117,6,0.5448,0.5494,-0.0046,-0.175,0.212625,0.687271,0,0,3,4
SIG222,6,0.5464,0.5512,-0.0048,-0.081,0.119601,0.613996,0,0,3,3
SIG297,6,0.544,0.549,-0.005,-0.144,0.179402,0.674674,0,0,3,11
SIG004,6,0.5443,0.5494,-0.0051,-0.142,0.156146,0.658903,0,0,3,9
SIG014,6,0.545,0.5503,-0.0053,-0.353,0.119601,0.613996,0,0,2,15
SIG029,6,0.544,0.5494,-0.0053,-0.185,0.239203,0.721961,0,0,3,5
SIG110,6,0.5439,0.5492,-0.0053,0.003,0.172757,0.673452,0,0,4,9
SIG111,6,0.546,0.5513,-0.0053,0.103,0.043189,0.425249,1,0,4,13
SIG206,6,0.5434,0.549,-0.0055,-0.141,0.27907,0.721961,0,0,5,11
SIG199,6,0.544,0.5498,-0.0058,-0.139,0.259136,0.721961,0,0,3,5
SIG058,6,0.5432,0.5492,-0.006,0.032,0.043189,0.425249,1,0,3,24
SIG234,6,0.5453,0.5513,-0.006,-0.3,0.063123,0.47715,0,0,2,13
SIG129,6,0.5429,0.5492,-0.0063,-0.264,0.162791,0.660799,0,0,1,9
SIG050,6,0.5434,0.5498,-0.0064,-0.223,0.322259,0.745467,0,0,3,6
SIG059,6,0.5425,0.5491,-0.0066,-0.31,0.199336,0.685886,0,0,2,14
SIG294,6,0.5427,0.5494,-0.0066,-0.154,0.156146,0.658903,0,0,3,4
SIG098,6,0.5431,0.5498,-0.0067,-0.218,0.242525,0.721961,0,0,3,5
SIG145,6,0.5445,0.5513,-0.0068,-0.072,0.139535,0.642253,0,0,4,12
SIG139,6,0.5422,0.5494,-0.0072,-0.101,0.159468,0.659869,0,0,3,4
SIG228,6,0.5433,0.5505,-0.0072,-0.252,0.049834,0.4369,1,0,3,6
SIG083,6,0.5408,0.5483,-0.0074,-0.359,0.182724,0.674674,0,0,2,17
SIG094,6,0.5438,0.5512,-0.0074,-0.336,0.305648,0.728094,0,0,3,3
SIG305,6,0.5425,0.5501,-0.0075,-0.083,0.272425,0.721961,0,0,4,7
SIG321,6,0.5433,0.5512,-0.0079,-0.327,0.345515,0.75643,0,0,2,3
SIG120,6,0.543,0.5512,-0.0082,-0.067,0.063123,0.47715,0,0,4,4
SIG141,6,0.5415,0.5501,-0.0085,-0.168,0.039867,0.4229,1,0,2,7
SIG134,6,0.5406,0.5494,-0.0088,-0.086,0.053156,0.449603,0,0,2,8
SIG080,6,0.5406,0.5494,-0.0089,-0.29,0.146179,0.642253,0,0,1,8
SIG303,6,0.5423,0.5512,-0.0089,-0.375,0.046512,0.425249,1,0,2,3
SIG330,6,0.539,0.5483,-0.0092,-0.078,0.093023,0.572451,0,0,3,16
SIG173,6,0.5405,0.5498,-0.0093,-0.357,0.269103,0.721961,0,0,3,5
SIG238,6,0.5412,0.5505,-0.0093,-0.315,0.146179,0.642253,0,0,2,6
SIG271,6,0.5405,0.5498,-0.0093,-0.285,0.242525,0.721961,0,0,2,5
SIG115,6,0.5399,0.5494,-0.0094,-0.377,0.302326,0.728094,0,0,2,4
SIG193,6,0.5406,0.5501,-0.0095,-0.225,0.17608,0.673452,0,0,2,7
SIG043,6,0.5392,0.5491,-0.0098,-0.113,0.046512,0.425249,1,0,2,14
SIG198,6,0.5414,0.5512,-0.0098,0.033,0.023256,0.369018,1,0,3,3
SIG128,6,0.539,0.549,-0.01,-0.374,0.222591,0.70292,0,0,2,11
SIG010,6,0.5404,0.5505,-0.0101,-0.416,0.192691,0.680086,0,0,2,6
SIG069,6,0.5399,0.5501,-0.0102,-0.285,0.265781,0.721961,0,0,3,7
SIG013,6,0.5385,0.5492,-0.0107,0.039,0.009967,0.318937,1,0,2,9
SIG101,6,0.5381,0.5494,-0.0114,-0.373,0.342193,0.75643,0,0,4,10
SIG326,6,0.5375,0.5492,-0.0117,-0.404,0.302326,0.728094,0,0,2,9
SIG307,6,0.5373,0.5491,-0.0118,-0.341,0.33887,0.75643,0,0,3,13
SIG203,6,0.5379,0.5498,-0.0119,-0.347,0.312292,0.737517,0,0,3,5
SIG039,6,0.5364,0.5491,-0.0127,-0.389,0.186047,0.679105,0,0,3,14
SIG195,6,0.5386,0.5513,-0.0127,-0.46,0.252492,0.721961,0,0,2,12
SIG142,6,0.5384,0.5513,-0.0129,-0.267,0.116279,0.61166,0,0,3,12
SIG255,6,0.5375,0.551,-0.0134,-0.173,0.129568,0.628209,0,0,3,3
SIG322,6,0.5367,0.5501,-0.0134,-0.366,0.209302,0.687271,0,0,3,7
SIG204,6,0.5375,0.5512,-0.0137,-0.464,0.292359,0.72783,0,0,2,3
SIG062,6,0.534,0.5477,-0.0138,-0.514,0.13289,0.637874,0,0,1,43
SIG338,6,0.5372,0.5512,-0.0139,-0.538,0.215947,0.693341,0,0,1,3
SIG240,6,0.5365,0.5505,-0.014,-0.288,0.209302,0.687271,0,0,2,6
SIG241,6,0.5354,0.5494,-0.014,-0.442,0.109635,0.596313,0,0,1,4
SIG280,6,0.535,0.5494,-0.0144,-0.439,0.136213,0.642253,0,0,1,4
SIG295,6,0.5357,0.5501,-0.0144,-0.421,0.342193,0.75643,0,0,3,9
SIG254,6,0.5365,0.5512,-0.0147,-0.378,0.192691,0.680086,0,0,2,3
SIG192,6,0.5361,0.5512,-0.015,-0.466,0.209302,0.687271,0,0,1,3
SIG015,6,0.5348,0.5512,-0.0164,-0.491,0.375415,0.772559,0,0,1,3
SIG262,6,0.534,0.5505,-0.0165,-0.287,0.059801,0.47715,0,0,2,6
SIG032,6,0.5321,0.5489,-0.0168,-0.538,0.146179,0.642253,0,0,1,10
SIG275,6,0.5324,0.5494,-0.017,-0.494,0.099668,0.579885,0,0,2,4
SIG172,6,0.5332,0.5505,-0.0173,-0.544,0.209302,0.687271,0,0,1,6
SIG239,6,0.5327,0.5501,-0.0173,-0.514,0.312292,0.737517,0,0,2,7
SIG150,6,0.5314,0.5489,-0.0175,-0.299,0.076412,0.520252,0,0,2,10
SIG023,6,0.5315,0.5492,-0.0177,-0.448,0.129568,0.628209,0,0,1,9
SIG242,6,0.5316,0.5505,-0.0189,-0.593,0.415282,0.794957,0,0,3,6
SIG077,6,0.5306,0.5501,-0.0194,-0.169,0.016611,0.342943,1,0,2,7
SIG152,6,0.5297,0.5494,-0.0197,-0.543,0.299003,0.728094,0,0,2,8
SIG132,6,0.5295,0.5498,-0.0203,-0.589,0.48505,0.839158,0,0,2,5
SIG298,6,0.5285,0.5492,-0.0207,-0.554,0.342193,0.75643,0,0,1,9
SIG300,6,0.5284,0.5498,-0.0214,-0.335,0.019934,0.357686,1,0,1,5
SIG048,6,0.5275,0.549,-0.0215,-0.662,0.471761,0.833285,0,0,1,11
SIG212,6,0.5295,0.5512,-0.0217,-0.525,0.249169,0.721961,0,0,2,3
SIG259,6,0.528,0.5498,-0.0218,-0.419,0.146179,0.642253,0,0,1,6
SIG219,6,0.5277,0.5501,-0.0223,-0.631,0.524917,0.846925,0,0,0,8
SIG223,6,0.5264,0.5494,-0.0229,-0.674,0.332226,0.75643,0,0,1,4
SIG091,6,0.5267,0.5501,-0.0233,-0.735,0.574751,0.865507,0,0,0,7
SIG125,6,0.5257,0.5494,-0.0237,-0.573,0.139535,0.642253,0,0,2,4
SIG258,6,0.5253,0.5494,-0.024,-0.655,0.428571,0.798878,0,0,2,6
SIG126,6,0.5251,0.5494,-0.0242,-0.696,0.504983,0.840909,0,0,0,4
SIG310,6,0.5252,0.5494,-0.0242,-0.739,0.328904,0.753574,0,0,1,4
SIG072,6,0.5244,0.5491,-0.0247,-0.627,0.398671,0.79157,0,0,2,15
SIG159,6,0.5211,0.5505,-0.0294,-0.912,0.561462,0.861028,0,0,0,6
SIG191,6,0.5206,0.5512,-0.0306,-0.829,0.465116,0.832268,0,0,1,3
SIG277,6,0.5187,0.5505,-0.0318,-0.914,0.348837,0.760235,0,0,1,6
SIG056,6,0.5161,0.5505,-0.0344,-0.848,0.498339,0.840909,0,0,1,7
SIG067,6,0.5152,0.5498,-0.0346,-0.945,0.654485,0.896939,0,0,0,5
