cohort,n_gene,null_median,null_mean,null_p95
GSE17537,3,0.556818181818182,0.566346818181818,0.656818181818182
GSE29621,3,0.550045085662759,0.558279531109107,0.640216411181244
GSE38832,3,0.540643522438611,0.547782641828959,0.617696867061812
GSE39582,3,0.520226720002126,0.523587770941034,0.556885988810185
GSE72970,3,0.555831265508685,0.564506451612903,0.652667493796526
GSE17537,5,0.556818181818182,0.565732727272727,0.655681818181818
GSE29621,5,0.550045085662759,0.558040577096483,0.640216411181244
GSE38832,5,0.541066892464014,0.547729635901778,0.616426756985606
GSE39582,5,0.520020731723524,0.523696157986365,0.557619572873337
GSE72970,5,0.558312655086849,0.565846153846154,0.655086848635236
GSE17537,8,0.557954545454546,0.565419090909091,0.657954545454546
GSE29621,8,0.550946798917944,0.557850135256988,0.634806131650135
GSE38832,8,0.540643522438611,0.546964521591871,0.611769686706181
GSE39582,8,0.520406129148006,0.523682682366074,0.556275333235877
GSE72970,8,0.557071960297767,0.565939454094293,0.655086848635236
GSE17537,9,0.555681818181818,0.564968863636364,0.655681818181818
GSE29621,9,0.549143372407574,0.557066907123535,0.63751127141569
GSE38832,9,0.540643522438611,0.547279932260796,0.612616426756986
GSE39582,9,0.520386194798464,0.52400362273579,0.558002976862865
GSE72970,9,0.557071960297767,0.565126799007444,0.656327543424318
GSE17537,15,0.554545454545455,0.562439318181818,0.648863636363636
GSE29621,15,0.54824165915239,0.555719567177638,0.629395852119026
GSE38832,15,0.539796782387807,0.545677646062659,0.607959356477561
GSE39582,15,0.521695217085067,0.524910244926708,0.558867463154677
GSE72970,15,0.557071960297767,0.56512952853598,0.652605459057072
GSE17537,20,0.554545454545455,0.562540227272727,0.648863636363636
GSE29621,20,0.549143372407574,0.556434084761046,0.634851217312895
GSE38832,20,0.539796782387807,0.545839627434378,0.607535986452159
GSE39582,20,0.522233444522705,0.525247587279227,0.559557856127155
GSE72970,20,0.557071960297767,0.564961042183623,0.652605459057072
GSE17537,29,0.553409090909091,0.561210227272727,0.645454545454546
GSE29621,29,0.547339945897205,0.555547159603246,0.63214607754734
GSE38832,29,0.539373412362405,0.545154445385267,0.604170194750212
GSE39582,29,0.523097266336199,0.526245822424814,0.560502079817136
GSE72970,29,0.559553349875931,0.567103722084367,0.652605459057072
GSE17537,50,0.551136363636364,0.557968636363636,0.638636363636364
GSE29621,50,0.54824165915239,0.555679891794409,0.631199278629396
GSE38832,50,0.5385266723116,0.542512023708721,0.5961049957663
GSE39582,50,0.525828272223477,0.527760599093652,0.561406434808032
GSE72970,50,0.562034739454094,0.568683870967742,0.653846153846154
GSE17536,2,0.534203062960862,0.539466749858196,0.59194554736245
GSE29621,2,0.551848512173129,0.559559603246168,0.640216411181244
GSE38832,2,0.541913632514818,0.548701185436071,0.618141405588484
GSE39582,2,0.520100469121693,0.523568009355855,0.556329820457959
GSE72970,2,0.557071960297767,0.565354838709677,0.652605459057072
GSE17536,5,0.533862733976177,0.538931276233693,0.59206466250709
GSE17536,7,0.535791264889393,0.539656653431651,0.591043675553035
GSE29621,7,0.550045085662759,0.557245626690712,0.63570784490532
GSE38832,7,0.539373412362405,0.546679508890771,0.611790855207451
GSE39582,7,0.520578893510705,0.523971552354247,0.557592993740614
GSE72970,7,0.555831265508685,0.564924069478908,0.653846153846154
GSE17536,10,0.535110606920023,0.539838275666478,0.592739648326716
GSE29621,10,0.550045085662759,0.556930568079351,0.63570784490532
GSE38832,10,0.541490262489416,0.547465791701948,0.614733276883997
GSE39582,10,0.520824750488392,0.524349534200699,0.558004305819501
GSE72970,10,0.557071960297767,0.565474193548387,0.656327543424318
GSE17536,14,0.535337492909813,0.53982822461713,0.591605218377765
GSE29621,14,0.549143372407574,0.55684526600541,0.63570784490532
GSE38832,14,0.539796782387807,0.546245977984759,0.60965283657917
GSE39582,14,0.521077252249259,0.5245477321355,0.558150491049477
GSE72970,14,0.557071960297767,0.565649627791563,0.656327543424318
GSE17536,19,0.535904707884288,0.540050187180942,0.59138400453772
GSE29621,19,0.54824165915239,0.555264201983769,0.633002705139766
GSE38832,19,0.538950042337003,0.544933615580017,0.607133784928027
GSE39582,19,0.521874626230946,0.525108472098555,0.558613632437174
GSE72970,19,0.557071960297767,0.566658560794045,0.6575682382134
GSE17536,30,0.537039137833239,0.540752399319342,0.5908111174135
GSE29621,30,0.54824165915239,0.554965374211001,0.629395852119026
GSE38832,30,0.5385266723116,0.544363759525826,0.603302286198137
GSE39582,30,0.522971015455766,0.525837375576435,0.558840219543636
GSE72970,30,0.558312655086849,0.566800248138958,0.653846153846154
GSE17536,33,0.537606352807714,0.541931140102099,0.593085649461146
GSE29621,33,0.54824165915239,0.555297745716862,0.631199278629396
GSE38832,33,0.538950042337003,0.543742845046571,0.600762066045724
GSE39582,33,0.523775034220633,0.526384751551557,0.560806410886813
GSE72970,33,0.559553349875931,0.566812158808933,0.652605459057072
GSE17537,2,0.560227272727273,0.568061363636364,0.661363636363636
GSE17536,8,0.534883720930233,0.539460102098695,0.591724333522405
GSE17537,10,0.556818181818182,0.5647675,0.650056818181819
GSE17536,16,0.535110606920023,0.539685876347136,0.59126488939308
GSE17537,16,0.553409090909091,0.562285909090909,0.648863636363636
GSE38832,16,0.540643522438611,0.546286536833192,0.608806096528366
GSE39582,16,0.521602190120536,0.524778048294284,0.557977726686778
GSE72970,16,0.557071960297767,0.565495037220844,0.650124069478908
GSE17536,20,0.536925694838344,0.541099829835508,0.593993193420306
GSE17536,29,0.537492909812819,0.540972342597845,0.59103800340329
GSE17536,37,0.53817356778219,0.541523244469654,0.590363017583664
GSE17537,37,0.55,0.559261136363636,0.643181818181818
GSE38832,37,0.5385266723116,0.543584419983065,0.601185436071126
GSE39582,37,0.523270030698898,0.526184913684267,0.559623639480644
GSE72970,37,0.559553349875931,0.566318362282878,0.653846153846154
GSE17537,7,0.556818181818182,0.565034545454545,0.655681818181818
GSE17536,15,0.535337492909813,0.540399455473625,0.594100964265457
GSE17537,30,0.553409090909091,0.561220909090909,0.645454545454546
GSE17536,49,0.53885422575156,0.54149023255814,0.590017016449234
GSE17537,49,0.55,0.5576175,0.638636363636364
GSE29621,49,0.547339945897205,0.55442091974752,0.631199278629396
GSE39582,49,0.525409650883092,0.527579512804497,0.560648265047112
GSE72970,49,0.562034739454094,0.567458808933003,0.65136476426799
GSE17536,3,0.535450935904708,0.540033964832672,0.591497447532615
GSE17537,14,0.554545454545455,0.563959318181818,0.651193181818182
GSE17536,27,0.536812251843449,0.54066132728304,0.590470788428815
GSE17537,27,0.552272727272727,0.560929545454545,0.646590909090909
GSE29621,27,0.54643823264202,0.554432461677187,0.629395852119026
GSE38832,27,0.538950042337003,0.544118712955123,0.603302286198137
GSE72970,27,0.558312655086849,0.565707444168735,0.650124069478908
GSE17536,50,0.540328984685196,0.542481951219512,0.5908111174135
GSE29621,16,0.54824165915239,0.555823805229937,0.631199278629396
GSE17536,35,0.537946681792399,0.541363811684628,0.591951219512195
GSE17537,35,0.552272727272727,0.559767272727273,0.642045454545455
GSE29621,35,0.54824165915239,0.555044183949504,0.627592425608657
GSE38832,35,0.539373412362405,0.544418966977138,0.602476714648603
GSE39582,35,0.523814902919718,0.526489539782317,0.56096588568315
