sig_id,训练集样本量,是否外部验证,是否多因素校正,是否给出风险公式,模型构建方法,是否有非负对照队列,year,方法_单因素Cox,方法_LASSO,方法_机器学习,n_gene,calib_median,d_rand_median,train_n,A1_sample,A2_extval,A3_multivar,A4_formula,A5_uniscreen,P1_predictor,Part_domain,Outcome_domain,overall_auto
SIG001,,1,0,0,单因素Cox,,2026,0,0,0,4,0.2056252787961905,0.00483880507892145,,unassessable,low,high,high,low,high,unassessable,unassessable,high
SIG002,541.0,1,1,1,LASSO+多因素Cox+机器学习-其他,,2026,0,0,0,4,0.4024760792705635,0.01932484220018,541.0,low,low,low,low,low,low,unassessable,unassessable,low
SIG003,,1,1,1,LASSO+单因素Cox+多因素Cox,,2025,1,1,0,13,0.5260027077179825,0.0095643986043414,,unassessable,low,low,low,high,low,unassessable,unassessable,high
SIG004,,1,1,0,LASSO+单因素Cox+多因素Cox+WGCNA+PCA,,2025,0,0,0,9,0.30499770602567,0.00501475530781205,,unassessable,low,low,high,low,high,unassessable,unassessable,high
SIG005,177.0,1,1,1,LASSO+单因素Cox+多因素Cox+机器学习-其他+PCA,,2025,0,0,1,6,0.37058125885113946,-0.0074453717369504496,177.0,high,low,low,low,low,low,unassessable,unassessable,high
SIG006,,1,1,0,LASSO+单因素Cox+多因素Cox+PCA,,2026,0,1,0,8,0.596448762034149,0.03847600415645045,,unassessable,low,low,high,low,high,unassessable,unassessable,high
SIG007,621.0,1,0,0,随机森林+机器学习-其他+WGCNA+PCA,,2026,0,0,0,15,0.2367718435448895,-0.0047324070304220495,621.0,low,low,high,high,low,high,unassessable,unassessable,high
SIG009,460.0,1,1,0,LASSO+单因素Cox+多因素Cox+PCA,,2026,0,0,0,6,0.44780390824063354,0.01561892006034295,460.0,low,low,low,high,low,high,unassessable,unassessable,high
SIG010,,1,1,1,LASSO+单因素Cox+多因素Cox+逐步回归+PCA,,2025,0,0,0,6,0.1579124894064989,-0.0144014842822274,,unassessable,low,low,low,low,low,unassessable,unassessable,unclear/high
SIG011,,1,1,1,LASSO+单因素Cox+多因素Cox+PCA,,2025,0,0,0,3,0.16956646686293347,-0.0116258381613795,,unassessable,low,low,low,low,low,unassessable,unassessable,unclear/high
SIG012,,1,1,1,LASSO+单因素Cox+多因素Cox+随机森林+机器学习-其他+PCA,,2025,0,0,0,3,0.24789782847130648,0.0200891252687359,,unassessable,low,low,low,low,low,unassessable,unassessable,unclear/high
SIG013,,1,1,0,LASSO+单因素Cox+多因素Cox+逐步回归+随机森林+PCA,,2025,0,0,0,9,0.22283967263368548,-0.0162661785180219,,unassessable,low,low,high,low,high,unassessable,unassessable,high
SIG014,420.0,1,1,0,LASSO+单因素Cox+多因素Cox+逐步回归+随机森林+机器学习-其他+WGCNA+PCA,,2025,0,0,1,15,0.2825036980437215,0.0019107673540719496,420.0,low,low,low,high,low,high,unassessable,unassessable,high
SIG015,,1,1,0,LASSO+单因素Cox+多因素Cox+逐步回归+WGCNA+PCA,,2026,0,0,0,3,0.222847140189578,-0.013853697946062449,,unassessable,low,low,high,low,high,unassessable,unassessable,high
SIG016,,1,0,0,逐步回归+PCA,,2026,0,0,0,57,0.561770968665504,-0.00572448071019445,,unassessable,low,high,high,low,high,unassessable,unassessable,high
SIG018,,1,1,0,LASSO+单因素Cox+多因素Cox+逐步回归+随机森林+机器学习-其他+PCA,,2025,0,0,1,9,0.600036731961429,0.0451376020564999,,unassessable,low,low,high,low,high,unassessable,unassessable,high
SIG019,,0,0,0,LASSO,,2025,0,0,0,12,0.615261736427503,0.0169483820314115,,unassessable,high,high,high,low,high,unassessable,unassessable,high
SIG020,,1,0,0,随机森林+PCA,,2025,0,0,1,5,0.2112396704334425,0.00618383102072095,,unassessable,low,high,high,low,high,unassessable,unassessable,high
SIG021,,1,1,0,LASSO+单因素Cox+多因素Cox+逐步回归+PCA,,2026,0,0,0,10,0.290998934616602,0.0029033333101394997,,unassessable,low,low,high,low,high,unassessable,unassessable,high
SIG022,,1,0,0,逐步回归+随机森林+机器学习-其他+PCA,,2026,0,0,0,4,0.28469873693576453,0.00905402082137845,,unassessable,low,high,high,low,high,unassessable,unassessable,high
SIG023,,1,1,0,LASSO+单因素Cox+多因素Cox+PCA,,2026,0,0,0,9,0.2034282167438185,-0.01801301378312695,,unassessable,low,low,high,low,high,unassessable,unassessable,high
SIG024,,1,1,0,单因素Cox+多因素Cox+逐步回归+PCA,,2026,0,0,0,7,0.262523868055231,0.027487942738883,,unassessable,low,low,high,low,high,unassessable,unassessable,high
SIG025,139.0,1,1,1,LASSO+单因素Cox+多因素Cox+逐步回归+随机森林+机器学习-其他+WGCNA+PCA,,2025,0,0,1,13,0.4281117584541475,0.0022521899017835002,139.0,high,low,low,low,low,low,unassessable,unassessable,high
SIG026,605.0,1,1,0,LASSO+单因素Cox+多因素Cox+逐步回归+随机森林+机器学习-其他,,2025,0,0,1,31,0.8160035966689589,-0.0048240106455754005,605.0,low,low,low,high,low,high,unassessable,unassessable,high
SIG027,,1,1,1,LASSO+单因素Cox+多因素Cox,,2025,0,0,0,4,0.1496007581748634,-0.00366372404449545,,unassessable,low,low,low,low,low,unassessable,unassessable,unclear/high
SIG028,,1,0,1,LASSO+单因素Cox+WGCNA,,2025,0,0,0,4,0.3148486094095515,0.05750968712080495,,unassessable,low,high,low,low,low,unassessable,unassessable,high
SIG029,,0,1,0,LASSO+单因素Cox+多因素Cox,,2025,0,0,0,5,0.19552392591725498,0.020235900342528902,,unassessable,high,low,high,low,high,unassessable,unassessable,high
SIG030,,1,1,1,LASSO+单因素Cox+多因素Cox+机器学习-其他,,2026,0,0,1,7,0.3212311071445415,0.00467581541627905,,unassessable,low,low,low,low,low,unassessable,unassessable,unclear/high
SIG031,74.0,1,0,0,未说明,,2025,0,0,0,4,0.148272814704073,-0.00627715103431495,74.0,high,low,high,high,low,high,unassessable,unassessable,high
SIG032,,1,1,0,LASSO+单因素Cox+多因素Cox+PCA,,2026,0,0,0,10,0.144233058199836,-0.02369452588287745,,unassessable,low,low,high,low,high,unassessable,unassessable,high
SIG033,,1,1,0,LASSO+单因素Cox+多因素Cox+逐步回归+PCA,,2026,0,0,0,10,0.6280259681642826,0.0334120624641364,,unassessable,low,low,high,low,high,unassessable,unassessable,high
SIG034,,1,1,1,LASSO+单因素Cox+多因素Cox+WGCNA,,2025,0,0,0,14,0.307778509768273,0.00311946732353195,,unassessable,low,low,low,low,low,unassessable,unassessable,unclear/high
SIG035,,1,1,1,LASSO+单因素Cox+多因素Cox+PCA,,2025,0,0,0,3,0.17371226091931552,0.00041835926354549997,,unassessable,low,low,low,low,low,unassessable,unassessable,unclear/high
SIG036,,1,1,0,LASSO+单因素Cox+多因素Cox+随机森林+机器学习-其他+PCA,,2024,0,0,1,13,0.396481381021167,0.0057117715729935,,unassessable,low,low,high,low,high,unassessable,unassessable,high
SIG037,,1,1,0,LASSO+多因素Cox+机器学习-其他+PCA,,2026,0,0,0,14,0.38922463645816996,0.0348308510034225,,unassessable,low,low,high,low,high,unassessable,unassessable,high
SIG038,114.0,1,1,1,LASSO+单因素Cox+多因素Cox+逐步回归+WGCNA,,2025,0,0,0,3,0.3679753690682745,0.0315818468150179,114.0,high,low,low,low,low,low,unassessable,unassessable,high
SIG039,557.0,0,1,1,LASSO+单因素Cox+多因素Cox+WGCNA,,2025,0,0,0,14,0.2762640713742235,-0.014132237310941001,557.0,low,high,low,low,low,low,unassessable,unassessable,high
SIG040,585.0,1,1,1,LASSO+单因素Cox+多因素Cox,,2025,0,0,0,15,0.6706415435425785,0.04504462373513945,585.0,low,low,low,low,low,low,unassessable,unassessable,low
SIG041,,1,1,1,LASSO+单因素Cox+多因素Cox+PCA,,2026,0,0,0,10,0.3376778751681305,0.011391605976748,,unassessable,low,low,low,low,low,unassessable,unassessable,unclear/high
SIG042,,1,0,0,逐步回归+随机森林+机器学习-其他+WGCNA,,2025,0,0,1,8,0.292328308092773,0.0423235863797674,,unassessable,low,high,high,low,high,unassessable,unassessable,high
SIG043,177.0,0,1,1,LASSO+单因素Cox+多因素Cox+WGCNA,,2025,0,0,0,14,0.29194826105906346,-0.0070459408878849,177.0,high,high,low,low,low,low,unassessable,unassessable,high
SIG044,,1,1,1,LASSO+单因素Cox+多因素Cox,,2026,0,0,0,3,0.2495553530622075,0.013780096958231399,,unassessable,low,low,low,low,low,unassessable,unassessable,unclear/high
SIG045,,1,1,1,LASSO+单因素Cox+多因素Cox,,2024,0,0,0,6,0.267378549026248,-0.005408445324187499,,unassessable,low,low,low,low,low,unassessable,unassessable,unclear/high
SIG046,102.0,1,1,1,LASSO+单因素Cox+多因素Cox,,2023,0,0,0,5,0.286531637994469,0.0074771652560445,102.0,high,low,low,low,low,low,unassessable,unassessable,high
SIG047,145.0,1,1,1,单因素Cox+多因素Cox,,2025,0,0,0,4,0.2158357098388155,0.009544679803717,145.0,high,low,low,low,low,low,unassessable,unassessable,high
SIG048,275.0,1,1,0,单因素Cox+多因素Cox+逐步回归+随机森林+机器学习-其他+WGCNA+PCA,,2026,0,0,0,11,0.176403859037321,-0.01091796018445895,275.0,low,low,low,high,low,high,unassessable,unassessable,high
SIG049,,1,1,1,LASSO+单因素Cox+多因素Cox,,2023,0,0,0,14,0.726618214110467,0.022542150547017498,,unassessable,low,low,low,low,low,unassessable,unassessable,unclear/high
SIG050,624.0,1,1,0,单因素Cox+多因素Cox+随机森林+PCA,,2025,0,0,0,6,0.3186036567321075,0.002686217013539,624.0,low,low,low,high,low,high,unassessable,unassessable,high
SIG051,61.0,1,0,0,随机森林+PCA,,2025,0,0,0,7,0.3387911522466865,0.01648937001265895,61.0,high,low,high,high,low,high,unassessable,unassessable,high
SIG052,589.0,1,1,1,LASSO+单因素Cox+多因素Cox+PCA,,2024,0,0,0,20,0.33974808478194196,0.003739116832584,589.0,low,low,low,low,low,low,unassessable,unassessable,low
SIG053,,1,1,1,LASSO+单因素Cox+多因素Cox+PCA,,2025,0,0,0,11,0.35008027580384005,-0.00293784145964295,,unassessable,low,low,low,low,low,unassessable,unassessable,unclear/high
SIG054,,1,0,0,单因素Cox+PCA,,2024,0,0,0,46,0.5616110129422845,0.02268774137302845,,unassessable,low,high,high,low,high,unassessable,unassessable,high
SIG055,,1,1,0,LASSO+单因素Cox+多因素Cox+逐步回归+随机森林+机器学习-其他+PCA,,2026,0,0,0,21,0.772966108471132,0.03053334135583495,,unassessable,low,low,high,low,high,unassessable,unassessable,high
SIG056,,1,0,1,LASSO+单因素Cox+PCA,,2025,0,1,0,7,0.06770406589884681,-0.01541261407336695,,unassessable,low,high,low,low,low,unassessable,unassessable,high
SIG057,,0,1,1,LASSO+单因素Cox+多因素Cox+PCA,,2025,0,0,0,8,0.499652730180671,0.00117844322853905,,unassessable,high,low,low,low,low,unassessable,unassessable,high
SIG058,701.0,1,1,0,单因素Cox+多因素Cox+逐步回归+随机森林+机器学习-其他+WGCNA+PCA,,2025,0,0,0,24,0.2423618569146575,-0.0098591815890664,701.0,low,low,low,high,low,high,unassessable,unassessable,high
SIG059,,1,1,0,LASSO+单因素Cox+多因素Cox+随机森林+PCA,,2024,0,0,0,14,0.17933320018180798,-0.007355058490261,,unassessable,low,low,high,low,high,unassessable,unassessable,high
SIG060,,1,1,1,LASSO+单因素Cox+多因素Cox+WGCNA,,2025,1,1,1,7,0.208152343641865,-0.00748666099137745,,unassessable,low,low,low,high,low,unassessable,unassessable,high
SIG062,,1,1,0,LASSO+单因素Cox+多因素Cox+随机森林+机器学习-其他+WGCNA,,2025,0,0,1,43,0.295018437047977,-0.013282540197161501,,unassessable,low,low,high,low,high,unassessable,unassessable,high
SIG063,,1,1,0,LASSO+单因素Cox+多因素Cox+PCA,,2025,0,0,0,19,0.6281506129033649,-0.00315095846032645,,unassessable,low,low,high,low,high,unassessable,unassessable,high
SIG064,,1,1,0,LASSO+多因素Cox+PCA,,2026,0,0,0,3,0.4604530720560865,0.06845642588065701,,unassessable,low,low,high,low,high,unassessable,unassessable,high
SIG065,,1,1,1,LASSO+单因素Cox+多因素Cox+PCA,,2023,0,0,0,5,0.274390761546912,-0.0014863610581140503,,unassessable,low,low,low,low,low,unassessable,unassessable,unclear/high
SIG066,973.0,1,1,0,LASSO+多因素Cox+PCA,,2025,0,0,0,11,0.322912147088055,-0.0041031536140975,973.0,low,low,low,high,low,high,unassessable,unassessable,high
SIG067,,1,0,0,随机森林+机器学习-其他+PCA,,2026,0,0,1,5,0.0817099196899899,-0.0211906713528745,,unassessable,low,high,high,low,high,unassessable,unassessable,high
SIG068,,1,0,0,未说明,,2025,0,0,0,5,0.4170689779800305,0.0187851232106984,,unassessable,low,high,high,low,high,unassessable,unassessable,high
SIG069,,1,1,0,LASSO+单因素Cox+多因素Cox+PCA,,2025,0,0,0,7,0.138613092913627,-0.0037254406200569997,,unassessable,low,low,high,low,high,unassessable,unassessable,high
SIG070,620.0,1,1,0,LASSO+多因素Cox+随机森林+PCA,,2024,0,0,0,3,0.18264911620510998,0.00528381889159855,620.0,low,low,low,high,low,high,unassessable,unassessable,high
SIG071,,1,1,0,LASSO+单因素Cox+多因素Cox+逐步回归+机器学习-其他+PCA,,2025,0,1,1,13,0.518360408195366,0.01434329305789245,,unassessable,low,low,high,low,high,unassessable,unassessable,high
SIG072,433.0,1,1,1,LASSO+单因素Cox+多因素Cox,,2024,0,0,0,15,0.17991630300932457,-0.0178526949360329,433.0,low,low,low,low,low,low,unassessable,unassessable,low
SIG073,,1,1,0,LASSO+单因素Cox+多因素Cox+随机森林+机器学习-其他,,2025,0,0,0,16,0.852227107182151,0.011604584160841501,,unassessable,low,low,high,low,high,unassessable,unassessable,high
SIG074,581.0,0,1,1,LASSO+单因素Cox+多因素Cox+逐步回归+WGCNA,,2023,0,0,0,11,0.346682738751681,0.00836850750566245,581.0,low,high,low,low,low,low,unassessable,unassessable,high
SIG075,,1,1,0,多因素Cox,,2025,0,0,0,14,0.4548070460277355,0.02409059281611095,,unassessable,low,low,high,low,high,unassessable,unassessable,high
SIG076,,1,0,0,PCA,,2025,0,0,0,9,0.214883413820932,-0.0100455533926785,,unassessable,low,high,high,low,high,unassessable,unassessable,high
SIG077,312.0,1,1,1,LASSO+单因素Cox+多因素Cox+PCA,,2023,0,0,0,7,0.274107909012535,-0.004637838264931,312.0,low,low,low,low,low,low,unassessable,unassessable,low
SIG078,,1,0,1,LASSO+单因素Cox,,2024,1,1,0,6,0.4462778429654095,0.02203414396636045,,unassessable,low,high,low,high,low,unassessable,unassessable,high
SIG079,,1,1,0,LASSO+单因素Cox+多因素Cox+逐步回归+随机森林+机器学习-其他+PCA,,2025,0,0,0,5,0.318385802637255,0.013465381006300051,,unassessable,low,low,high,low,high,unassessable,unassessable,high
SIG080,,1,1,1,LASSO+单因素Cox+多因素Cox,,2025,0,0,0,8,0.4032315810982745,-0.0056976259597744505,,unassessable,low,low,low,low,low,unassessable,unassessable,unclear/high
SIG081,,1,0,0,单因素Cox+随机森林+机器学习-其他+PCA,,2025,0,0,0,5,0.33570137580894355,0.001751071509135501,,unassessable,low,high,high,low,high,unassessable,unassessable,high
SIG082,55.0,1,1,0,LASSO+单因素Cox+多因素Cox+随机森林+WGCNA+PCA,,2026,0,1,0,6,0.4402676051841095,0.04748257495775095,55.0,high,low,low,high,low,high,unassessable,unassessable,high
SIG083,,1,0,0,单因素Cox+PCA,,2024,1,0,0,17,0.17396755269493552,-0.0132614473646349,,unassessable,low,high,high,high,high,unassessable,unassessable,high
SIG084,,1,1,0,LASSO+单因素Cox+多因素Cox+逐步回归+随机森林+机器学习-其他+WGCNA+PCA,,2024,0,0,0,15,0.604859389761904,0.0451079269373314,,unassessable,low,low,high,low,high,unassessable,unassessable,high
SIG085,597.0,1,1,1,LASSO+单因素Cox+多因素Cox,,2024,0,0,0,7,0.35188034590191597,0.0212587963512929,597.0,low,low,low,low,low,low,unassessable,unassessable,low
SIG086,512.0,1,0,1,LASSO+单因素Cox+随机森林+机器学习-其他+PCA,,2025,0,0,0,5,0.3037113595944735,0.0072385279137545,512.0,low,low,high,low,low,low,unassessable,unassessable,high
SIG087,,1,1,1,LASSO+单因素Cox+多因素Cox+机器学习-其他+PCA,,2025,0,0,0,5,0.43786036976026754,0.02042980257259395,,unassessable,low,low,low,low,low,unassessable,unassessable,unclear/high
SIG088,,1,1,0,LASSO+单因素Cox+多因素Cox+逐步回归+PCA,,2024,0,0,0,6,0.3308047220579805,0.026722762267035953,,unassessable,low,low,high,low,high,unassessable,unassessable,high
SIG089,,1,1,1,LASSO+单因素Cox+多因素Cox+PCA,,2024,0,0,0,5,0.5570752588999179,0.0451453168853374,,unassessable,low,low,low,low,low,unassessable,unassessable,unclear/high
SIG090,,1,1,0,多因素Cox+WGCNA,,2024,0,0,0,4,0.40923920261685154,0.015008194563613499,,unassessable,low,low,high,low,high,unassessable,unassessable,high
SIG091,,1,1,0,LASSO+单因素Cox+多因素Cox+随机森林+PCA,,2024,0,0,1,7,0.134564479180228,-0.01686647128475895,,unassessable,low,low,high,low,high,unassessable,unassessable,high
SIG093,,1,1,0,LASSO+单因素Cox+多因素Cox+逐步回归+WGCNA,,2025,0,0,0,9,0.27241723163147646,0.008127208211423001,,unassessable,low,low,high,low,high,unassessable,unassessable,high
SIG094,,1,1,1,单因素Cox+多因素Cox+逐步回归,,2022,1,0,0,3,0.12766463141114498,-0.0035477798825865004,,unassessable,low,low,low,high,low,unassessable,unassessable,high
SIG095,,1,1,1,LASSO+单因素Cox+多因素Cox+机器学习-其他+WGCNA,,2023,0,0,0,18,0.975236073422445,0.07344856939348596,,unassessable,low,low,low,low,low,unassessable,unassessable,unclear/high
SIG096,,1,1,0,LASSO+单因素Cox+多因素Cox,,2025,0,1,0,11,0.2833623773317745,-0.013263913277068998,,unassessable,low,low,high,low,high,unassessable,unassessable,high
SIG097,62.0,1,1,0,LASSO+单因素Cox+多因素Cox+PCA,,2022,0,0,0,14,0.2860161253239265,-0.017978639728902998,62.0,high,low,low,high,low,high,unassessable,unassessable,high
SIG098,,1,1,1,LASSO+单因素Cox+多因素Cox+逐步回归+PCA,,2022,0,1,0,5,0.123352877739284,0.004138421651088,,unassessable,low,low,low,low,low,unassessable,unassessable,unclear/high
SIG099,,1,1,0,LASSO+单因素Cox+多因素Cox+逐步回归+随机森林+机器学习-其他+WGCNA+PCA,,2025,0,0,1,11,0.460312908497875,0.03995070274796195,,unassessable,low,low,high,low,high,unassessable,unassessable,high
SIG101,611.0,1,1,0,LASSO+单因素Cox+多因素Cox+逐步回归,,2024,0,0,0,10,0.264162350457401,0.00644749783049945,611.0,low,low,low,high,low,high,unassessable,unassessable,high
SIG102,453.0,1,1,1,单因素Cox+多因素Cox+PCA,,2022,0,0,0,4,0.2397990304789825,0.0027804175684444997,453.0,low,low,low,low,low,low,unassessable,unassessable,low
SIG107,,1,1,0,LASSO+单因素Cox+多因素Cox+逐步回归+PCA,,2025,0,0,0,15,0.23845440643903398,-0.010487586965693,,unassessable,low,low,high,low,high,unassessable,unassessable,high
SIG108,,1,1,0,多因素Cox,,2023,0,0,0,15,0.288194553830048,-0.0058371229090675,,unassessable,low,low,high,low,high,unassessable,unassessable,high
SIG109,951.0,1,1,1,LASSO+单因素Cox+多因素Cox+PCA,,2022,0,0,0,7,0.4269031209691065,0.0055648080675149494,951.0,low,low,low,low,low,low,unassessable,unassessable,low
SIG110,585.0,1,1,0,LASSO+单因素Cox+多因素Cox,,2025,0,0,0,9,0.3793831543408315,-0.004710509780104949,585.0,low,low,low,high,low,high,unassessable,unassessable,high
SIG111,,0,1,0,LASSO+多因素Cox+机器学习-其他+PCA,,2024,0,0,1,13,0.330866519668499,0.0083557847740739,,unassessable,high,low,high,low,high,unassessable,unassessable,high
SIG112,,1,1,0,LASSO+多因素Cox+随机森林+机器学习-其他+PCA,,2024,0,0,0,4,0.377351528925816,0.028947044839741,,unassessable,low,low,high,low,high,unassessable,unassessable,high
SIG113,,1,1,1,单因素Cox+多因素Cox+WGCNA,,2024,0,0,0,10,0.6340498864102675,0.03831994974365045,,unassessable,low,low,low,low,low,unassessable,unassessable,unclear/high
SIG114,,1,1,0,LASSO+单因素Cox+多因素Cox+PCA,,2023,0,0,0,20,0.8914488976333874,0.0416767979410449,,unassessable,low,low,high,low,high,unassessable,unassessable,high
SIG115,193.0,1,1,0,单因素Cox+多因素Cox,,2025,0,0,0,4,0.08369812959000861,-0.01325510493477045,193.0,high,low,low,high,low,high,unassessable,unassessable,high
SIG116,556.0,1,1,0,LASSO+单因素Cox+多因素Cox,,2025,0,0,0,5,0.300290470369047,0.01616252985995845,556.0,low,low,low,high,low,high,unassessable,unassessable,high
SIG117,,1,1,1,多因素Cox+逐步回归,,2021,0,0,0,4,0.2905223902051205,0.012767896256779,,unassessable,low,low,low,low,low,unassessable,unassessable,unclear/high
SIG118,72.0,1,1,1,LASSO+单因素Cox+多因素Cox+逐步回归+PCA,,2024,0,0,0,15,0.486277629268362,0.015439576570253,72.0,high,low,low,low,low,low,unassessable,unassessable,high
SIG119,,1,1,1,LASSO+单因素Cox+多因素Cox+WGCNA+PCA,,2023,0,0,0,10,0.39347419529602545,0.01005838802308645,,unassessable,low,low,low,low,low,unassessable,unassessable,unclear/high
SIG120,,0,1,0,单因素Cox+多因素Cox+逐步回归+随机森林,,2025,0,0,0,4,0.13938702938546135,0.00542561496449195,,unassessable,high,low,high,low,high,unassessable,unassessable,high
SIG121,,1,1,1,LASSO+单因素Cox+多因素Cox+PCA,,2025,1,1,0,6,0.3115699486522025,-0.00840181953652395,,unassessable,low,low,low,high,low,unassessable,unassessable,high
SIG122,19.0,1,1,1,LASSO+单因素Cox+多因素Cox,,2023,0,0,0,8,0.2564094859318965,0.006080034794082,19.0,high,low,low,low,low,low,unassessable,unassessable,high
SIG124,290.0,1,1,1,LASSO+单因素Cox+多因素Cox+机器学习-其他+PCA,,2026,0,0,0,4,0.5658076566081305,0.0567332323249035,290.0,low,low,low,low,low,low,unassessable,unassessable,low
SIG125,,1,1,1,LASSO+单因素Cox+多因素Cox+逐步回归+随机森林,,2025,0,0,0,4,0.19962851627397,-0.027660967341918502,,unassessable,low,low,low,low,low,unassessable,unassessable,unclear/high
SIG126,154.0,1,1,1,LASSO+单因素Cox+多因素Cox+逐步回归+WGCNA+PCA,,2026,0,0,0,4,0.195206300108323,-0.0065629934581544,154.0,high,low,low,low,low,low,unassessable,unassessable,high
SIG127,18.0,1,1,0,单因素Cox+多因素Cox+PCA,,2026,0,0,0,6,0.206695706785167,0.0176532407815709,18.0,high,low,low,high,low,high,unassessable,unassessable,high
SIG128,438.0,1,0,0,LASSO+单因素Cox+PCA,,2026,0,0,0,11,0.3307553264275145,-0.01200701207196745,438.0,low,low,high,high,low,high,unassessable,unassessable,high
SIG129,,0,1,1,单因素Cox+多因素Cox+逐步回归,,2026,0,0,0,9,0.24966575374629252,-0.0065320495671919,,unassessable,high,low,low,low,low,unassessable,unassessable,high
SIG130,,1,1,0,LASSO+多因素Cox+WGCNA,,2026,0,1,0,9,0.460005569673397,0.046205728830313944,,unassessable,low,low,high,low,high,unassessable,unassessable,high
SIG132,,1,1,0,单因素Cox+多因素Cox+随机森林,,2026,0,0,0,5,0.2041641958881775,-0.0071879560193084495,,unassessable,low,low,high,low,high,unassessable,unassessable,high
SIG133,,1,0,0,LASSO+单因素Cox+逐步回归+随机森林+机器学习-其他+PCA,,2026,0,0,0,5,0.46192410167892695,0.0191451092202304,,unassessable,low,high,high,low,high,unassessable,unassessable,high
SIG134,60.0,0,1,1,LASSO+单因素Cox+多因素Cox+机器学习-其他,,2024,0,0,0,8,0.225702812560017,-0.00608003479408295,60.0,high,high,low,low,low,low,unassessable,unassessable,high
SIG135,,1,1,0,LASSO+单因素Cox+多因素Cox+随机森林+WGCNA,,2026,0,0,0,3,0.25478432810158846,0.00819905264678095,,unassessable,low,low,high,low,high,unassessable,unassessable,high
SIG136,,1,1,1,LASSO+单因素Cox+多因素Cox+逐步回归+WGCNA+PCA,,2026,0,0,0,9,0.5928284062385984,0.0336282687105504,,unassessable,low,low,low,low,low,unassessable,unassessable,unclear/high
SIG138,,1,1,1,LASSO+单因素Cox+多因素Cox,,2026,0,0,0,5,0.2326656434408805,0.0020303125001594,,unassessable,low,low,low,low,low,unassessable,unassessable,unclear/high
SIG139,,1,1,0,LASSO+单因素Cox+多因素Cox+逐步回归+随机森林+机器学习-其他,,2025,0,0,0,4,0.15391536643000156,-0.0112490076268729,,unassessable,low,low,high,low,high,unassessable,unassessable,high
SIG140,633.0,1,1,0,LASSO+单因素Cox+多因素Cox+随机森林,,2026,0,0,0,6,0.36437385116119947,0.006449767862933,633.0,low,low,low,high,low,high,unassessable,unassessable,high
SIG141,473.0,1,1,1,LASSO+单因素Cox+多因素Cox+随机森林+机器学习-其他,,2025,0,1,1,7,0.3077246712364875,-0.009207275705113399,473.0,low,low,low,low,low,low,unassessable,unassessable,low
SIG142,570.0,1,1,0,LASSO+单因素Cox+多因素Cox+逐步回归+随机森林+机器学习-其他+PCA,,2026,0,0,1,12,0.354796743872914,-0.0204523184217754,570.0,low,low,low,high,low,high,unassessable,unassessable,high
SIG143,,1,1,1,LASSO+单因素Cox+多因素Cox+PCA,,2025,0,0,0,6,0.577891608135449,0.042943508024923,,unassessable,low,low,low,low,low,unassessable,unassessable,unclear/high
SIG144,,1,1,1,单因素Cox+多因素Cox+PCA,,2026,0,0,1,3,0.23249325132011,0.02038880346321455,,unassessable,low,low,low,low,low,unassessable,unassessable,unclear/high
SIG145,,1,0,0,LASSO+机器学习-其他+WGCNA+PCA,,2026,0,0,1,12,0.256773062418662,-0.00342368830060045,,unassessable,low,high,high,low,high,unassessable,unassessable,high
SIG146,,0,1,1,LASSO+单因素Cox+多因素Cox+PCA,,2025,0,1,0,3,0.27596320213059955,0.01971426248850445,,unassessable,high,low,low,low,low,unassessable,unassessable,high
SIG147,,1,1,0,LASSO+单因素Cox+多因素Cox+WGCNA,,2025,0,0,0,3,0.2564338084101735,0.0229018800317539,,unassessable,low,low,high,low,high,unassessable,unassessable,high
SIG148,514.0,1,1,0,LASSO+单因素Cox+多因素Cox,,2026,1,1,0,8,0.5735708997037094,0.051071441084332,514.0,low,low,low,high,high,high,unassessable,unassessable,high
SIG149,608.0,1,1,1,LASSO+单因素Cox+多因素Cox,,2026,0,0,0,8,0.2996240252145465,0.0123926015198544,608.0,low,low,low,low,low,low,unassessable,unassessable,low
SIG150,,1,1,0,多因素Cox+逐步回归+随机森林+机器学习-其他+PCA,,2026,0,0,1,10,0.1569326959793525,-0.01293140304971695,,unassessable,low,low,high,low,high,unassessable,unassessable,high
SIG151,701.0,1,1,1,LASSO+单因素Cox+多因素Cox,,2026,1,1,0,8,0.24540491565614303,-0.00286814374424245,701.0,low,low,low,low,high,low,unassessable,unassessable,high
SIG152,542.0,1,1,1,LASSO+单因素Cox+多因素Cox+机器学习-其他+PCA,,2025,0,0,0,8,0.252340430010508,-0.014761815305008901,542.0,low,low,low,low,low,low,unassessable,unassessable,low
SIG153,,1,1,0,LASSO+单因素Cox+逐步回归+随机森林+机器学习-其他+PCA,,2026,1,0,0,8,0.38250152292290895,-0.0070738340429224505,,unassessable,low,low,high,high,high,unassessable,unassessable,high
SIG154,120.0,1,0,0,单因素Cox+机器学习-其他+PCA,,2026,0,0,0,3,0.5885530623957955,0.05877620684064295,120.0,high,low,high,high,low,high,unassessable,unassessable,high
SIG155,,1,1,0,LASSO+单因素Cox+多因素Cox+逐步回归+PCA,,2026,0,0,0,9,0.3024700234174565,-0.0030404123881140003,,unassessable,low,low,high,low,high,unassessable,unassessable,high
SIG156,,1,1,1,LASSO+单因素Cox+多因素Cox+逐步回归+机器学习-其他+WGCNA+PCA,,2025,0,0,0,5,0.23311125664267,0.014061288034262001,,unassessable,low,low,low,low,low,unassessable,unassessable,unclear/high
SIG157,,1,1,1,LASSO+单因素Cox+多因素Cox,,2026,0,0,0,5,0.6698419166373826,0.047798832511595,,unassessable,low,low,low,low,low,unassessable,unassessable,unclear/high
SIG159,,1,1,0,LASSO+单因素Cox+多因素Cox,,2026,0,0,0,6,0.120341207058585,-0.01610087849309945,,unassessable,low,low,high,low,high,unassessable,unassessable,high
SIG161,515.0,1,1,0,多因素Cox+PCA,,2025,0,0,0,4,0.2572412655127505,0.014904286652593,515.0,low,low,low,high,low,high,unassessable,unassessable,high
SIG163,440.0,0,0,1,LASSO+单因素Cox,,2025,0,0,0,4,0.45824950758911753,0.074149411130783,440.0,low,high,high,low,low,low,unassessable,unassessable,high
SIG164,,1,1,1,单因素Cox+多因素Cox+WGCNA+PCA,,2025,0,0,0,4,0.26512182397080897,0.048965711366238396,,unassessable,low,low,low,low,low,unassessable,unassessable,unclear/high
SIG165,,1,1,1,单因素Cox+多因素Cox+PCA,,2024,0,0,0,5,0.586825599172999,0.056377215965918,,unassessable,low,low,low,low,low,unassessable,unassessable,unclear/high
SIG166,,0,0,0,LASSO+单因素Cox,,2026,0,0,0,3,0.269644648946213,0.0094252353133785,,unassessable,high,high,high,low,high,unassessable,unassessable,high
SIG167,1442.0,1,0,0,LASSO+单因素Cox+逐步回归+随机森林+机器学习-其他+PCA,,2025,0,0,1,3,0.2239091344993385,0.002322063317713,1442.0,low,low,high,high,low,high,unassessable,unassessable,high
SIG168,,1,1,1,LASSO+单因素Cox+多因素Cox+WGCNA+PCA,,2025,0,1,0,9,0.3684629405687845,0.0499869261655204,,unassessable,low,low,low,low,low,unassessable,unassessable,unclear/high
SIG169,,1,1,0,单因素Cox+多因素Cox+逐步回归+WGCNA,,2024,0,0,0,8,0.47758309967066903,0.003155996393147,,unassessable,low,low,high,low,high,unassessable,unassessable,high
SIG170,,1,1,0,单因素Cox+多因素Cox+机器学习-其他,,2026,0,0,0,6,0.1621303959169098,-0.0187543254040644,,unassessable,low,low,high,low,high,unassessable,unassessable,high
SIG171,437.0,1,1,1,LASSO+单因素Cox+多因素Cox+逐步回归,,2026,0,0,0,4,0.40292091181137246,0.027875383724244952,437.0,low,low,low,low,low,low,unassessable,unassessable,low
SIG172,,1,1,1,LASSO+单因素Cox+多因素Cox+逐步回归+WGCNA+PCA,,2026,0,0,0,6,0.254244141107208,-0.01028661948731795,,unassessable,low,low,low,low,low,unassessable,unassessable,unclear/high
SIG173,15.0,1,0,1,LASSO+单因素Cox+WGCNA+PCA,,2026,0,0,0,5,0.17331249768907248,-0.00246597383663455,15.0,high,low,high,low,low,low,unassessable,unassessable,high
SIG175,,1,0,0,LASSO,,2025,0,0,0,6,0.2217817966655577,-0.009971322142814501,,unassessable,low,high,high,low,high,unassessable,unassessable,high
SIG176,701.0,1,1,1,LASSO+单因素Cox+机器学习-其他+PCA,,2025,0,0,0,8,0.370286953707308,0.007137596559384501,701.0,low,low,low,low,low,low,unassessable,unassessable,low
SIG177,,0,1,0,LASSO+单因素Cox+多因素Cox,,2024,0,0,0,14,0.48502859608360094,0.0154412388371215,,unassessable,high,low,high,low,high,unassessable,unassessable,high
SIG178,,0,1,1,LASSO+单因素Cox+多因素Cox,,2023,0,0,0,3,0.19434106903328302,0.0204311762611165,,unassessable,high,low,low,low,low,unassessable,unassessable,high
SIG179,,1,0,1,LASSO+单因素Cox+PCA,,2026,0,0,0,12,0.28157006620178887,-0.009967986404856959,,unassessable,low,high,low,low,low,unassessable,unassessable,high
SIG180,,1,1,0,LASSO+单因素Cox+多因素Cox+PCA,,2026,0,1,0,5,0.37364051820301847,0.032292462899730395,,unassessable,low,low,high,low,high,unassessable,unassessable,high
SIG181,,1,0,0,LASSO+单因素Cox+随机森林+PCA,,2026,0,1,1,5,0.1892574274821485,0.01012227935334295,,unassessable,low,high,high,low,high,unassessable,unassessable,high
SIG182,689.0,0,1,0,LASSO+单因素Cox+多因素Cox+PCA,,2025,0,0,0,3,0.3750265777538155,0.0217437825499254,689.0,low,high,low,high,low,high,unassessable,unassessable,high
SIG183,404.0,1,1,1,LASSO+单因素Cox+多因素Cox+随机森林,,2024,0,0,0,4,0.2204674716132815,-0.005378436005887,404.0,low,low,low,low,low,low,unassessable,unassessable,low
SIG184,,1,1,1,LASSO+单因素Cox+多因素Cox+WGCNA,,2026,0,0,0,3,0.151482845031593,0.004562134557321,,unassessable,low,low,low,low,low,unassessable,unassessable,unclear/high
SIG185,,1,1,0,LASSO+单因素Cox+多因素Cox+机器学习-其他+PCA,,2024,1,1,1,22,0.3700526562658205,0.0006668734491315506,,unassessable,low,low,high,high,high,unassessable,unassessable,high
SIG186,450.0,1,1,0,LASSO+单因素Cox+多因素Cox,,2025,0,0,0,19,0.790950026447656,0.052735845408136445,450.0,low,low,low,high,low,high,unassessable,unassessable,high
SIG187,70.0,1,1,0,LASSO+多因素Cox+PCA,,2026,0,1,0,4,0.10037024093317476,-0.00237242812225055,70.0,high,low,low,high,low,high,unassessable,unassessable,high
SIG188,283.0,1,1,0,LASSO+单因素Cox+多因素Cox+逐步回归+随机森林+机器学习-其他+PCA,,2026,0,1,0,6,0.4503425377584495,0.0039251071509135505,283.0,low,low,low,high,low,high,unassessable,unassessable,high
SIG189,,1,1,1,LASSO+单因素Cox+多因素Cox+WGCNA,,2026,0,0,0,6,0.314223708960613,0.012109501111971451,,unassessable,low,low,low,low,low,unassessable,unassessable,unclear/high
SIG190,,1,1,1,LASSO+单因素Cox+多因素Cox+PCA,,2023,0,1,0,7,0.281925365384068,0.00516876743492995,,unassessable,low,low,low,low,low,unassessable,unassessable,unclear/high
SIG191,89.0,1,1,0,LASSO+多因素Cox+机器学习-其他,,2025,0,0,0,3,0.09470327641625415,-0.02387763131895045,89.0,high,low,low,high,low,high,unassessable,unassessable,high
SIG192,,1,1,1,LASSO+单因素Cox+多因素Cox+PCA,,2025,1,1,0,3,0.1089880236121156,-0.0145718121840469,,unassessable,low,low,low,high,low,unassessable,unassessable,high
SIG193,585.0,1,0,0,未说明,,2024,0,0,0,7,0.22624858297550599,-0.00578427258080895,585.0,low,low,high,high,low,high,unassessable,unassessable,high
SIG194,,1,0,1,LASSO+单因素Cox+WGCNA+PCA,,2025,0,0,0,6,0.19734097776221649,0.006836572612008,,unassessable,low,high,low,low,low,unassessable,unassessable,high
SIG195,416.0,1,1,1,LASSO+单因素Cox+多因素Cox+WGCNA+PCA,,2026,0,0,0,12,0.43675968954946454,0.008555204931707052,416.0,low,low,low,low,low,low,unassessable,unassessable,low
SIG196,,1,1,0,LASSO+单因素Cox+PCA,,2026,0,0,0,4,0.3483370338539245,0.02274002681100845,,unassessable,low,low,high,low,high,unassessable,unassessable,high
SIG197,,1,1,0,LASSO+多因素Cox+WGCNA,,2025,0,0,0,4,0.2652672481169275,0.013898564390732001,,unassessable,low,low,high,low,high,unassessable,unassessable,high
SIG198,,1,1,0,LASSO+单因素Cox+多因素Cox+WGCNA+PCA,,2025,0,0,0,3,0.1307551754414965,-0.00835457450497095,,unassessable,low,low,high,low,high,unassessable,unassessable,high
SIG199,,0,1,0,LASSO+单因素Cox+多因素Cox+WGCNA,,2025,0,0,0,5,0.371682146084894,0.01444648973719345,,unassessable,high,low,high,low,high,unassessable,unassessable,high
SIG200,,1,1,0,LASSO+单因素Cox+多因素Cox+PCA,,2026,0,1,0,3,0.3681468858203105,0.05270570196346645,,unassessable,low,low,high,low,high,unassessable,unassessable,high
SIG201,,1,1,0,LASSO+单因素Cox+多因素Cox+随机森林,,2024,0,0,0,4,0.36378197304793347,0.02564803740280395,,unassessable,low,low,high,low,high,unassessable,unassessable,high
SIG202,,1,1,0,LASSO+单因素Cox+多因素Cox+逐步回归+WGCNA+PCA,,2025,0,1,1,29,0.9235590514839356,0.0193581590836109,,unassessable,low,low,high,low,high,unassessable,unassessable,high
SIG203,524.0,1,1,1,LASSO+单因素Cox+多因素Cox+逐步回归,,2025,1,1,0,5,0.4935333256028325,0.01190426164477695,524.0,low,low,low,low,high,low,unassessable,unassessable,high
SIG204,,1,1,0,LASSO+单因素Cox+多因素Cox+随机森林+机器学习-其他+PCA,,2025,0,0,0,3,0.1863322824037365,-0.00449530153421995,,unassessable,low,low,high,low,high,unassessable,unassessable,high
SIG205,,1,1,0,单因素Cox+多因素Cox+逐步回归+随机森林,,2026,0,0,0,7,0.3204938667612375,0.04820989425362695,,unassessable,low,low,high,low,high,unassessable,unassessable,high
SIG206,556.0,1,1,1,单因素Cox+多因素Cox+WGCNA,,2025,0,0,0,11,0.250517501977991,-0.00034419635951149995,556.0,low,low,low,low,low,low,unassessable,unassessable,low
SIG207,456.0,1,1,1,LASSO+单因素Cox+多因素Cox+PCA,,2025,0,0,0,13,0.5487346657349039,0.01899695028494535,456.0,low,low,low,low,low,low,unassessable,unassessable,low
SIG208,,1,0,1,LASSO+单因素Cox+WGCNA+PCA,,2025,1,1,0,7,0.538292099765336,0.05990467524602,,unassessable,low,high,low,high,low,unassessable,unassessable,high
SIG209,,0,1,0,LASSO+单因素Cox+多因素Cox,,2025,1,1,0,5,0.1251543661873986,0.011708344534538999,,unassessable,high,low,high,high,high,unassessable,unassessable,high
SIG210,,1,0,0,LASSO+单因素Cox+PCA,,2026,1,1,0,13,0.526985084054669,0.04893694164655845,,unassessable,low,high,high,high,high,unassessable,unassessable,high
SIG211,,1,1,1,LASSO+单因素Cox+多因素Cox+WGCNA+PCA,,2025,0,0,0,4,0.5167977493410995,0.0234747725223379,,unassessable,low,low,low,low,low,unassessable,unassessable,unclear/high
SIG212,449.0,0,1,1,LASSO+单因素Cox+多因素Cox+PCA,,2026,0,1,0,3,0.13169287791848075,-0.0209661252794535,449.0,low,high,low,low,low,low,unassessable,unassessable,high
SIG213,556.0,1,1,1,LASSO+单因素Cox+多因素Cox+WGCNA+PCA,,2025,1,1,0,5,0.3820043123337165,0.043767080905481454,556.0,low,low,low,low,high,low,unassessable,unassessable,high
SIG214,,1,1,0,LASSO+单因素Cox+多因素Cox+WGCNA,,2025,0,0,0,5,0.2734077450203905,-0.00113636363636395,,unassessable,low,low,high,low,high,unassessable,unassessable,high
SIG215,,1,1,1,LASSO+单因素Cox+多因素Cox+随机森林+PCA,,2025,0,1,0,4,0.146580035066808,-0.001806040836656449,,unassessable,low,low,low,low,low,unassessable,unassessable,unclear/high
SIG216,,1,1,0,LASSO+单因素Cox+多因素Cox+随机森林+机器学习-其他+PCA,,2026,0,0,1,4,0.3992071161368025,0.015331839529789951,,unassessable,low,low,high,low,high,unassessable,unassessable,high
SIG217,,0,1,1,LASSO+单因素Cox+多因素Cox+PCA,,2025,0,0,0,8,0.255132783428699,0.0011984200024754998,,unassessable,high,low,low,low,low,unassessable,unassessable,high
SIG218,125.0,1,0,0,LASSO+单因素Cox+WGCNA+PCA,,2024,0,0,0,4,0.464797358796057,0.01074940950608205,125.0,high,low,high,high,low,high,unassessable,unassessable,high
SIG219,352.0,0,1,0,LASSO+单因素Cox+多因素Cox,,2024,0,0,0,8,0.219314781101473,-0.013831628193447,352.0,low,high,low,high,low,high,unassessable,unassessable,high
SIG220,,1,1,1,单因素Cox+多因素Cox+WGCNA+PCA,,2025,0,0,0,7,0.3812869934958265,0.024488626847143,,unassessable,low,low,low,low,low,unassessable,unassessable,unclear/high
SIG221,,1,1,1,LASSO+单因素Cox+多因素Cox+WGCNA+PCA,,2023,0,0,0,4,0.195632200707185,0.012118514192475002,,unassessable,low,low,low,low,low,unassessable,unassessable,unclear/high
SIG222,372.0,1,1,1,LASSO+单因素Cox+多因素Cox+PCA,,2024,0,0,0,3,0.29410313871231897,0.0029532171609144503,372.0,low,low,low,low,low,low,unassessable,unassessable,low
SIG223,573.0,1,1,1,单因素Cox+多因素Cox,,2023,0,0,0,4,0.09333261883852355,-0.0245804890482589,573.0,low,low,low,low,low,low,unassessable,unassessable,low
SIG224,,1,1,1,LASSO+单因素Cox+多因素Cox+随机森林+机器学习-其他+WGCNA+PCA,,2025,0,0,1,3,0.3848109203596125,0.05831501861477745,,unassessable,low,low,low,low,low,unassessable,unassessable,unclear/high
SIG225,88.0,1,1,1,LASSO+单因素Cox+多因素Cox+WGCNA,,2026,0,0,0,5,0.5878961265885735,0.032914127018105505,88.0,high,low,low,low,low,low,unassessable,unassessable,high
SIG226,206.0,1,1,1,LASSO+单因素Cox+多因素Cox+PCA,,2025,0,0,0,5,0.3873155577964415,0.020231919504857948,206.0,low,low,low,low,low,low,unassessable,unassessable,low
SIG227,,1,1,1,LASSO+单因素Cox+多因素Cox+WGCNA+PCA,,2025,0,0,0,8,0.489608322287995,-0.00438539833058895,,unassessable,low,low,low,low,low,unassessable,unassessable,unclear/high
SIG228,,1,1,0,LASSO+单因素Cox+多因素Cox+WGCNA+PCA,,2025,0,0,0,6,0.17584835040834754,0.0015571664332734497,,unassessable,low,low,high,low,high,unassessable,unassessable,high
SIG229,669.0,1,1,0,LASSO+单因素Cox+多因素Cox+随机森林+WGCNA,,2025,0,0,0,4,0.24111049096068102,0.02224445946501455,669.0,low,low,low,high,low,high,unassessable,unassessable,high
SIG230,,1,1,1,LASSO+单因素Cox+多因素Cox+随机森林+PCA,,2024,0,1,0,16,0.419232971395472,0.0179857706999195,,unassessable,low,low,low,low,low,unassessable,unassessable,unclear/high
SIG231,,0,1,1,LASSO+单因素Cox+多因素Cox+逐步回归+WGCNA,,2025,0,0,0,3,0.3427578837965885,0.011575576556977451,,unassessable,high,low,low,low,low,unassessable,unassessable,high
SIG232,,1,0,1,LASSO+单因素Cox+逐步回归+WGCNA+PCA,,2024,0,0,0,7,0.32810997217716453,0.00855806811943495,,unassessable,low,high,low,low,low,unassessable,unassessable,high
SIG233,348.0,1,1,0,LASSO+单因素Cox+多因素Cox+逐步回归+随机森林+机器学习-其他+WGCNA+PCA,,2025,0,0,0,10,0.3522057502150985,0.01131078224101505,348.0,low,low,low,high,low,high,unassessable,unassessable,high
SIG234,,0,1,0,LASSO+单因素Cox+多因素Cox+机器学习-其他+PCA,,2023,0,0,0,13,0.2767560384953589,-0.01086234918179545,,unassessable,high,low,high,low,high,unassessable,unassessable,high
SIG235,534.0,1,1,1,LASSO+单因素Cox+多因素Cox+PCA,,2024,0,0,1,6,0.4526327883303165,0.017334310891312498,534.0,low,low,low,low,low,low,unassessable,unassessable,low
SIG236,,1,1,1,LASSO+单因素Cox+多因素Cox+逐步回归,,2025,0,0,0,5,0.411111417495969,0.044533028305230454,,unassessable,low,low,low,low,low,unassessable,unassessable,unclear/high
SIG237,,0,1,1,单因素Cox+多因素Cox+PCA,,2021,0,0,0,6,0.266454972926892,0.0146228716175024,,unassessable,high,low,low,low,low,unassessable,unassessable,high
SIG238,126.0,1,1,0,LASSO+单因素Cox+多因素Cox,,2024,0,0,0,6,0.256830498931844,-0.0054891026866658995,126.0,high,low,low,high,low,high,unassessable,unassessable,high
SIG239,,1,1,0,LASSO+单因素Cox+多因素Cox+PCA,,2025,0,1,0,7,0.31283310133000597,0.0010405956987714496,,unassessable,low,low,high,low,high,unassessable,unassessable,high
SIG240,17.0,1,1,0,LASSO+单因素Cox+多因素Cox+机器学习-其他,,2025,0,0,0,6,0.137945641298938,-0.01170904827520195,17.0,high,low,low,high,low,high,unassessable,unassessable,high
SIG241,,1,1,0,LASSO+多因素Cox+随机森林+机器学习-其他,,2025,0,0,0,4,0.0752044608816087,-0.0158573516738949,,unassessable,low,low,high,low,high,unassessable,unassessable,high
SIG242,435.0,1,1,1,单因素Cox+多因素Cox+PCA,,2024,0,0,0,6,0.3114897942752085,0.00282369608272995,435.0,low,low,low,low,low,low,unassessable,unassessable,low
SIG243,,1,1,0,LASSO+单因素Cox+多因素Cox,,2024,0,0,0,8,0.568539723147075,0.01409206930335695,,unassessable,low,low,high,low,high,unassessable,unassessable,high
SIG244,585.0,1,1,1,LASSO+单因素Cox+多因素Cox+机器学习-其他,,2024,0,0,0,13,0.6393522127341655,0.0223340095546479,585.0,low,low,low,low,low,low,unassessable,unassessable,low
SIG245,,1,1,1,单因素Cox+多因素Cox+PCA,,2026,0,0,0,3,0.3051522939808035,0.00100881009426895,,unassessable,low,low,low,low,low,unassessable,unassessable,unclear/high
SIG246,,1,1,0,单因素Cox+多因素Cox+逐步回归+PCA,,2025,0,0,0,5,0.2948225448282225,-0.0019119397250515,,unassessable,low,low,high,low,high,unassessable,unassessable,high
SIG247,,1,0,0,LASSO+单因素Cox+机器学习-其他+PCA,,2025,0,0,0,3,0.5365338028132145,0.05600068274735,,unassessable,low,high,high,low,high,unassessable,unassessable,high
SIG248,268.0,1,1,1,LASSO+单因素Cox+多因素Cox+PCA,,2026,0,0,0,5,0.3258756634030505,0.0012018275864709997,268.0,low,low,low,low,low,low,unassessable,unassessable,low
SIG249,,0,0,0,机器学习-其他,,2025,0,0,0,4,0.126523839132695,-0.0033672385684034,,unassessable,high,high,high,low,high,unassessable,unassessable,high
SIG250,,0,0,1,LASSO+单因素Cox,,2025,0,0,0,4,0.3008672060321025,0.0022834421514890003,,unassessable,high,high,low,low,low,unassessable,unassessable,high
SIG251,,0,1,1,LASSO+单因素Cox+多因素Cox,,2024,0,0,0,14,0.5650394401463394,0.00031800975981795,,unassessable,high,low,low,low,low,unassessable,unassessable,high
SIG252,,1,1,0,多因素Cox+PCA,,2024,0,0,0,3,0.1956898673699495,0.032201285279718946,,unassessable,low,low,high,low,high,unassessable,unassessable,high
SIG253,435.0,1,0,0,PCA,,2024,0,0,0,3,0.4564602355355305,0.0380239226044675,435.0,low,low,high,high,low,high,unassessable,unassessable,high
SIG254,1026.0,0,1,0,多因素Cox,,2025,0,0,0,3,0.157093529844896,-0.00597726878374795,1026.0,low,high,low,high,low,high,unassessable,unassessable,high
SIG255,,1,1,1,LASSO+单因素Cox+多因素Cox+PCA,,2025,1,1,0,3,0.202353293070112,0.01049257400749655,,unassessable,low,low,low,high,low,unassessable,unassessable,high
SIG256,544.0,1,1,1,LASSO+单因素Cox+多因素Cox+PCA,,2025,0,0,0,5,0.3395633069279125,0.020630886028367,544.0,low,low,low,low,low,low,unassessable,unassessable,low
SIG257,,1,1,1,LASSO+单因素Cox+多因素Cox+机器学习-其他,,2025,0,0,0,4,0.27884630559339496,0.01373212192402595,,unassessable,low,low,low,low,low,unassessable,unassessable,unclear/high
SIG258,,1,1,1,LASSO+单因素Cox+多因素Cox,,2022,0,0,0,6,0.1747881401878255,-0.016414364789520998,,unassessable,low,low,low,low,low,unassessable,unassessable,unclear/high
SIG259,,1,1,1,LASSO+多因素Cox,,2024,0,0,0,6,0.160077550576518,-0.018964301827205453,,unassessable,low,low,low,low,low,unassessable,unassessable,unclear/high
SIG260,,1,1,1,LASSO+单因素Cox+多因素Cox+PCA,,2022,0,1,0,5,0.490119027070703,0.0226801894437254,,unassessable,low,low,low,low,low,unassessable,unassessable,unclear/high
SIG261,,1,1,1,LASSO+单因素Cox+多因素Cox,,2023,0,1,0,14,0.8222854256686469,0.0188037134423815,,unassessable,low,low,low,low,low,unassessable,unassessable,unclear/high
SIG262,418.0,1,1,1,LASSO+单因素Cox+多因素Cox,,2025,0,0,0,6,0.1195529760251754,-0.02198208861288295,418.0,low,low,low,low,low,low,unassessable,unassessable,low
SIG263,473.0,1,1,0,LASSO+单因素Cox+多因素Cox+PCA,,2022,0,0,0,4,0.2841826920602145,-0.00600767789417695,473.0,low,low,low,high,low,high,unassessable,unassessable,high
SIG264,417.0,1,1,0,LASSO+单因素Cox+多因素Cox,,2025,0,0,0,6,0.602924375078784,0.07287057831888545,417.0,low,low,low,high,low,high,unassessable,unassessable,high
SIG265,,1,0,0,LASSO+单因素Cox+逐步回归+随机森林+PCA,,2025,0,0,0,7,0.7989931881817245,0.0579617494916174,,unassessable,low,high,high,low,high,unassessable,unassessable,high
SIG266,,1,1,0,LASSO+单因素Cox+多因素Cox,,2024,0,0,0,5,0.292483375538293,0.0120148779715769,,unassessable,low,low,high,low,high,unassessable,unassessable,high
SIG267,,0,1,1,单因素Cox+多因素Cox,,2022,0,0,0,11,0.6629227313615045,0.021633547040902,,unassessable,high,low,low,low,low,unassessable,unassessable,high
SIG268,409.0,1,1,1,LASSO+单因素Cox+多因素Cox+WGCNA+PCA,,2024,1,1,0,6,0.306722162889103,0.02116208555257645,409.0,low,low,low,low,high,low,unassessable,unassessable,high
SIG269,596.0,1,1,0,LASSO+单因素Cox+多因素Cox+WGCNA,,2025,0,0,0,3,0.235469767430037,-0.0098082503389684,596.0,low,low,low,high,low,high,unassessable,unassessable,high
SIG270,,1,0,0,LASSO+随机森林+机器学习-其他+WGCNA,,2023,0,0,1,4,0.45937269668791947,0.04288687087344045,,unassessable,low,high,high,low,high,unassessable,unassessable,high
SIG271,,1,0,0,随机森林+机器学习-其他+PCA,,2025,0,0,0,5,0.12909796142819518,0.0006166384832040501,,unassessable,low,high,high,low,high,unassessable,unassessable,high
SIG272,161.0,1,1,0,单因素Cox+多因素Cox+PCA,,2025,0,0,0,4,0.2700392589696415,0.041317819447481405,161.0,high,low,low,high,low,high,unassessable,unassessable,high
SIG273,119.0,1,1,1,LASSO+单因素Cox+多因素Cox,,2023,0,0,0,4,0.23100469867858497,-0.007991357560860949,119.0,high,low,low,low,low,low,unassessable,unassessable,high
SIG274,25.0,1,1,0,LASSO+单因素Cox+多因素Cox+逐步回归+机器学习-其他+PCA,,2023,0,1,0,8,0.1379208779867485,-0.0059440808243619,25.0,high,low,low,high,low,high,unassessable,unassessable,high
SIG275,,1,1,1,LASSO+单因素Cox+多因素Cox+PCA,,2025,0,0,0,4,0.1714686988582358,-0.0129996439434609,,unassessable,low,low,low,low,low,unassessable,unassessable,unclear/high
SIG276,62.0,1,0,1,LASSO+单因素Cox,,2025,0,0,0,12,0.4916179470785735,0.0237281208415225,62.0,high,low,high,low,low,low,unassessable,unassessable,high
SIG277,388.0,1,1,1,多因素Cox+WGCNA,,2022,0,0,0,6,0.0359651626737276,-0.0304228799676454,388.0,low,low,low,low,low,low,unassessable,unassessable,low
SIG278,303.0,1,1,1,LASSO+单因素Cox+多因素Cox,,2024,0,0,0,5,0.9677804499108346,0.0362749073834284,303.0,low,low,low,low,low,low,unassessable,unassessable,low
SIG279,,0,1,1,LASSO+单因素Cox+多因素Cox+逐步回归,,2022,0,1,0,7,0.45465372299583695,0.04130863019493045,,unassessable,high,low,low,low,low,unassessable,unassessable,high
SIG280,,0,0,1,LASSO+WGCNA+PCA,,2024,0,0,0,4,0.03764456462031475,-0.01668093122590185,,unassessable,high,high,low,low,low,unassessable,unassessable,high
SIG281,,1,1,0,LASSO+单因素Cox+多因素Cox+PCA,,2025,0,0,0,4,0.1970408580101125,0.02291129531274145,,unassessable,low,low,high,low,high,unassessable,unassessable,high
SIG282,94.0,1,1,1,LASSO+单因素Cox+多因素Cox+随机森林,,2023,0,0,0,16,0.6222694541271454,0.00798521346914355,94.0,high,low,low,low,low,low,unassessable,unassessable,high
SIG283,354.0,1,1,1,LASSO+单因素Cox+多因素Cox,,2022,0,0,0,10,0.36864042824196497,0.0153039604618895,354.0,low,low,low,low,low,low,unassessable,unassessable,low
SIG284,,0,1,1,LASSO+单因素Cox+多因素Cox+逐步回归+PCA,,2023,0,0,0,3,0.458895904632141,0.08766349654955946,,unassessable,high,low,low,low,low,unassessable,unassessable,high
SIG285,,1,1,1,LASSO+单因素Cox+多因素Cox+PCA,,2024,0,1,0,9,0.28974473661761047,0.0089947925023944,,unassessable,low,low,low,low,low,unassessable,unassessable,unclear/high
SIG286,195.0,1,1,1,LASSO+单因素Cox+多因素Cox+PCA,,2024,0,0,0,5,0.4836876456185875,-0.0038004005251485,195.0,high,low,low,low,low,low,unassessable,unassessable,high
SIG287,427.0,1,1,0,LASSO+单因素Cox+多因素Cox+PCA,,2022,0,0,0,3,0.32778972982784,0.028867612557842953,427.0,low,low,low,high,low,high,unassessable,unassessable,high
SIG288,,1,1,1,LASSO+单因素Cox+多因素Cox+WGCNA+PCA,,2025,0,0,0,5,0.32420080987653,0.026299421947419452,,unassessable,low,low,low,low,low,unassessable,unassessable,unclear/high
SIG289,170.0,1,1,1,单因素Cox+多因素Cox+逐步回归,,2024,1,0,0,17,0.7247602183410685,0.0232715133113264,170.0,high,low,low,low,high,low,unassessable,unassessable,high
SIG290,43.0,1,1,1,LASSO+单因素Cox+多因素Cox+PCA,,2023,0,1,0,3,0.414027492888578,0.05430103924626345,43.0,high,low,low,low,low,low,unassessable,unassessable,high
SIG291,619.0,0,1,1,LASSO+多因素Cox+随机森林,,2024,0,0,0,3,0.395040703544724,0.059269854409756004,619.0,low,high,low,low,low,low,unassessable,unassessable,high
SIG292,,1,0,1,LASSO+PCA,,2024,0,1,0,15,0.483509309528882,0.01016719319442995,,unassessable,low,high,low,low,low,unassessable,unassessable,high
SIG293,622.0,0,1,0,LASSO+单因素Cox+多因素Cox,,2023,1,1,0,7,0.29304056977023,-0.0063878042003784495,622.0,low,high,low,high,high,high,unassessable,unassessable,high
SIG294,392.0,1,1,0,单因素Cox+多因素Cox,,2023,0,0,0,4,0.35254900429193803,-0.00080380654290545,392.0,low,low,low,high,low,high,unassessable,unassessable,high
SIG295,,0,1,1,LASSO+单因素Cox+多因素Cox+逐步回归,,2025,0,0,0,9,0.1507319034915065,-0.00937470190138845,,unassessable,high,low,low,low,low,unassessable,unassessable,high
SIG296,432.0,1,1,1,LASSO+单因素Cox+多因素Cox+逐步回归+WGCNA,,2021,0,0,0,11,0.191542598161826,4.5120947263000734e-05,432.0,low,low,low,low,low,low,unassessable,unassessable,low
SIG297,,0,0,0,PCA,,2025,0,0,0,11,0.246711878601957,0.00651858515652045,,unassessable,high,high,high,low,high,unassessable,unassessable,high
SIG298,,1,1,1,LASSO+单因素Cox+多因素Cox,,2022,0,0,0,9,0.2771528157369575,-0.0167571201948124,,unassessable,low,low,low,low,low,unassessable,unassessable,unclear/high
SIG300,,1,1,1,单因素Cox+多因素Cox,,2022,0,0,0,5,0.1717636263292315,-0.012364230674645501,,unassessable,low,low,low,low,low,unassessable,unassessable,unclear/high
SIG301,,1,0,0,LASSO,,2024,0,1,0,7,0.41914184852561753,0.028520450296419902,,unassessable,low,high,high,low,high,unassessable,unassessable,high
SIG302,118.0,1,1,1,LASSO+单因素Cox+多因素Cox+WGCNA+PCA,,2024,1,1,0,6,0.341909181947265,0.0074689711051134505,118.0,high,low,low,low,high,low,unassessable,unassessable,high
SIG303,,1,1,0,LASSO+单因素Cox+多因素Cox+逐步回归,,2024,0,0,0,3,0.0133543015776681,-0.0142171519965565,,unassessable,low,low,high,low,high,unassessable,unassessable,high
SIG304,,1,1,1,LASSO+单因素Cox+多因素Cox+逐步回归+PCA,,2024,0,0,0,4,0.328659389645387,0.01994639457795945,,unassessable,low,low,low,low,low,unassessable,unassessable,unclear/high
SIG305,413.0,1,1,1,LASSO+单因素Cox+多因素Cox+PCA,,2025,0,0,0,7,0.3772235380274275,0.0117585252568204,413.0,low,low,low,low,low,low,unassessable,unassessable,low
SIG306,,0,0,1,未说明,,2022,0,0,0,11,0.4174731208425575,0.0134029793626674,,unassessable,high,high,low,low,low,unassessable,unassessable,high
SIG307,,1,1,1,LASSO+单因素Cox+多因素Cox+机器学习-其他+WGCNA+PCA,,2024,0,0,0,13,0.2722695436825655,-0.00041599454511195,,unassessable,low,low,low,low,low,unassessable,unassessable,unclear/high
SIG308,,1,1,0,LASSO+单因素Cox+多因素Cox,,2023,0,1,0,5,0.30339135933702,0.0331659137045579,,unassessable,low,low,high,low,high,unassessable,unassessable,high
SIG309,,1,1,0,LASSO+单因素Cox+多因素Cox+WGCNA+PCA,,2025,0,0,0,3,0.429405886541085,0.053981784664569446,,unassessable,low,low,high,low,high,unassessable,unassessable,high
SIG310,,1,1,1,LASSO+单因素Cox+多因素Cox+机器学习-其他+PCA,,2024,0,0,0,4,0.122190279653607,-0.0187332079561495,,unassessable,low,low,low,low,low,unassessable,unassessable,unclear/high
SIG311,,1,1,1,LASSO+单因素Cox+多因素Cox+逐步回归,,2023,1,1,0,5,0.3231147647087685,0.01472328070789955,,unassessable,low,low,low,high,low,unassessable,unassessable,high
SIG312,,0,1,0,LASSO+单因素Cox+多因素Cox+逐步回归+随机森林+机器学习-其他+PCA,,2024,0,0,0,9,0.382232021508857,0.0012005746434875,,unassessable,high,low,high,low,high,unassessable,unassessable,high
SIG313,,1,1,0,LASSO+单因素Cox+多因素Cox+逐步回归+机器学习-其他+PCA,,2024,0,0,0,3,0.1309135105884525,0.0005522940481050001,,unassessable,low,low,high,low,high,unassessable,unassessable,high
SIG314,,1,0,0,LASSO+单因素Cox+PCA,,2023,0,1,0,8,0.6468140578529116,0.02304815567998745,,unassessable,low,high,high,low,high,unassessable,unassessable,high
SIG315,437.0,1,1,1,LASSO+单因素Cox+多因素Cox+WGCNA,,2024,0,0,0,8,0.1391351142859155,-0.00829793857414845,437.0,low,low,low,low,low,low,unassessable,unassessable,low
SIG316,,1,1,1,LASSO+单因素Cox+多因素Cox+WGCNA+PCA,,2025,0,1,1,10,0.730267870443828,0.045648630731792,,unassessable,low,low,low,low,low,unassessable,unassessable,unclear/high
SIG317,,1,1,0,LASSO+单因素Cox+多因素Cox+PCA,,2023,0,0,0,7,0.332273082229147,-0.0022040052027160004,,unassessable,low,low,high,low,high,unassessable,unassessable,high
SIG318,231.0,1,0,0,单因素Cox+随机森林+PCA,,2020,0,0,0,4,0.4575687127050395,0.021327594455593,231.0,low,low,high,high,low,high,unassessable,unassessable,high
SIG319,590.0,1,1,1,LASSO+单因素Cox+多因素Cox,,2022,0,1,0,8,0.22112329297302202,0.0063552541252345,590.0,low,low,low,low,low,low,unassessable,unassessable,low
SIG320,1558.0,1,1,1,LASSO+单因素Cox+多因素Cox+PCA,,2023,0,0,0,8,0.416968405956839,0.013648860359276899,1558.0,low,low,low,low,low,low,unassessable,unassessable,low
SIG321,65.0,1,1,1,LASSO+单因素Cox+多因素Cox+逐步回归,,2024,0,0,0,3,0.1879119142277465,-0.00844696214857795,65.0,high,low,low,low,low,low,unassessable,unassessable,high
SIG322,,0,1,1,LASSO+单因素Cox+多因素Cox+WGCNA+PCA,,2024,0,1,0,7,0.251473733420121,-0.0061814883938929996,,unassessable,high,low,low,low,low,unassessable,unassessable,high
SIG323,379.0,1,1,1,LASSO+单因素Cox+多因素Cox,,2021,0,0,0,5,0.6582759706546745,0.049149458844180455,379.0,low,low,low,low,low,low,unassessable,unassessable,low
SIG324,,1,1,1,单因素Cox+多因素Cox+逐步回归+机器学习-其他,,2023,0,0,0,3,0.249630864987678,0.02445300496661345,,unassessable,low,low,low,low,low,unassessable,unassessable,unclear/high
SIG325,749.0,1,1,0,LASSO+单因素Cox+多因素Cox,,2024,0,0,0,3,0.568981437677356,0.0708352191675379,749.0,low,low,low,high,low,high,unassessable,unassessable,high
SIG326,585.0,1,1,0,LASSO+单因素Cox+多因素Cox,,2021,0,0,0,9,0.37966337224435354,-0.00968052636405195,585.0,low,low,low,high,low,high,unassessable,unassessable,high
SIG327,,1,1,0,LASSO+单因素Cox+多因素Cox,,2024,0,0,0,3,0.3394015642073865,0.04503737590660045,,unassessable,low,low,high,low,high,unassessable,unassessable,high
SIG328,200.0,1,0,1,LASSO+单因素Cox,,2025,0,0,0,9,0.1647006805044475,0.009068632728852048,200.0,low,low,high,low,low,low,unassessable,unassessable,high
SIG329,,1,1,1,LASSO+单因素Cox+多因素Cox,,2022,0,0,0,5,0.299908715926074,0.031375921626018,,unassessable,low,low,low,low,low,unassessable,unassessable,unclear/high
SIG330,385.0,0,1,1,单因素Cox+多因素Cox+逐步回归,,2021,0,0,0,16,0.3221895908763035,-0.00146444497647295,385.0,low,high,low,low,low,low,unassessable,unassessable,high
SIG331,81.0,1,1,0,LASSO+单因素Cox+多因素Cox+逐步回归+PCA,,2023,0,0,0,4,0.398314364007419,0.016800602208003,81.0,high,low,low,high,low,high,unassessable,unassessable,high
SIG332,,1,0,1,LASSO+单因素Cox+WGCNA+PCA,,2023,0,1,0,3,0.2608519486722605,0.03994796366942445,,unassessable,low,high,low,low,low,unassessable,unassessable,high
SIG334,,1,1,1,单因素Cox+多因素Cox+PCA,,2022,0,0,0,4,0.1447361469553245,-0.008228694076863,,unassessable,low,low,low,low,low,unassessable,unassessable,unclear/high
SIG335,217.0,0,1,1,LASSO+单因素Cox+多因素Cox,,2022,0,0,0,8,0.46303314675790197,-0.006530314957777001,217.0,low,high,low,low,low,low,unassessable,unassessable,high
SIG336,417.0,0,1,1,LASSO+单因素Cox+多因素Cox+PCA,,2022,0,0,0,3,0.2559738314534275,0.0401740540771915,417.0,low,high,low,low,low,low,unassessable,unassessable,high
SIG337,,1,1,1,单因素Cox+多因素Cox,,2024,0,0,0,4,0.198026763465099,-0.00359865787532795,,unassessable,low,low,low,low,low,unassessable,unassessable,unclear/high
SIG338,348.0,1,1,1,LASSO+单因素Cox+多因素Cox,,2023,0,0,0,3,0.1667600197190055,-0.0093415549669159,348.0,low,low,low,low,low,low,unassessable,unassessable,low
