sig_id,claim_c,claim_c_train,claim_c_valid,claim_auc5,claim_auc3,claim_auc1,claim_auc_any,claim_auc5_max,claim_auc5_valid,n_ci,n_auc,report_c,report_auc,conf,重算C中位,重算C均值,重算AUC5中位,重算AUC5均值,重算AUC5最大,重算AUC5最小,重算校准斜率,有效队列数,偏倚_C,偏倚_AUC5,偏倚_AUC任意,备注
SIG001,,,,,,,,,,0,0,0,0,,0.563636363636364,0.5599959884504809,0.57977207977208,0.5764598881822385,0.619791666666667,0.509798453542908,0.177945269210083,7,,,,
SIG002,,,,0.6499999999999999,0.6,0.61,0.61,0.69,0.69,0,4,0,1,sent,0.57439134355275,0.5743835329669474,0.609375,0.5993265360195881,0.626666666666667,0.540144505006972,0.491455940926297,7,,0.04062499999999991,0.0006249999999999867,
SIG003,0.743,,,0.76,0.755,0.735,0.74,0.8,0.65,5,12,1,1,sent,0.5471355643789,0.5528313917940758,0.532448849104859,0.5487167564124756,0.71875,0.482905982905983,0.53665894575122,7,0.1958644356211,0.227551150895141,0.20755115089514098,
SIG004,,,,,,0.789,0.789,,,0,1,0,1,sent,0.54189535795447,0.5402817378296283,0.510549872122762,0.5046604704546506,0.585533869115959,0.404891304347826,0.239227874844026,7,,,0.278450127877238,
SIG005,0.7,,,,,,,,,1,0,1,0,sent,0.529776674937965,0.5448684468479715,0.548409177335531,0.5511058870704806,0.698369565217391,0.458333333333333,0.471601497814988,7,0.17022332506203497,,,
SIG006,,,,,,,,,,0,0,0,0,,0.570467925631587,0.572073623191396,0.568025258323766,0.568236690434737,0.623931623931624,0.532608695652174,0.610556911242438,7,,,,
SIG007,,,,,,,,,,0,0,0,0,,0.526136363636364,0.5499210126286422,0.54,0.5409729724715272,0.677083333333333,0.449196326061998,0.169381343281059,7,,,,
SIG009,,,,,,,,,,0,0,0,0,,0.544412932501418,0.5518132581563935,0.573765786452354,0.5680037983307386,0.75,0.415954415954416,0.593741958144398,7,,,,
SIG010,,,,0.692,0.679,0.71,0.692,0.692,,0,3,0,1,sent,0.531752751905165,0.5392664002410671,0.529420712384333,0.5347702264880851,0.633333333333333,0.33048433048433,0.221918151325136,7,,0.16257928761566698,0.16257928761566698,
SIG011,,,,,,,,,,0,0,0,0,,0.523895401262399,0.5542771860432694,0.533578400304221,0.5705812282391566,0.746666666666667,0.481481481481482,0.197881012092656,7,,,,
SIG012,,,,,,,,,,0,0,0,0,,0.546320783552833,0.5532773438893737,0.55720623653188,0.5254480674868478,0.630208333333333,0.364672364672365,0.215884030071448,7,,,,
SIG013,0.784,,,0.645,0.664,0.669,0.664,0.645,0.645,5,9,1,1,sent,0.524894340789609,0.5365506708449829,0.53420716112532,0.5445269604743891,0.645833333333333,0.447293447293447,0.220044820161804,7,0.2591056592103911,0.11079283887468006,0.12979283887468007,
SIG014,0.7335,0.968,,,,,,,,16,0,1,0,sent,0.534739454094293,0.5511029246998521,0.579283887468031,0.5670904631332722,0.635416666666667,0.47008547008547,0.299570531412657,7,0.19876054590570702,,,
SIG015,0.77,,,,,0.626,0.635,,,1,3,1,1,sent,0.522518434486671,0.5326740109996465,0.508125237672709,0.5004866365503221,0.61,0.316239316239316,0.212340769755104,7,0.247481565513329,,0.126874762327291,
SIG016,,,,,,,,,,0,0,0,0,,0.558139534883721,0.5437267906859248,0.526666666666667,0.533487211210732,0.597826086956522,0.467236467236467,0.839915227643516,7,,,,
SIG018,0.8420000000000001,,,,,,,,,2,0,1,0,sent,0.576176971072036,0.5865734112845983,0.596440872560276,0.6016052202054754,0.733618233618234,0.494085677749361,0.456670730850251,7,0.26582302892796406,,,
SIG019,,,,,,,,,,0,0,0,0,,0.559553349875931,0.5659517271239721,0.517834960070985,0.5337687209034883,0.632512787723785,0.363247863247863,0.600869389872385,7,,,,
SIG020,,,,,,,,,,0,0,0,0,,0.550440549124882,0.546838405238742,0.533333333333333,0.5507531531964583,0.760416666666667,0.398860398860399,0.18394487385484,7,,,,
SIG021,,,,,,,,,,0,0,0,0,,0.540909090909091,0.544185443160647,0.540423374318672,0.5642701911569877,0.71875,0.45,0.269763922723225,7,,,,
SIG022,0.653,0.7795000000000001,,,,,,,,5,0,1,0,sent,0.549858196256381,0.5552972368909594,0.52991452991453,0.5630461346782407,0.734375,0.519341432225064,0.283686662027189,7,0.10314180374361903,,,
SIG023,,,,,,,,,,0,0,0,0,,0.520454545454546,0.5273665223711669,0.489609974424552,0.4779354720883159,0.534769932817848,0.396011396011396,0.160509353135892,7,,,,
SIG024,,,,,,,,,,0,0,0,0,,0.560865644724978,0.5639302495165621,0.558879452402079,0.5500152277646585,0.671875,0.417378917378917,0.271751326736711,7,,,,
SIG025,0.862,,,,,,,,,8,0,1,0,win,0.548293990310277,0.558855367522282,0.50997150997151,0.5126987238863904,0.555147058823529,0.467391304347826,0.417447975871844,7,0.31370600968972295,,,
SIG026,0.6,,,0.7915000000000001,0.8175,0.8035000000000001,0.7995000000000001,0.798,,1,6,1,1,sent,0.554994330481394,0.559049949699528,0.515669515669516,0.5216993486552521,0.566815856777494,0.478260869565217,0.941478835171279,7,0.04500566951860596,0.27583048433048407,0.2838304843304841,
SIG027,0.83,,,0.797,0.795,,0.796,0.797,,1,2,1,1,sent,0.54590570719603,0.568044354891068,0.526454556978071,0.5544812286906534,0.776353276353276,0.359375,0.207024224206594,7,0.2840942928039699,0.27054544302192907,0.26954544302192907,
SIG028,,,,,,,,,,0,0,0,0,,0.588428814520703,0.599269524809974,0.591168091168091,0.6164760810922926,0.802083333333333,0.55527950310559,0.331782875663027,7,,,,
SIG029,,,,,,,,,,0,0,0,0,,0.551900170164492,0.5519563169415503,0.567708333333333,0.5348163182030967,0.619884910485934,0.356125356125356,0.22360683886704,7,,,,
SIG030,,,,,,,,,,0,0,0,0,,0.55,0.5508576390258771,0.55,0.5341940706828228,0.661458333333333,0.34045584045584,0.29407477387328,7,,,,
SIG031,,,,,,,,,,0,0,0,0,,0.538636363636364,0.5546804189554723,0.529411764705882,0.5407765584979946,0.619791666666667,0.507749712973594,0.178096017396806,7,,,,
SIG032,,,,,,,,,,0,0,0,0,,0.516817946230415,0.5336726590730967,0.529411764705882,0.53194453204178,0.651041666666667,0.428774928774929,0.150640881035798,7,,,,
SIG033,,,,,,,,,,0,0,0,0,,0.57619477006312,0.5615377996238701,0.585820895522388,0.5350471084783168,0.608695652173913,0.364583333333333,0.558719268181566,7,,,,
SIG034,,,,,,,,,,0,0,0,0,,0.552925698034473,0.5729961291526843,0.592135476463835,0.5824719518664001,0.701086956521739,0.423076923076923,0.330568402347122,7,,,,
SIG035,,,,,,,,,,0,0,0,0,,0.539373412362405,0.569217879945045,0.510709718670077,0.5668919934382387,0.730978260869565,0.434472934472934,0.189214685788008,7,,,,
SIG036,,,,,0.81,0.86,0.81,,,0,9,0,1,sent,0.529482902972876,0.5422874940668692,0.512947570332481,0.5211300919329854,0.666666666666667,0.358974358974359,0.372438800684565,7,,,0.2970524296675191,
SIG037,,,,,,,,,,0,0,0,0,,0.554553651938684,0.5698273933515942,0.559994929648878,0.5815735834795104,0.666666666666667,0.54,0.437075613566028,7,,,,
SIG038,,,,0.937,0.673,0.73,0.718,0.937,,0,6,0,1,sent,0.554169030062394,0.5765560457670783,0.562284730195178,0.5600244106637224,0.614583333333333,0.5,0.299656713861045,7,,0.37471526980482206,0.15571526980482198,
SIG039,,,,0.75,,,0.75,0.75,,0,3,0,1,sent,0.525825571549534,0.5323455021337135,0.513449106350615,0.5218533673432386,0.684782608695652,0.396666666666667,0.196340261498113,7,,0.23655089364938497,0.23655089364938497,
SIG040,0.757,,,0.74,0.73,0.76,0.74,0.8,,1,9,1,1,sent,0.584269662921348,0.5702707742798251,0.60968660968661,0.5609793843700414,0.652173913043478,0.328125,0.620406617150031,7,0.17273033707865204,0.13031339031338995,0.13031339031338995,
SIG041,0.8140000000000001,,,,,,,,,2,0,1,0,sent,0.523895401262399,0.5514342618641256,0.494791666666667,0.5321135051454828,0.646666666666667,0.486796785304248,0.210039724919903,7,0.2901045987376011,,,
SIG042,,,,,,,,,,0,0,0,0,,0.568079350766456,0.5676952448158282,0.572949676765116,0.5805954874924429,0.623401534526854,0.517508610792193,0.281699790762056,7,,,,
SIG043,,,,,,,,,,0,0,0,0,,0.537882692505927,0.5390196028095209,0.552440106477374,0.5314265290217003,0.588541666666667,0.407407407407407,0.298492464759828,7,,,,
SIG044,0.745,,0.745,,,,,,,1,0,1,0,sent,0.5625,0.5539667402707134,0.520116618075802,0.5200380387723603,0.586666666666667,0.464673913043478,0.226637789629536,7,0.1825,,,
SIG045,,,,,,,,,,0,0,0,0,,0.542652863237073,0.5549341575268497,0.538461538461538,0.5733643801924442,0.723958333333333,0.445652173913043,0.365309898749016,7,,,,
SIG046,,,,,0.958,0.974,0.966,,,0,2,0,1,sent,0.557468302236883,0.5548845176601666,0.564580941446613,0.5459450952724443,0.593333333333333,0.442708333333333,0.208657041252354,7,,,0.401419058553387,
SIG047,0.84,,,0.7789999999999999,0.8485,0.736,0.7765,0.937,0.937,2,12,1,1,sent,0.545547362450369,0.5574348448943127,0.529040436050197,0.5022192672034446,0.677083333333333,0.353276353276353,0.248310048156434,7,0.2944526375496309,0.2499595639498029,0.24745956394980295,
SIG048,,,,,,,,,,0,0,0,0,,0.524555461473328,0.5340706119840781,0.515908226644695,0.535885759076147,0.619791666666667,0.49,0.189652344944513,7,,,,
SIG049,,,,,,,,,,0,0,0,0,,0.558160504959423,0.5745509878876965,0.548865508936494,0.5792066926196561,0.78125,0.511194029850746,0.793506761037407,7,,,,
SIG050,0.5,,0.5,,,,,,,6,0,1,0,win,0.530459444129325,0.5395945211070544,0.532763532763533,0.5658127747071064,0.739583333333333,0.514235010774496,0.281105975193163,7,-0.030459444129324997,,,
SIG051,,,,,,,,,,0,0,0,0,,0.565198983911939,0.5618895913383055,0.567774936061381,0.5786786935447087,0.648148148148148,0.525770059576626,0.35315898358339,7,,,,
SIG052,,,,,,,,,,0,0,0,0,,0.541066892464014,0.5620374921459491,0.538748564867968,0.5895338402349265,0.828125,0.52675877804538,0.38990783524264,7,,,,
SIG053,,,,0.7255,0.692,0.7110000000000001,0.7110000000000001,0.852,,0,6,0,1,sent,0.541913632514818,0.5529578509618323,0.54075294714159,0.5628290565688021,0.666666666666667,0.508036739380023,0.357042920628014,7,,0.1847470528584101,0.17024705285841013,
SIG054,,,,,,,,,,0,0,0,0,,0.571525808281339,0.5657467265930505,0.516666666666667,0.5724893062516527,0.869791666666667,0.396011396011396,0.801108046761225,7,,,,
SIG055,0.63,,0.63,,,,,,,1,0,1,0,sent,0.570702794242168,0.566875117957974,0.577685421994885,0.5695740428577566,0.66951566951567,0.40625,0.815319056093196,7,0.05929720575783204,,,
SIG056,0.609,,,,,,,,,3,0,1,0,sent,0.518628281117697,0.5193428495701389,0.513119533527697,0.506857986920144,0.556666666666667,0.415954415954416,0.0668735901543243,7,0.090371718882303,,,
SIG057,0.7925,0.7925,,,,,,,,4,0,1,0,sent,0.549627791563276,0.5580583339487658,0.556666666666667,0.5685669269971828,0.697916666666667,0.505698005698006,0.522385416098063,7,0.24287220843672397,,,
SIG058,,,,,,,,,,0,0,0,0,,0.546953922276054,0.5436982855795135,0.554347826086957,0.5612428247547124,0.651041666666667,0.526666666666667,0.223780086287894,7,,,,
SIG059,,,,0.746,0.737,0.704,0.737,0.746,,0,3,0,1,sent,0.519430986496237,0.5392248525998232,0.512148337595908,0.5637490939747626,0.786458333333333,0.505434782608696,0.201614310716676,7,,0.23385166240409194,0.22485166240409193,
SIG060,0.84,,,,,,,,,2,0,1,0,sent,0.538322813345356,0.5486644380506863,0.557979334098737,0.5660810943814301,0.864583333333333,0.401709401709402,0.197587224519753,7,0.30167718665464394,,,
SIG062,0.637,0.6,0.56,,,,,,,4,0,1,0,sent,0.516959727736812,0.5365319895778632,0.529891304347826,0.5474687003775381,0.796875,0.46011396011396,0.243272598476067,7,0.12004027226318803,,,
SIG063,,,,,,,,,,0,0,0,0,,0.530686330119115,0.5437236799997008,0.524198250728863,0.5212440640189213,0.589673913043478,0.437321937321937,0.519104254003975,7,,,,
SIG064,,,,,,,,,,0,0,0,0,,0.606844655190187,0.6127958731526458,0.624040920716113,0.6419618618247193,0.6994301994302,0.573431360121688,0.505249222293247,7,,,,
SIG065,,,,0.675,0.659,0.596,0.659,0.675,,0,3,0,1,sent,0.542597844583097,0.5472595522840973,0.53,0.5320999797894246,0.605678793256433,0.49002849002849,0.265501406252511,7,,0.14500000000000002,0.129,
SIG066,,,,0.652,0.658,0.717,0.658,0.652,,0,3,0,1,sent,0.535614885063396,0.5507470131280562,0.526980482204363,0.569279492851117,0.796875,0.505691469134238,0.337700095624637,7,,0.12501951779563703,0.13101951779563703,
SIG067,,,,,,,,,,0,0,0,0,,0.520321761219306,0.5163072736417387,0.513333333333333,0.5215309117347922,0.583333333333333,0.470756749904931,0.0716033433628323,7,,,,
SIG068,,,,,,,,,,0,0,0,0,,0.551227773073666,0.5588858164730437,0.514919508175941,0.5523991809634624,0.817708333333333,0.457264957264957,0.414567744406071,7,,,,
SIG069,,,,,,,,,,0,0,0,0,,0.542183622828784,0.537699115978239,0.543333333333333,0.5144250260458114,0.573369565217391,0.331908831908832,0.050526960429151,7,,,,
SIG070,,,,,0.59,0.576,0.58,,,0,21,0,1,win,0.51421319122357,0.5541924937945925,0.514235010774496,0.5469960677121014,0.673913043478261,0.435897435897436,0.135199542877985,7,,,0.065764989225504,
SIG071,0.751,,,,0.8699,0.8561,0.8699,,,1,3,1,1,sent,0.568009075439592,0.5727162714897774,0.576666666666667,0.5983861639300974,0.752717391304348,0.475383631713555,0.529039419334145,7,0.182990924560408,,0.293233333333333,
SIG072,,,,,0.838,0.8045,0.838,,,0,7,0,1,sent,0.521091811414392,0.5227085362595674,0.544961338572696,0.5170688862616911,0.61,0.313390313390313,0.0815113836612291,7,,,0.29303866142730395,
SIG073,,,,,0.7075,0.7424999999999999,0.7424999999999999,,,0,6,0,1,sent,0.550879183210437,0.5696836022090042,0.567451205510907,0.582483654966819,0.702279202279202,0.510549872122762,0.638336374132982,7,,,0.17504879448909294,
SIG074,0.7678,,,,,,,,,1,0,1,0,sent,0.554169030062394,0.5499944460940853,0.522220813791355,0.49215701287120156,0.586894586894587,0.322916666666667,0.331760130262941,7,0.213630969937606,,,
SIG075,,,,,,,,,,0,0,0,0,,0.578703226471498,0.5758379869754361,0.5898392652124,0.5907557395273267,0.645833333333333,0.542806439345925,0.465620515100128,7,,,,
SIG076,,,,,,,,,,0,0,0,0,,0.524047470331043,0.5607358432638406,0.515625,0.5591373065628665,0.785326086956522,0.484330484330484,0.179612484955842,7,,,,
SIG077,,,,0.77,0.684,0.681,0.684,0.77,,0,6,0,1,sent,0.529778786159955,0.5332100891264937,0.546355498721228,0.5465824090446488,0.576636050516648,0.52,0.232823408314307,7,,0.223644501278772,0.13764450127877204,
SIG078,0.575,0.791,,,,,,,,4,0,1,0,sent,0.563570784490532,0.5737338850827215,0.552238805970149,0.5702090658297044,0.671875,0.47554347826087,0.337002705259354,7,0.01142921550946796,,,
SIG079,0.757,,,,0.895,0.88,0.89,,,1,12,1,1,sent,0.549143372407574,0.5588744910402588,0.515730764355432,0.5604859575370192,0.84375,0.483333333333333,0.226826711673709,7,0.20785662759242596,,0.37426923564456804,
SIG080,,,,,,,,,,0,0,0,0,,0.529776674937965,0.5353281912505818,0.52353616532721,0.5618877978236104,0.8125,0.46011396011396,0.275694827347912,7,,,,
SIG081,0.679,,,,,,,,,1,0,1,0,sent,0.541629566627241,0.5566459838806741,0.565217391304348,0.591054844145692,0.723958333333333,0.485613810741688,0.21796028980302,7,0.137370433372759,,,
SIG082,,,,0.6,,,0.6,0.6,,0,1,0,1,sent,0.563570784490532,0.599320928318411,0.595005740528129,0.6188183458438975,0.796875,0.521992647990873,0.411908522688109,7,,0.004994259471870932,0.004994259471870932,
SIG083,,,,,,,,,,0,0,0,0,,0.535821049376353,0.5401146998927858,0.533248081841432,0.538600323272831,0.619791666666667,0.46011396011396,0.175688145447693,7,,,,
SIG084,0.688,,,,,,,,,1,0,1,0,sent,0.581395348837209,0.5976139904597064,0.590473145780051,0.6200352934308533,0.859375,0.546666666666667,0.570438264324049,7,0.10660465116279094,,,
SIG085,,,,0.685,0.685,0.699,0.699,0.775,,0,9,0,1,sent,0.570765900422637,0.5607869440755738,0.571291560102302,0.5594108835756478,0.671195652173913,0.411680911680912,0.310439131358836,7,,0.11370843989769808,0.12770843989769798,
SIG086,,,,0.736,0.6845,0.784,0.6975,0.773,0.773,0,12,0,1,sent,0.536409822184589,0.5603785257486189,0.612372122762148,0.6211413872061842,0.744791666666667,0.519230769230769,0.16264448448642,7,,0.12362787723785196,0.08512787723785198,
SIG087,,,,0.76,,,0.76,0.76,,0,1,0,1,sent,0.556664775950085,0.5620918896853706,0.5800803673938,0.5925518867141178,0.677083333333333,0.541080562659847,0.526741970221249,7,,0.17991963260620003,0.17991963260620003,
SIG088,0.709,0.688,,,,,,,,5,0,1,0,sent,0.561363636363636,0.5665134274097822,0.563594878945367,0.5867640130533741,0.709239130434783,0.499520460358056,0.459288492742887,7,0.147636363636364,,,
SIG089,,,,,,,,,,0,0,0,0,,0.577096483318305,0.5802610978479177,0.567934782608696,0.5892480988178647,0.75,0.506234015345269,0.520517950846509,7,,,,
SIG090,,,,,,,,,,0,0,0,0,,0.547104867968158,0.5711768196604783,0.557992140955761,0.5751348928125263,0.822916666666667,0.428774928774929,0.449207043321179,7,,,,
SIG091,,,,,,,,,,0,0,0,0,,0.534292972057578,0.5400222960883955,0.520091848450057,0.5348408382983558,0.653846153846154,0.411458333333333,0.154129919783245,7,,,,
SIG093,0.82,,,,,,,,,3,0,1,0,sent,0.555406659107309,0.5504253963909653,0.534047314578005,0.5405019377350172,0.635416666666667,0.434782608695652,0.355017917745934,7,0.26459334089269093,,,
SIG094,,,,,,,,,,0,0,0,0,,0.527162148232141,0.5414348026380554,0.521579283887468,0.540815769763109,0.71875,0.478632478632479,0.152756210780511,7,,,,
SIG095,,,,,,,,,,0,0,0,0,,0.623985572587917,0.6128246252228676,0.626666666666667,0.6301533408449335,0.760416666666667,0.556420332107999,0.985265205854945,7,,,,
SIG096,,,,0.62,0.6,0.62,0.62,0.62,,0,3,0,1,sent,0.525409751572003,0.5547658336967494,0.5,0.5201193545506083,0.693333333333333,0.454415954415954,0.29914804558856,7,,0.12,0.12,
SIG097,,,,,,0.774,0.774,,,0,1,0,1,sent,0.528605298422843,0.542635543225639,0.524456521739131,0.5450839158203881,0.661458333333333,0.47008547008547,0.438785401453622,7,,,0.24954347826086898,
SIG098,,,,0.637,0.652,0.665,0.652,0.637,,0,3,0,1,sent,0.524378930007216,0.5404174836530216,0.546211251435132,0.5321697934874833,0.573333333333333,0.4375,0.124449559804197,7,,0.09078874856486796,0.10578874856486797,
SIG099,0.713,0.713,,,0.905,0.905,0.9075,,,1,4,1,1,sent,0.583032677043604,0.5696499977535538,0.579124040920716,0.566521187643126,0.6875,0.434270952927669,0.47804939677801,7,0.12996732295639601,,0.32837595907928396,
SIG101,,,,,,,,,,0,0,0,0,,0.558160504959423,0.5429972549200764,0.548913043478261,0.5569830629186935,0.692708333333333,0.448717948717949,0.358993479355209,7,,,,
SIG102,,,,,,,,,,0,0,0,0,,0.535489786968251,0.5418183257441845,0.534567118772975,0.5506760222323016,0.651041666666667,0.5,0.272118571878189,7,,,,
SIG107,,,,0.65,,,0.7250000000000001,0.65,0.65,0,2,0,1,sent,0.541929666366096,0.5473428441247002,0.552909207161125,0.5134503738416906,0.605413105413105,0.395833333333333,0.204205287020821,7,,0.097090792838875,0.17209079283887507,
SIG108,,,,,,,,,,0,0,0,0,,0.530913216108905,0.5432183401326698,0.51150895140665,0.5506033753902997,0.713675213675214,0.459242250287027,0.313762220732232,7,,,,
SIG109,,,,0.644,0.65,0.612,0.631,0.676,,0,4,0,1,sent,0.552272727272727,0.570160317624839,0.556666666666667,0.5518633634693327,0.625022182786158,0.401041666666667,0.437613722769876,7,,0.08733333333333304,0.07433333333333303,
SIG110,,,,,,,0.7026,,,0,3,0,1,sent,0.532353449306949,0.5419911371227594,0.527722144758525,0.5518486998488739,0.710826210826211,0.388586956521739,0.389202551423919,7,,,0.17487785524147503,
SIG111,,,,,,,,,,0,0,0,0,,0.546994072819644,0.5448922487546412,0.578628470021549,0.5619510666136206,0.625717566016074,0.397435897435897,0.300653450022937,7,,,,
SIG112,,,,,,,,,,0,0,0,0,,0.581168462847419,0.5663023781112368,0.593283582089552,0.5859710455268384,0.6875,0.493333333333333,0.420623120524489,7,,,,
SIG113,,,,,,,,,,0,0,0,0,,0.578899909828675,0.5842034233909214,0.578804347826087,0.582643263818381,0.838541666666667,0.383333333333333,0.593038732220609,7,,,,
SIG114,,,,0.74,0.75,0.74,0.75,0.8,,0,9,0,1,sent,0.60414788097385,0.5835944289106548,0.515212399540758,0.5713057382874824,0.828125,0.476666666666667,1.05275104629677,7,,0.22478760045924195,0.23478760045924196,
SIG115,,,,,,,,,,0,0,0,0,,0.518207600680658,0.534640118001373,0.526251742933198,0.5249357145603463,0.58,0.44833524684271,0.0891154659720949,7,,,,
SIG116,,,,,,,,,,0,0,0,0,,0.532161089052751,0.5556686279185117,0.561221227621483,0.568018741248037,0.619791666666667,0.527173913043478,0.242675700707791,7,,,,
SIG117,,,,0.636,0.724,0.551,0.636,0.636,,0,3,0,1,sent,0.556025152046181,0.5464008929744902,0.497376093294461,0.5133144192743082,0.555466751918159,0.470108695652174,0.155257418885246,7,,0.13862390670553904,0.13862390670553904,
SIG118,,,,0.762,0.7769999999999999,0.792,0.792,0.798,,0,7,0,1,sent,0.564516129032258,0.5879110707035489,0.555533020661681,0.5653058802701374,0.710826210826211,0.458333333333333,0.522455074741363,7,,0.20646697933831903,0.23646697933831906,
SIG119,,,,,,,,,,0,0,0,0,,0.555681818181818,0.5494642519251769,0.556666666666667,0.5587366740547024,0.666666666666667,0.472934472934473,0.374729072033782,7,,,,
SIG120,,,,,,,,,,0,0,0,0,,0.547675497371405,0.5436625951741277,0.543009253390797,0.5346092832472797,0.703125,0.378917378917379,0.189807676533644,7,,,,
SIG121,,,,,,,,,,0,0,0,0,,0.543424317617866,0.5485646548780266,0.55654420206659,0.562190792760613,0.651041666666667,0.5,0.291286972408394,7,,,,
SIG122,0.7775000000000001,,,0.602,0.612,0.732,0.612,0.602,,4,3,1,1,sent,0.558602205958149,0.5518439019862657,0.533869115958668,0.5095134872808551,0.581521739130435,0.418803418803419,0.185638158899932,7,0.21889779404185106,0.06813088404133194,0.07813088404133195,
SIG124,,,,,,,,,,0,0,0,0,,0.596256381168463,0.6009047556259215,0.604539641943734,0.6067045539209548,0.703125,0.533333333333333,0.54630080000835,7,,,,
SIG125,0.78,,,0.74,0.71,,0.74,0.8,,2,12,1,1,sent,0.521590909090909,0.523237692529847,0.516666666666667,0.529606889452541,0.598290598290598,0.482491389207807,0.143182381329868,7,0.25840909090909103,0.22333333333333294,0.22333333333333294,
SIG126,,,,,,,,,,0,0,0,0,,0.531480431083381,0.5326492317970387,0.521526980482204,0.500375120373275,0.576566496163683,0.421195652173913,0.186519414394113,7,,,,
SIG127,,,,,,,,,,0,0,0,0,,0.535617673579802,0.5577166139979427,0.532615033591076,0.5509329222042716,0.765625,0.415954415954416,0.160041115836481,7,,,,
SIG128,,,,,,,,,,0,0,0,0,,0.526955983919184,0.5372721647982731,0.522879959437191,0.537575918177724,0.697916666666667,0.418484500574053,0.332401952715089,7,,,,
SIG129,0.816,,,0.837,0.826,0.823,0.826,0.837,,2,3,1,1,sent,0.539796782387807,0.546423117751781,0.556425831202046,0.5725205797496382,0.734375,0.446039035591274,0.293069151001069,7,0.2762032176121929,0.28057416879795394,0.26957416879795393,
SIG130,0.6638,,0.6638,0.71,0.7,0.71,0.71,0.71,,2,3,1,1,sent,0.585592739648327,0.5850317828450292,0.573369565217391,0.578816441702268,0.822916666666667,0.354700854700855,0.466140092967856,7,0.07820726035167291,0.13663043478260894,0.13663043478260894,
SIG132,,,,,0.85,0.86,0.85,,,0,4,0,1,win,0.524813895781638,0.5296936659704985,0.530530690537084,0.5240258195809491,0.611413043478261,0.421875,0.204045336889708,7,,,0.31946930946291596,
SIG133,0.725,,,,,,,,,2,0,1,0,sent,0.56169467065251,0.5659355777464006,0.506666666666667,0.5638070061335568,0.869791666666667,0.460677382319173,0.421310469483083,7,0.16330532934748998,,,
SIG134,0.612,,,,,,,,,1,0,1,0,sent,0.544273786207608,0.5411282531500492,0.535326086956522,0.5379234671710632,0.661458333333333,0.391737891737892,0.30022846110606,7,0.06772621379239196,,,
SIG135,,,,,0.83,0.83,0.83,,,0,5,0,1,sent,0.538636363636364,0.5552471746531339,0.528490028490029,0.5472179818280228,0.605978260869565,0.504635549872123,0.270226370184675,7,,,0.30150997150997094,
SIG136,,,,0.6,0.66,0.74,0.66,0.6,,0,3,0,1,sent,0.57311401020987,0.5791867205933732,0.57,0.5853600189500362,0.739583333333333,0.514066496163683,0.588951583371891,7,,0.030000000000000027,0.09000000000000008,
SIG138,,,,,,,,,,0,0,0,0,,0.532387975042541,0.5529719694120411,0.552706552706553,0.6133994222454604,0.84375,0.510230179028133,0.17303233772275,7,,,,
SIG139,0.793,,,,,0.723,0.723,,,1,1,1,1,sent,0.532110091743119,0.5407456888743404,0.55099104859335,0.5602719946878856,0.682291666666667,0.485754985754986,0.248318667439545,7,0.2608899082568811,,0.17200895140664996,
SIG140,,,,0.6539999999999999,0.6445000000000001,0.648,0.648,0.697,,0,6,0,1,sent,0.529545454545455,0.5564790251694083,0.54349093674737,0.5404235308027898,0.603260869565217,0.42,0.381839409259416,7,,0.11050906325262988,0.10450906325262999,
SIG141,,,,0.698,,,0.698,0.707,0.707,0,2,0,1,sent,0.535904707884288,0.5384284635526547,0.499712973593571,0.49085222041871673,0.543957800511509,0.432291666666667,0.371178070168261,7,,0.19828702640642898,0.19828702640642898,
SIG142,0.652,,,0.683,0.726,0.696,0.696,0.683,,23,3,1,1,sent,0.526439592276104,0.5375873225321767,0.520015211053365,0.5152091968866327,0.622507122507123,0.39945652173913,0.411805080933033,7,0.12556040772389598,0.16298478894663504,0.17598478894663494,
SIG143,,,,0.705,0.694,0.699,0.699,0.705,,0,3,0,1,sent,0.559553349875931,0.5890389404023116,0.586956521739131,0.5929764113340791,0.686398783115731,0.485361653272101,0.610540703725978,7,,0.11804347826086892,0.11204347826086891,
SIG144,,,,,,,,,,0,0,0,0,,0.538461538461538,0.5545251572155728,0.527065527065527,0.5613591013813066,0.673333333333333,0.494791666666667,0.153332783183603,7,,,,
SIG145,,,,,,,,,,0,0,0,0,,0.540643522438611,0.5419468339810204,0.54622892635315,0.5535535214405474,0.713541666666667,0.457264957264957,0.202345079393135,7,,,,
SIG146,,,,,,,,,,0,0,0,0,,0.547475893363585,0.549831755883444,0.558266360505166,0.5647922289177669,0.65,0.501118925831202,0.251181947288775,7,,,,
SIG147,0.6295,,,,,,,,,2,0,1,0,sent,0.566874645490641,0.5594305544068894,0.566666666666667,0.5439185825974452,0.625356125356125,0.421875,0.220281575836356,7,0.06262535450935891,,,
SIG148,,,,0.645,0.711,0.698,0.698,0.645,,0,6,0,1,sent,0.581605049594229,0.5939740224972171,0.583333333333333,0.5904842443648255,0.666666666666667,0.552429667519182,0.416499354408321,7,,0.06166666666666698,0.11466666666666692,
SIG149,,,,,,,,,,0,0,0,0,,0.537044666232541,0.5493174202198354,0.546875,0.5629499835175638,0.633333333333333,0.521898976982097,0.242107079616027,7,,,,
SIG150,0.84,,,0.66,0.63,0.61,0.62,0.66,,5,4,1,1,sent,0.523863636363636,0.5363952430199626,0.548738750158448,0.5673990878857573,0.651041666666667,0.51,0.138616044971395,7,0.316136363636364,0.11126124984155206,0.07126124984155202,
SIG151,,,,0.808,0.728,0.857,0.808,0.808,,0,3,0,1,sent,0.533243850253166,0.545107902582677,0.515786452353617,0.5648250715716701,0.822916666666667,0.493333333333333,0.316521106885133,7,,0.2922135476463831,0.2922135476463831,
SIG152,0.768,,,,,,,,,3,0,1,0,sent,0.532007009586641,0.5300247156180953,0.502319685638231,0.5138362504145987,0.66,0.443019943019943,0.237719564724461,7,0.23599299041335897,,,
SIG153,,,,0.647,0.658,0.646,0.647,0.647,,0,9,0,1,sent,0.547727272727273,0.5599849478282609,0.542039641943734,0.5498650497986278,0.638586956521739,0.447293447293447,0.404172044323895,7,,0.10496035805626602,0.10496035805626602,
SIG154,0.62,,0.62,,,,,,,3,0,1,0,sent,0.604197390811117,0.6148599879065291,0.605051664753157,0.6329324493956392,0.737891737891738,0.557840030422107,0.609572734966483,7,0.015802609188882988,,,
SIG155,,,,0.68,0.65,0.73,0.68,0.68,,0,3,0,1,sent,0.54590570719603,0.5518393706133106,0.540121483375959,0.5279475630516112,0.610218140068886,0.367521367521368,0.310197328616127,7,,0.13987851662404105,0.13987851662404105,
SIG156,,,,0.751,0.783,0.803,0.783,0.751,,0,3,0,1,sent,0.531017369727047,0.5530149289735665,0.533295063145809,0.5448748369017923,0.648041576879199,0.494565217391304,0.115035601943433,7,,0.217704936854191,0.24970493685419104,
SIG157,,,,0.697,0.678,0.7955,0.7,0.74,,0,16,0,1,sent,0.558312655086849,0.5985209645994071,0.57147927493979,0.59072616405736,0.730769230769231,0.524110218140069,0.534220773970159,7,,0.12552072506020995,0.12852072506020995,
SIG159,,,,0.759,0.771,0.776,0.771,0.759,,0,3,0,1,sent,0.521591871295512,0.5273680033338358,0.560102301790281,0.5664562276901881,0.70940170940171,0.484117125110914,0.119023165803113,7,,0.19889769820971903,0.21089769820971904,
SIG161,,,,,,,,,,0,0,0,0,,0.537735723683336,0.5626321074414183,0.564634300925339,0.5780900396348939,0.708333333333333,0.443333333333333,0.189921001187183,7,,,,
SIG163,,,,,,,,,,0,0,0,0,,0.618966977138019,0.598889388792056,0.639781859931114,0.6180868428880145,0.685185185185185,0.538674103181645,0.439377624038564,7,,,,
SIG164,,,,,,,,,,0,0,0,0,,0.59058423142371,0.5853621797520107,0.581515499425947,0.6291444811242017,0.895833333333333,0.51139561414628,0.271781367642367,7,,,,
SIG165,0.5,,0.5,,,,,,,8,0,1,0,win,0.602032176121931,0.5813084371034908,0.562858783008037,0.5750735954512262,0.661458333333333,0.516304347826087,0.588532758110305,7,-0.10203217612193105,,,
SIG166,,,,,,,,,,0,0,0,0,,0.544318181818182,0.5487995434357467,0.529891304347826,0.5607034198938114,0.833333333333333,0.444444444444444,0.19946792855605,7,,,,
SIG167,,,,,,,,,,0,0,0,0,,0.541463414634146,0.5502974503133216,0.53212915601023,0.5638222883073374,0.75,0.483695652173913,0.224783174694352,7,,,,
SIG168,,,,0.755,0.797,0.744,0.755,0.755,,0,9,0,1,sent,0.580249458818679,0.602376850849808,0.595005740528129,0.627928777736871,0.817708333333333,0.555380910128026,0.362961318728366,7,,0.15999425947187096,0.15999425947187096,
SIG169,0.749,,,0.6935,0.696,0.684,0.684,0.724,,1,5,1,1,sent,0.556699934881125,0.5455220275463372,0.536458333333333,0.5327144460204317,0.578804347826087,0.493333333333333,0.530344360162692,7,0.19230006511887499,0.15704166666666697,0.14754166666666702,
SIG170,,,,,,,,,,0,0,0,0,,0.521190261496844,0.5540184957698587,0.509590792838875,0.5035393915360341,0.656666666666667,0.311965811965812,0.301955315476345,7,,,,
SIG171,0.851,,,0.826,0.823,0.912,0.826,0.826,,2,3,1,1,sent,0.556274668757558,0.5541529556431959,0.596866096866097,0.5789007152628199,0.6875,0.48,0.35908442331253,7,0.29472533124244193,0.22913390313390292,0.22913390313390292,
SIG172,,,,,,,,,,0,0,0,0,,0.514772727272727,0.5298001453114382,0.482491389207807,0.45987659953285853,0.541666666666667,0.319088319088319,0.240473210324513,7,,,,
SIG173,,,,,,,,,,0,0,0,0,,0.539325842696629,0.5402943960636043,0.549368541905855,0.5709951623039272,0.708333333333333,0.524223602484472,0.18400773374447,7,,,,
SIG175,0.671,,,,,,,,,1,0,1,0,sent,0.54824165915239,0.555378433370695,0.568886337543054,0.5648848116099167,0.666666666666667,0.408831908831909,0.396975038207163,7,0.12275834084761006,,,
SIG176,,,,,,,,,,0,0,0,0,,0.523879750425411,0.5513046722214884,0.557180884776271,0.5574808341327516,0.609375,0.509271099744246,0.354016172208,7,,,,
SIG177,0.736,,,,,,,,,6,0,1,0,win,0.540442427680091,0.5530170153254629,0.532768542199488,0.5237687063822031,0.614583333333333,0.391737891737892,0.451821674813866,7,0.195557572319909,,,
SIG178,,,,,,,,,,0,0,0,0,,0.554055311175196,0.5499421169582969,0.55,0.5381631269122433,0.583524684270953,0.4375,0.155347430031469,7,,,,
SIG179,,,,0.835,0.815,0.825,0.825,0.835,,0,6,0,1,sent,0.527986805483971,0.5631175381651273,0.5625,0.553422098703573,0.641025641025641,0.4375,0.530597676544467,7,,0.27249999999999996,0.26249999999999996,
SIG180,,,,,,,,,,0,0,0,0,,0.569245285526333,0.5770570877295764,0.575763721637723,0.5824195927692069,0.713541666666667,0.505698005698006,0.393883212475849,7,,,,
SIG181,,,,,,,,,,0,0,0,0,,0.559736109679415,0.5881246086701726,0.57,0.5873325552637741,0.717391304347826,0.479166666666667,0.191873306808634,7,,,,
SIG182,,,,,,,,,,0,0,0,0,,0.558593306863301,0.5656752409315284,0.533147420458867,0.5511626849784391,0.665760869565217,0.434472934472934,0.432106987388192,7,,,,
SIG183,,,,,,,,,,0,0,0,0,,0.520288548241659,0.540530098764748,0.526099632399544,0.5490753762118022,0.661458333333333,0.492877492877493,0.198734929785353,7,,,,
SIG184,,,,,,,,,,0,0,0,0,,0.540768992887331,0.5598393244134925,0.5,0.5039556629950042,0.651041666666667,0.408438576349024,0.14716663955878,7,,,,
SIG185,,,,,,,,,,0,0,0,0,,0.54590570719603,0.5507834301710389,0.54985754985755,0.5224543665942356,0.56460894916973,0.385416666666667,0.345369207704765,7,,,,
SIG186,,,,,,,,,,0,0,0,0,,0.594781622234827,0.5957976873149844,0.595441595441596,0.6046347893548921,0.734375,0.504955242966752,0.832911048619028,7,,,,
SIG187,,,,,,,,,,0,0,0,0,,0.546341463414634,0.5536704811304164,0.558404558404558,0.5360622131838438,0.605978260869565,0.46875,0.17710502639756,7,,,,
SIG188,0.715,0.715,,0.981,0.961,0.943,0.961,0.981,,2,12,1,1,sent,0.565909090909091,0.5639134817490998,0.556666666666667,0.5409033206601058,0.576349024110218,0.472934472934473,0.498761371787795,7,0.14909090909090894,0.424333333333333,0.404333333333333,
SIG189,,,,0.6715,0.6313,0.6215,0.6313,0.6715,,0,3,0,1,sent,0.548264182895851,0.5541757029206461,0.566666666666667,0.5713232404247355,0.60054347826087,0.540626188363544,0.355580056726589,7,,0.104833333333333,0.06463333333333299,
SIG190,,,,0.703,0.669,0.712,0.703,0.703,,0,6,0,1,sent,0.540909090909091,0.5653552876072457,0.536445012787724,0.5562464265360418,0.633333333333333,0.479334098737084,0.213900471517158,7,,0.1665549872122759,0.1665549872122759,
SIG191,,,,,,,,,,0,0,0,0,,0.517854532406608,0.5254636633725368,0.521079984788947,0.5094099576698624,0.550191815856778,0.384615384615385,0.09886388284874,7,,,,
SIG192,,,,,,,,,,0,0,0,0,,0.52087413668694,0.5339516388364788,0.525060210419572,0.5255634368077747,0.635416666666667,0.353276353276353,0.0801909143184532,7,,,,
SIG193,,,,0.636,0.623,0.584,0.623,0.636,,0,3,0,1,sent,0.535980148883375,0.5422680567424997,0.546875,0.524535652661236,0.608695652173913,0.387464387464387,0.265909259345194,7,,0.08912500000000001,0.076125,
SIG194,,,,0.615,0.67,0.6950000000000001,0.66,0.63,0.6,0,10,0,1,sent,0.55045871559633,0.5470736763479577,0.55,0.5452278482547726,0.616847826086957,0.414529914529915,0.190374515817261,7,,0.06499999999999995,0.10999999999999999,
SIG195,,,,0.774,0.753,0.76,0.76,0.774,,0,6,0,1,sent,0.525825571549534,0.5472255776637983,0.531339031339031,0.5281316566404521,0.663333333333333,0.348958333333333,0.184316241190084,7,,0.24266096866096898,0.22866096866096897,
SIG196,,,,0.74,0.74,0.76,0.74,0.74,,0,27,0,1,win,0.555831265508685,0.5744686548711171,0.557065217391304,0.5546180795166487,0.58,0.51502557544757,0.331438647152325,7,,0.182934782608696,0.182934782608696,
SIG197,,,,0.65,0.73,0.75,0.75,0.794,,0,9,0,1,sent,0.560965283657917,0.5635693170207211,0.556666666666667,0.5602876212543053,0.625,0.507846368361009,0.300920226849243,7,,0.09333333333333305,0.19333333333333302,
SIG198,,,,,,,,,,0,0,0,0,,0.53976176971072,0.5391679316589597,0.552414754721765,0.5362605713315883,0.58974358974359,0.447916666666667,0.160491861034811,7,,,,
SIG199,,,,,,,,,,0,0,0,0,,0.555416903006239,0.5518024244635271,0.551630434782609,0.5396289523847523,0.589993606138107,0.427083333333333,0.36283137646851,7,,,,
SIG200,,,,,,,,,,0,0,0,0,,0.578899602949518,0.5957917677659174,0.581042199488491,0.6155389439458387,0.735042735042735,0.529891304347826,0.365981600551566,7,,,,
SIG201,,,,0.845,0.835,0.8300000000000001,0.84,0.87,0.82,0,6,0,1,sent,0.584912081678956,0.5881508298242369,0.584098737083812,0.6087714532117883,0.765625,0.477207977207977,0.458006455598042,7,,0.260901262916188,0.255901262916188,
SIG202,0.76,,0.775,,,,,,,5,0,1,0,sent,0.57112616426757,0.5751706411759262,0.558343989769821,0.5813750480973535,0.760416666666667,0.483660793509951,0.981879938605374,7,0.18887383573243,,,
SIG203,,,,,,,,,,0,0,0,0,,0.547929665343165,0.5432650011849429,0.510685764989225,0.5082880634986567,0.653846153846154,0.296875,0.438242285358657,7,,,,
SIG204,,,,,,,,,,0,0,0,0,,0.513150025914654,0.5323463027008342,0.53125,0.5155544754251304,0.553333333333333,0.471509971509972,0.1322217554988,7,,,,
SIG205,,,,,,,,,,0,0,0,0,,0.596934174932372,0.5746384822002772,0.574074074074074,0.5734546697685234,0.640625,0.463333333333333,0.334457434625011,7,,,,
SIG206,0.6041648,0.5946932,,,,,,,,4,0,1,0,sent,0.544170704051129,0.5435458447543657,0.530137772675086,0.5457188948641671,0.729166666666667,0.4375,0.17082754050143,7,0.05999409594887095,,,
SIG207,0.8,,,,,,,,,2,0,1,0,sent,0.563244469653999,0.5559630455178051,0.60054347826087,0.5825645063067147,0.713541666666667,0.405982905982906,0.38946149963902,7,0.23675553034600105,,,
SIG208,,,,0.76,0.6599999999999999,0.55,0.62,0.83,,0,7,0,1,sent,0.575717304344359,0.5849385740199027,0.576923076923077,0.5951016455960889,0.713333333333333,0.545584045584046,0.494280483378511,7,,0.18307692307692303,0.04307692307692301,
SIG209,,,,,0.69,,0.69,,,0,8,0,1,win,0.524333522404992,0.5495251417644276,0.515984654731458,0.5324420465783013,0.608695652173913,0.481481481481482,0.0889614514035802,7,,,0.1740153452685419,
SIG210,,,,,,,,,,0,0,0,0,,0.592425608656447,0.591873075449905,0.605978260869565,0.6137736415049071,0.713541666666667,0.545899353530232,0.548409933247245,7,,,,
SIG211,,,,,,,,,,0,0,0,0,,0.563411165893657,0.5800794197434322,0.559031562935733,0.5715188589536695,0.734375,0.487052429667519,0.530997032254024,7,,,,
SIG212,,,,,,,,,,0,0,0,0,,0.521590909090909,0.5269379821547829,0.515669515669516,0.5190656931226797,0.59375,0.44,0.168443174032677,7,,,,
SIG213,,,,,,,,,,0,0,0,0,,0.578559273964833,0.5716966896931904,0.568376068376068,0.5928050738240348,0.708333333333333,0.524730637596654,0.350881488595423,7,,,,
SIG214,,,,0.906,,,0.583881,0.583881,0.583881,0,1,0,1,win,0.552272727272727,0.5464142771038667,0.57,0.5501029176952399,0.621125143513203,0.40625,0.242259741361785,7,,0.336000,0.013881000000000032,claim corrected from extracted 0.584 to source-reported 0.906 per manual verification (S4)
SIG215,,,,,,,,,,0,0,0,0,,0.535227272727273,0.5517635301537301,0.502237851662404,0.5391067549059697,0.807291666666667,0.336182336182336,0.14047716828154,7,,,,
SIG216,0.6385000000000001,,0.7404999999999999,0.824,0.793,0.791,0.793,0.824,,8,6,1,1,sent,0.549744753261486,0.5636938809602384,0.606666666666667,0.5812728586352167,0.71875,0.373219373219373,0.364139882196765,7,0.0887552467385141,0.21733333333333293,0.18633333333333302,
SIG217,,,,,,,,,,0,0,0,0,,0.530207394048692,0.5519079724940306,0.555466751918159,0.5737868300750362,0.677083333333333,0.518595512739257,0.229560766937359,7,,,,
SIG218,,,,,,,,,,0,0,0,0,,0.560541913632515,0.5714146759364654,0.567934782608696,0.5729216477301895,0.6875,0.496643222506394,0.56525049670428,7,,,,
SIG219,,,,0.54,0.7,0.72,0.7,0.54,,0,6,0,1,sent,0.526672311600339,0.5253674266879708,0.52,0.5349601427390063,0.695156695156695,0.442708333333333,0.210830335046014,7,,0.020000000000000018,0.17999999999999994,
SIG220,,,,,,0.5,0.5,,,0,1,0,1,sent,0.570454545454545,0.5549172177770009,0.562858783008037,0.5593618938745172,0.651041666666667,0.463333333333333,0.376450659652458,7,,,-0.06285878300803704,
SIG221,,,,,0.805,,0.805,,,0,9,0,1,sent,0.552593458875437,0.5541889338564207,0.562251235898086,0.5792500421886299,0.720797720797721,0.49,0.206509820565793,7,,,0.24274876410191404,
SIG222,0.7582962,,,,,,,,,1,0,1,0,sent,0.530459444129325,0.5423557931632469,0.564102564102564,0.5642124258387191,0.608695652173913,0.51,0.239842911112423,7,0.22783675587067498,,,
SIG223,,,,0.751,0.754,0.705,0.751,0.751,,0,7,0,1,sent,0.519051651143099,0.5233002164618686,0.533248081841432,0.5114163596455862,0.559988518943743,0.368945868945869,0.0694103496535971,7,,0.21775191815856798,0.21775191815856798,
SIG224,,,,,,,,,,0,0,0,0,,0.588907705334462,0.6093607204000815,0.584239130434783,0.6072256114926897,0.885416666666667,0.42,0.377617091984747,7,,,,
SIG225,,,,0.59,0.63,0.64,0.63,0.59,,0,3,0,1,sent,0.588907705334462,0.576119161027301,0.56,0.582036569738822,0.78125,0.467236467236467,0.606104099575836,7,,0.029999999999999916,0.06999999999999995,
SIG226,0.763,,,0.7315,0.74,0.7335,0.7344999999999999,0.774,,4,6,1,1,sent,0.566848778476446,0.5673738308717869,0.567295396419437,0.5686485189954176,0.614070224363037,0.527841561423651,0.325228728109258,7,0.19615122152355402,0.164204603580563,0.16720460358056288,
SIG227,,,,0.7324999999999999,,,0.7324999999999999,0.755,,0,2,0,1,sent,0.547840812870449,0.5478956347075907,0.573765786452354,0.5917780752151399,0.744791666666667,0.506147800735201,0.544909999960097,7,,0.15873421354764594,0.15873421354764594,
SIG228,,,,,,,,,,0,0,0,0,,0.546454906409529,0.5523738156188797,0.501635188236786,0.50228258742022,0.599104859335038,0.378917378917379,0.26342010262069,7,,,,
SIG229,,,,,0.92,0.9,0.9,,,0,9,0,1,sent,0.552932687351819,0.5631332246397956,0.586894586894587,0.5744286183819403,0.616666666666667,0.53125,0.194087785255029,7,,,0.31310541310541307,
SIG230,,,,0.65,0.653,0.6815,0.677,0.738,0.65,0,6,0,1,sent,0.557058753172884,0.5520360259820226,0.533333333333333,0.5468709015418527,0.665760869565217,0.484375,0.444107542042732,7,,0.11666666666666703,0.14366666666666705,
SIG231,,,,,0.663,0.631,0.631,,,0,6,0,1,sent,0.555681818181818,0.570860044231164,0.538174512055109,0.5336655527644487,0.593333333333333,0.452991452991453,0.361456158186639,7,,,0.09282548794489098,
SIG232,,,,,,,,,,0,0,0,0,,0.546994072819644,0.541554700249805,0.551630434782609,0.5584583717011473,0.686666666666667,0.457264957264957,0.302235750483957,7,,,,
SIG233,0.781,,,,,,,,,1,0,1,0,sent,0.53970223325062,0.550493131498265,0.532146957520092,0.5276285355329344,0.60054347826087,0.465811965811966,0.301142266351523,7,0.24129776674938008,,,
SIG234,,,,,,,,,,0,0,0,0,,0.52644057313679,0.5426066300367531,0.533088235294118,0.5416591907127974,0.728260869565217,0.358974358974359,0.0694780584111038,7,,,,
SIG235,0.5293,,,,,,,,,18,0,1,0,win,0.577156994124317,0.5826738666859816,0.588874680306905,0.6090894470696482,0.730978260869565,0.522068703257701,0.489181386671161,7,-0.04785699412431699,,,"C-index excluded from paired analysis: extracted figure is a regression coefficient inside the published risk-score formula (automated audit, Section 2.8)"
SIG236,,,,,,,,,,0,0,0,0,,0.571960297766749,0.5832489836712051,0.616532721010333,0.6180850942495579,0.682291666666667,0.547154731457801,0.372731763097089,7,,,,
SIG237,,,,0.711,0.697,0.664,0.697,0.711,,0,3,0,1,sent,0.560862166761203,0.5696482584655801,0.537404092071611,0.5639795190293397,0.673333333333333,0.514925373134328,0.246238030482819,7,,0.17359590792838897,0.15959590792838896,
SIG238,,,,0.753,,,0.753,0.753,,0,1,0,1,sent,0.533022861981372,0.5415665996512052,0.521663075167955,0.5626061763013438,0.723333333333333,0.461956521739131,0.28013888756549,7,,0.23133692483204504,0.23133692483204504,
SIG239,,,,0.72,0.729,0.738,0.729,0.72,,0,6,0,1,sent,0.519568916619399,0.5373971216869435,0.558343989769821,0.5561231444409679,0.588541666666667,0.503612625174293,0.328188023913748,7,,0.16165601023017895,0.17065601023017896,
SIG240,,,,,,,,,,0,0,0,0,,0.539410209044879,0.5370631072157198,0.532285460768158,0.5458650366577833,0.661458333333333,0.468660968660969,0.151571825150199,7,,,,
SIG241,,,,,,,,,,0,0,0,0,,0.519909245604084,0.532669404714809,0.499505640765623,0.48487136452707197,0.60054347826087,0.302083333333333,0.0536979694148879,7,,,,
SIG242,,,,,,,,,,0,0,0,0,,0.544170704051129,0.5334158345147076,0.529891304347826,0.5221259130904243,0.592592592592593,0.433333333333333,0.288600944681177,7,,,,
SIG243,,,,,0.66,0.72,0.68,,,0,3,0,1,sent,0.579531409890095,0.5651351092042064,0.595436683990366,0.5893903995690641,0.75,0.476176808266361,0.64664140129075,7,,,0.08456331600963407,
SIG244,,,,0.847,0.812,0.797,0.812,0.847,,0,3,0,1,sent,0.564474331202573,0.5659146392595112,0.587222715173026,0.5709199761881397,0.635416666666667,0.465811965811966,0.621930303109188,7,,0.25977728482697393,0.224777284826974,
SIG245,0.66,,0.66,,,,,,,1,0,1,0,sent,0.541387485826204,0.5474491141873167,0.532608695652174,0.5218800876045381,0.613333333333333,0.40625,0.314303100965157,7,0.11861251417379604,,,
SIG246,,,,0.78,0.77,0.75,0.75,0.78,,0,9,0,1,sent,0.55,0.5499429635677126,0.543797953964194,0.5661770313419151,0.70940170940171,0.489130434782609,0.343151642180196,7,,0.23620204603580608,0.20620204603580605,
SIG247,,,,0.934,0.742,0.908,0.908,0.934,0.934,0,12,0,1,win,0.585963560009037,0.5974359799679683,0.556425831202046,0.5642118343589141,0.68,0.46875,0.506991893432884,7,,0.377574168797954,0.351574168797954,
SIG248,0.697,,,,,,,,,6,0,1,0,sent,0.542831379621281,0.5623056284025295,0.57400895140665,0.5449545591874928,0.625356125356125,0.453125,0.337399862985035,7,0.15416862037871892,,,
SIG249,,,,,,,,,,0,0,0,0,,0.530681818181818,0.5463673634257554,0.532564330079858,0.5441467075091865,0.822916666666667,0.38,0.114747608016987,7,,,,
SIG250,,,,,,,,,,0,0,0,0,,0.554545454545455,0.5532917682155072,0.53,0.5930114280045492,0.796875,0.492877492877493,0.327917044896753,7,,,,
SIG251,,,,,,,,,,0,0,0,0,,0.547339945897205,0.5471537018991219,0.537244245524297,0.5385760818452658,0.697916666666667,0.387464387464387,0.519589230598391,7,,,,
SIG252,,,,,,,,,,0,0,0,0,,0.587294384571753,0.5797411869328941,0.537404092071611,0.5734464394558857,0.690883190883191,0.496666666666667,0.209602210164539,7,,,,
SIG253,,,,,,,,,,0,0,0,0,,0.618264322178106,0.5981658583699241,0.544378248193687,0.5588872966105839,0.649456521739131,0.463541666666667,0.576889061574393,7,,,,
SIG254,0.5,,,,,,,,,1,0,1,0,sent,0.529429955674673,0.5354509513804743,0.486796785304248,0.50277248610642,0.713541666666667,0.327635327635328,0.139164818947676,7,-0.029429955674672992,,,
SIG255,,,,,,0.718,0.718,,,0,3,0,1,sent,0.535986452159187,0.5443124232698394,0.541944479655216,0.5378535768070798,0.66304347826087,0.393162393162393,0.193226762565138,7,,,0.176055520344784,
SIG256,,,,0.6,0.63,0.62,0.62,0.6,,0,3,0,1,sent,0.563698241633579,0.5572516585749892,0.553333333333333,0.5786762775312998,0.739583333333333,0.53360375205983,0.400463947251414,7,,0.04666666666666697,0.06666666666666698,
SIG257,,,,,,,,,,0,0,0,0,,0.555200494794351,0.565858305010338,0.546666666666667,0.5691167891743488,0.656695156695157,0.508323765786452,0.263076747727385,7,,,,
SIG258,,,,0.7,,,0.7,0.7,,0,2,0,1,sent,0.519430986496237,0.5244824455554513,0.504273504273504,0.4970437509035284,0.553333333333333,0.421875,0.173122630994166,7,,0.19572649572649592,0.19572649572649592,
SIG259,0.707,,,0.77,0.731,0.721,0.731,0.77,,2,7,1,1,sent,0.535227272727273,0.53069312696186,0.513586956521739,0.5317653207293077,0.744791666666667,0.386039886039886,0.202149660431567,7,0.17177272727272697,0.256413043478261,0.21741304347826096,
SIG260,,,,0.845,,,0.845,0.845,,0,1,0,1,sent,0.582980524978832,0.5740870112513458,0.584239130434783,0.583115317590386,0.676638176638177,0.519457472429966,0.649360586857114,7,,0.26076086956521694,0.26076086956521694,
SIG261,,,,0.782,0.708,0.71,0.71,0.81,,0,9,0,1,sent,0.549627791563276,0.5634441725482427,0.545924225028703,0.5642688209147478,0.653846153846154,0.520833333333333,0.560697665533424,7,,0.23607577497129706,0.164075774971297,
SIG262,,,,0.734,0.733,0.733,0.733,0.734,,0,6,0,1,sent,0.521080300999897,0.5321144252616897,0.523017902813299,0.5333764763511478,0.581521739130435,0.463541666666667,0.0475660219960798,7,,0.21098209718670102,0.20998209718670102,
SIG263,0.6031,,,0.7,0.699,0.635,0.7,0.787,,1,5,1,1,sent,0.524555461473328,0.5494260324821462,0.535302319685638,0.5606917320792845,0.686666666666667,0.489130434782609,0.280289755257051,7,0.07854453852667198,0.16469768031436194,0.16469768031436194,
SIG264,,,,0.75,0.74,0.65,0.74,0.75,,0,3,0,1,sent,0.606352807714124,0.6131705212295567,0.573369565217391,0.6030094161992422,0.695156695156695,0.543288122702497,0.614286602027648,7,,0.17663043478260898,0.16663043478260897,
SIG265,,,,,,,,,,0,0,0,0,,0.609090909090909,0.5977354089939143,0.625,0.628008376703991,0.745014245014245,0.549347192293066,1.00774590886014,7,,,,
SIG266,,,,0.662,0.7,0.689,0.68,0.68,0.68,0,9,0,1,sent,0.578409090909091,0.5643571673970368,0.539896670493685,0.5478465934842885,0.645833333333333,0.495601470401825,0.413424329895885,7,,0.12210332950631508,0.1401033295063151,
SIG267,0.761,0.761,,0.796,0.775,,0.7855000000000001,0.796,,1,4,1,1,sent,0.569882777276826,0.5697825054367885,0.545584045584046,0.5792146056641287,0.791666666666667,0.523333333333333,0.672330952603147,7,0.191117222723174,0.250415954415954,0.23991595441595404,
SIG268,,,,,,,,,,0,0,0,0,,0.555190017016449,0.5568322895628943,0.570652173913044,0.5602363767908309,0.661458333333333,0.497282608695652,0.280226992033994,7,,,,
SIG269,,,,0.752,0.817,0.7,0.752,0.752,,0,3,0,1,sent,0.544318181818182,0.5471403534450181,0.540441176470588,0.525792843899978,0.635416666666667,0.443333333333333,0.257593033000701,7,,0.21155882352941202,0.21155882352941202,
SIG270,,,,,,,,,,0,0,0,0,,0.570845150311968,0.5634163220646036,0.543478260869565,0.5347459563880933,0.66,0.300569800569801,0.490075594934163,7,,,,
SIG271,,,,,,,,,,0,0,0,0,,0.547469333058448,0.5414776430220073,0.526666666666667,0.5440617127681715,0.684782608695652,0.393162393162393,0.163417311527148,7,,,,
SIG272,,,,,,,,,,0,0,0,0,,0.584310189359784,0.5699745609717691,0.550665483584738,0.5460608325416153,0.65625,0.41025641025641,0.323302160379659,7,,,,
SIG273,,,,0.634,0.672,0.825,0.736,0.755,0.602,0,21,0,1,sent,0.544453852667231,0.5428797426143087,0.541488148054253,0.5664074658193009,0.734375,0.463333333333333,0.290470863736668,7,,0.09251185194574696,0.19451185194574694,
SIG274,0.738,,,,,,,,,1,0,1,0,sent,0.531781997953407,0.5449256411959825,0.526214833759591,0.536377340580513,0.640625,0.458381171067738,0.171881250430201,7,0.20621800204659302,,,
SIG275,0.4606,,,,,,,,,6,0,1,0,win,0.51985111662531,0.532436494128685,0.551090700344432,0.5525146752910821,0.67948717948718,0.415760869565217,0.0848994171007266,7,-0.05925111662531002,,,"C-index excluded from paired analysis: extracted figure is a regression coefficient inside the published risk-score formula (automated audit, Section 2.8)"
SIG276,,,,0.7484999999999999,0.7625,0.7665,0.7665,0.819,,0,6,0,1,sent,0.570719602977668,0.5688091593660891,0.572330654420207,0.5720258647642503,0.692708333333333,0.486413043478261,0.501176612794828,7,,0.1761693455797929,0.19416934557979293,
SIG277,0.704,,,,,,,,,1,0,1,0,sent,0.512277730736664,0.5191755293066628,0.483695652173913,0.5284009415503085,0.796875,0.436666666666667,0.0896379376213027,7,0.1917222692633359,,,
SIG278,,,,,,,,,,0,0,0,0,,0.601896711679208,0.579309419051713,0.605818414322251,0.5811391686931108,0.692934782608696,0.421875,1.1068236201342,7,,,,
SIG279,,,,,,,,,,0,0,0,0,,0.552460563211823,0.5711558301938722,0.556547090886044,0.5795634906845744,0.713541666666667,0.501424501424502,0.381507533967226,7,,,,
SIG280,,,,0.77,0.69,,0.73,0.77,,0,2,0,1,sent,0.52087413668694,0.5329509659421542,0.48,0.4951493333820592,0.604166666666667,0.377492877492877,0.0215746047013704,7,,0.29000000000000004,0.25,
SIG281,,,,,,,,,,0,0,0,0,,0.555038103302286,0.5627027536832967,0.565527065527066,0.5853800131624737,0.6875,0.526666666666667,0.211712988054817,7,,,,
SIG282,,,,0.7557,0.7852,0.8028,0.7852,0.7557,,0,3,0,1,sent,0.552807714123653,0.5647909847452567,0.526632019267334,0.5834593447510948,0.770833333333333,0.513333333333333,0.636423589269061,7,,0.229067980732666,0.25856798073266596,
SIG283,0.77,,,0.64,0.66,0.66,0.66,0.68,,6,12,1,1,sent,0.554055587067499,0.557288295020149,0.545595132462923,0.5319140932320223,0.565217391304348,0.437321937321937,0.440183611332449,7,0.215944412932501,0.094404867537077,0.11440486753707702,
SIG284,,,,0.609,0.621,0.632,0.621,0.609,,0,3,0,1,sent,0.622575155984118,0.6112239417417041,0.636666666666667,0.6099771785272267,0.676638176638177,0.52653452685422,0.422566145716471,7,,-0.02766666666666706,-0.01566666666666705,
SIG285,,,,0.599,,,0.599,0.599,,0,3,0,1,win,0.532010820559062,0.5639294248546926,0.56980056980057,0.6009752017893273,0.755208333333333,0.533295063145809,0.303288842637166,7,,0.029199430199429943,0.029199430199429943,
SIG286,0.827,,,0.947,0.946,0.864,0.946,0.947,,1,3,1,1,sent,0.5385266723116,0.5588725531074209,0.544159544159544,0.5625856578008362,0.666666666666667,0.478260869565217,0.604114214219114,7,0.28847332768839995,0.4028404558404559,0.4018404558404559,
SIG287,,,,,,,,,,0,0,0,0,,0.565374211000902,0.5829926824416379,0.569053708439898,0.5894194371480015,0.90625,0.424501424501425,0.339172870595633,7,,,,
SIG288,,,,,,,,,,0,0,0,0,,0.555455365193868,0.5696632309634311,0.534820636329066,0.5473003748169598,0.67,0.433048433048433,0.351292215073346,7,,,,
SIG289,,,,,,,,,,0,0,0,0,,0.564593937299826,0.5640738200678101,0.572250639386189,0.5382711702515436,0.630434782608696,0.28125,0.695890831697484,7,,,,
SIG290,,,,0.718,,,0.718,0.718,0.706,0,3,0,1,sent,0.597050482132728,0.5933692381045521,0.540760869565217,0.5582526906063354,0.716666666666667,0.432291666666667,0.461162102080547,7,,0.177239130434783,0.177239130434783,
SIG291,,,,,,,,,,0,0,0,0,,0.59171866137266,0.5895472676271806,0.567524401064774,0.5574930776878055,0.620364450127877,0.453125,0.374394125421507,7,,,,
SIG292,0.73,0.775,0.73,,,,,,,23,0,1,0,sent,0.539224526600541,0.5446501676673582,0.523177749360614,0.5459860453203017,0.734375,0.445868945868946,0.544875514146431,7,0.190775473399459,,,
SIG293,,,,,,,,,,0,0,0,0,,0.534883720930233,0.5542005377342715,0.538363171355499,0.5658513583790589,0.688034188034188,0.49540757749713,0.312725996803546,7,,,,
SIG294,,,,,,,,,,0,0,0,0,,0.541908647520832,0.5428240807397525,0.523337595907928,0.5279019200278174,0.580098871846875,0.479166666666667,0.319962301998394,7,,,,
SIG295,,,,0.7250000000000001,0.72,0.76,0.755,0.872,,0,8,0,1,sent,0.528409090909091,0.534966826935679,0.506713554987212,0.5063541419124601,0.566666666666667,0.408831908831909,0.161457403996137,7,,0.21828644501278804,0.24828644501278796,
SIG296,0.7364999999999999,,,,,,,,,4,0,1,0,sent,0.550381033022862,0.5743156211013641,0.547933409873708,0.5666167423740315,0.67,0.453125,0.276355892502951,7,0.18611896697713792,,,
SIG297,,,,,,,,,,0,0,0,0,,0.534316505955757,0.5505045769077573,0.55664849790848,0.5803218739320967,0.822916666666667,0.457264957264957,0.209631226704863,7,,,,
SIG298,,,,,,,,,,0,0,0,0,,0.527295285359801,0.5259323902219702,0.521739130434783,0.5135616886681957,0.546875,0.41025641025641,0.290156817090309,7,,,,
SIG300,,,,,,,,,,0,0,0,0,,0.535227272727273,0.5342440863748267,0.564293915040184,0.5570087598555823,0.619791666666667,0.455840455840456,0.126022540442069,7,,,,
SIG301,,,,,0.632,0.821,0.661,,,0,6,0,1,sent,0.559273964832672,0.5674037561233976,0.611413043478261,0.5893023433112579,0.700854700854701,0.49,0.345626504510397,7,,,0.049586956521739056,
SIG302,0.79,,,,,,,,,1,0,1,0,sent,0.528190584231424,0.5523113144717379,0.557865382177716,0.5597785807706155,0.636666666666667,0.489130434782609,0.326935807686967,7,0.2618094157685761,,,
SIG303,,,,0.704,0.6775,0.7130000000000001,0.692,0.79,0.661,0,12,0,1,sent,0.509699376063528,0.5403076467701872,0.514386189258312,0.5323463102968333,0.670940170940171,0.377717391304348,0.0079628109368381,7,,0.18961381074168793,0.17761381074168792,
SIG304,,,,,,,,,,0,0,0,0,,0.542624471703948,0.5509409800929213,0.550031969309463,0.5398536221115504,0.588404133180253,0.453333333333333,0.313594199951432,7,,,,
SIG305,,,,,,,,,,0,0,0,0,,0.550804403048264,0.550322303209562,0.540727595385981,0.5575805970029721,0.666666666666667,0.464387464387464,0.382752580832875,7,,,,
SIG306,,,,0.77,0.746,0.781,0.77,0.77,0.77,0,3,0,1,sent,0.534320305128444,0.5566080894190645,0.568599311136625,0.5900299468526674,0.765625,0.532608695652174,0.486545134593507,7,,0.20140068886337503,0.20140068886337503,
SIG307,,,,,,,,,,0,0,0,0,,0.547146401985112,0.5393299046047794,0.536285166240409,0.5586553141232262,0.651041666666667,0.514245014245014,0.302878873832904,7,,,,
SIG308,,,,0.75,0.71,0.7,0.71,0.75,,0,3,0,1,sent,0.57439134355275,0.5784809516273856,0.590700344431688,0.6034789609509347,0.75,0.533333333333333,0.299144158674963,7,,0.15929965556831205,0.11929965556831201,
SIG309,,,,,0.88,,0.88,,,0,2,0,1,sent,0.596710153148043,0.5881159124235131,0.617393800229621,0.6109431619580495,0.703125,0.53,0.423821629281518,7,,,0.262606199770379,
SIG310,,,,0.7025,0.656,0.6819999999999999,0.669,0.74,,0,6,0,1,sent,0.517060096897227,0.5240066068633621,0.526374680306905,0.5210562544385468,0.579219288174512,0.43019943019943,0.100147850627331,7,,0.17612531969309497,0.142625319693095,
SIG311,,,,,0.707,0.706,0.707,,,0,9,0,1,sent,0.538103302286198,0.5505036029096518,0.52,0.5225783970374464,0.635869565217391,0.4002849002849,0.246692641732516,7,,,0.18699999999999994,
SIG312,0.782,,,0.975,0.977,0.981,0.977,0.975,,1,3,1,1,sent,0.536954953097619,0.5467937487375437,0.537381163645582,0.5542793007376173,0.713541666666667,0.44017094017094,0.305198014308263,7,0.24504504690238105,0.437618836354418,0.439618836354418,
SIG313,,,,0.655,0.805,0.784,0.784,0.655,,0,3,0,1,sent,0.552272727272727,0.5534336070302908,0.535326086956522,0.516430476567906,0.581521739130435,0.354166666666667,0.151819546231133,7,,0.11967391304347808,0.24867391304347808,
SIG314,,,,,,,,,,0,0,0,0,,0.572727272727273,0.5644302679847181,0.581228473019518,0.5682358897378573,0.638586956521739,0.493446291560102,0.655696655153854,7,,,,
SIG315,,,,,,0.81,0.81,,,0,1,0,1,sent,0.531017369727047,0.5474451429202174,0.5,0.5327892338353349,0.636666666666667,0.474358974358974,0.170330645625952,7,,,0.31000000000000005,
SIG316,,,,0.706,,0.706,0.706,0.706,,0,2,0,1,sent,0.598737601442741,0.6130747246620064,0.608695652173913,0.6414750971782252,0.760416666666667,0.56405121054633,0.757956552766973,7,,0.09730434782608699,0.09730434782608699,
SIG317,,,,,,,,,,0,0,0,0,,0.533084375456829,0.5416412533413869,0.53058689314235,0.522603507986988,0.638586956521739,0.431623931623932,0.248230310190114,7,,,,
SIG318,,,,0.65,0.95,,0.95,0.98,,0,6,0,1,sent,0.569478908188586,0.5634592124117718,0.567777918620864,0.572703587090527,0.6875,0.529891304347826,0.498501820728708,7,,0.082222081379136,0.38222208137913594,
SIG319,,,,,,,,,,0,0,0,0,,0.561767357980162,0.5515462715854023,0.52991452991453,0.5547988953910595,0.6875,0.447916666666667,0.317841354031045,7,,,,
SIG320,,,,,,,,,,0,0,0,0,,0.570454545454545,0.5679816844484862,0.527653452685422,0.5457968478780334,0.71875,0.463333333333333,0.435619542886868,7,,,,
SIG321,,,,,,,,,,0,0,0,0,,0.535337492909813,0.5400077334147736,0.550803673938002,0.545877013742405,0.597826086956522,0.515625,0.216325354802988,7,,,,
SIG322,,,,,,,,,,0,0,0,0,,0.522631877481565,0.54173719783529,0.542983901635188,0.5601982711706371,0.697916666666667,0.491452991452991,0.288735204159367,7,,,,
SIG323,0.7905,,,0.64,0.606,,0.623,0.64,,2,2,1,1,sent,0.568916619398752,0.5714822987822912,0.537037037037037,0.5485332220711179,0.60054347826087,0.479166666666667,0.602007244608494,7,0.22158338060124794,0.10296296296296303,0.08596296296296302,
SIG324,,,,,,,,,,0,0,0,0,,0.554395916052184,0.5640575628124983,0.536165327210103,0.5444320966933194,0.668478260869565,0.441595441595442,0.242781027826272,7,,,,
SIG325,,,,,,,,,,0,0,0,0,,0.605632118223982,0.6197261138210658,0.616833565724426,0.6286870712615384,0.72,0.541331802525832,0.484137110877933,7,,,,
SIG326,0.694,,,,,,,,,3,0,1,0,sent,0.53259949195597,0.540002625012164,0.529891304347826,0.55051419188463,0.69,0.452991452991453,0.41554327979646,7,0.16140050804402994,,,
SIG327,,,,,,,,,,0,0,0,0,,0.554478919699,0.5862715399927009,0.591561423650976,0.5864868210652595,0.663333333333333,0.484375,0.231902568178188,7,,,,
SIG328,,,,,,,,,,0,0,0,0,,0.581885856079405,0.5743248058057208,0.562858783008037,0.5715087775276818,0.723646723646724,0.447916666666667,0.192485217192814,7,,,,
SIG329,0.66,,,,,,,,,3,0,1,0,sent,0.569432684165961,0.5862699087565607,0.573369565217391,0.5861880408746519,0.807291666666667,0.482491389207807,0.333668737086609,7,0.09056731583403899,,,
SIG330,,,,0.77,0.785,0.769,0.77,0.77,,0,3,0,1,sent,0.545536519386835,0.5360845482510114,0.533088235294118,0.5450330764291287,0.666666666666667,0.481481481481482,0.319800266218175,7,,0.23691176470588204,0.23691176470588204,
SIG331,0.807,,,0.761,0.781,0.675,0.747,0.792,,1,6,1,1,sent,0.560865644724978,0.5566203880142632,0.566666666666667,0.5800789828606562,0.723958333333333,0.51606033717835,0.444342570017288,7,0.24613435527502203,0.19433333333333302,0.180333333333333,
SIG332,,,,,,,,,,0,0,0,0,,0.577765173000567,0.5920912092550253,0.574626865671642,0.6019501430009452,0.838541666666667,0.493333333333333,0.246077331295079,7,,,,
SIG334,0.852,,,,,,,,,1,0,1,0,sent,0.550868486352357,0.5424621251073801,0.527088350868298,0.5371579536656141,0.606666666666667,0.496803069053708,0.163156338555836,7,0.301131513647643,,,
SIG335,,,,,,,,,,0,0,0,0,,0.536542624471704,0.559366447255,0.539002557544757,0.5530907399476919,0.79,0.405982905982906,0.456184374051346,7,,,,
SIG336,,,,,,,,,,0,0,0,0,,0.577883503661276,0.5636538346350477,0.581515499425947,0.572832512588162,0.716666666666667,0.461538461538462,0.163901171273483,7,,,,
SIG337,,,,,,,,,,0,0,0,0,,0.545454545454545,0.5707063104138242,0.603333333333333,0.5835690850380174,0.716524216524217,0.499040920716113,0.209521784257543,7,,,,
SIG338,0.84,,,,,,,,,1,0,1,0,sent,0.535980148883375,0.5431407790536341,0.59287084398977,0.5629098004033541,0.697916666666667,0.448369565217391,0.130616674071917,7,0.304019851116625,,,
