sig_id,claim_auc5,重算AUC5中位,diff,ok05,是否给出风险公式,correction_note
SIG002,0.6499999999999999,0.609375,0.04062499999999991,True,1,
SIG003,0.76,0.532448849104859,0.227551150895141,False,1,
SIG010,0.692,0.529420712384333,0.16257928761566698,False,1,
SIG013,0.645,0.53420716112532,0.11079283887468006,False,0,
SIG026,0.7915000000000001,0.515669515669516,0.27583048433048407,False,0,
SIG027,0.797,0.526454556978071,0.27054544302192907,False,1,
SIG038,0.937,0.562284730195178,0.37471526980482206,False,1,
SIG039,0.75,0.513449106350615,0.23655089364938497,False,1,
SIG040,0.74,0.60968660968661,0.13031339031338995,False,1,
SIG047,0.7789999999999999,0.529040436050197,0.2499595639498029,False,1,
SIG053,0.7255,0.54075294714159,0.1847470528584101,False,1,
SIG059,0.746,0.512148337595908,0.23385166240409194,False,0,
SIG065,0.675,0.53,0.14500000000000002,False,1,
SIG066,0.652,0.526980482204363,0.12501951779563703,False,0,
SIG077,0.77,0.546355498721228,0.223644501278772,False,1,
SIG082,0.6,0.595005740528129,0.004994259471870932,True,0,
SIG085,0.685,0.571291560102302,0.11370843989769808,False,1,
SIG086,0.736,0.612372122762148,0.12362787723785196,False,1,
SIG087,0.76,0.5800803673938,0.17991963260620003,False,1,
SIG096,0.62,0.5,0.12,False,0,
SIG098,0.637,0.546211251435132,0.09078874856486796,False,1,
SIG107,0.65,0.552909207161125,0.097090792838875,False,0,
SIG109,0.644,0.556666666666667,0.08733333333333304,False,1,
SIG114,0.74,0.515212399540758,0.22478760045924195,False,0,
SIG117,0.636,0.497376093294461,0.13862390670553904,False,1,
SIG118,0.762,0.555533020661681,0.20646697933831903,False,1,
SIG122,0.602,0.533869115958668,0.06813088404133194,False,1,
SIG125,0.74,0.516666666666667,0.22333333333333294,False,1,
SIG129,0.837,0.556425831202046,0.28057416879795394,False,1,
SIG130,0.71,0.573369565217391,0.13663043478260894,False,0,
SIG136,0.6,0.57,0.030000000000000027,True,1,
SIG140,0.6539999999999999,0.54349093674737,0.11050906325262988,False,0,
SIG141,0.698,0.499712973593571,0.19828702640642898,False,1,
SIG142,0.683,0.520015211053365,0.16298478894663504,False,0,
SIG143,0.705,0.586956521739131,0.11804347826086892,False,1,
SIG148,0.645,0.583333333333333,0.06166666666666698,False,0,
SIG150,0.66,0.548738750158448,0.11126124984155206,False,0,
SIG151,0.808,0.515786452353617,0.2922135476463831,False,1,
SIG153,0.647,0.542039641943734,0.10496035805626602,False,0,
SIG155,0.68,0.540121483375959,0.13987851662404105,False,0,
SIG156,0.751,0.533295063145809,0.217704936854191,False,1,
SIG157,0.697,0.57147927493979,0.12552072506020995,False,1,
SIG159,0.759,0.560102301790281,0.19889769820971903,False,0,
SIG168,0.755,0.595005740528129,0.15999425947187096,False,1,
SIG169,0.6935,0.536458333333333,0.15704166666666697,False,0,
SIG171,0.826,0.596866096866097,0.22913390313390292,False,1,
SIG179,0.835,0.5625,0.27249999999999996,False,1,
SIG188,0.981,0.556666666666667,0.424333333333333,False,0,
SIG189,0.6715,0.566666666666667,0.104833333333333,False,1,
SIG190,0.703,0.536445012787724,0.1665549872122759,False,1,
SIG193,0.636,0.546875,0.08912500000000001,False,0,
SIG194,0.615,0.55,0.06499999999999995,False,1,
SIG195,0.774,0.531339031339031,0.24266096866096898,False,1,
SIG196,0.74,0.557065217391304,0.182934782608696,False,0,
SIG197,0.65,0.556666666666667,0.09333333333333305,False,0,
SIG201,0.845,0.584098737083812,0.260901262916188,False,0,
SIG208,0.76,0.576923076923077,0.18307692307692303,False,1,
SIG214,0.906,0.57,0.336000,False,0,claim corrected from extracted 0.584 to source-reported 0.906 per manual verification
SIG216,0.824,0.606666666666667,0.21733333333333293,False,0,
SIG219,0.54,0.52,0.020000000000000018,True,0,
SIG223,0.751,0.533248081841432,0.21775191815856798,False,1,
SIG225,0.59,0.56,0.029999999999999916,True,1,
SIG226,0.7315,0.567295396419437,0.164204603580563,False,1,
SIG227,0.7324999999999999,0.573765786452354,0.15873421354764594,False,1,
SIG230,0.65,0.533333333333333,0.11666666666666703,False,1,
SIG237,0.711,0.537404092071611,0.17359590792838897,False,1,
SIG238,0.753,0.521663075167955,0.23133692483204504,False,0,
SIG239,0.72,0.558343989769821,0.16165601023017895,False,0,
SIG244,0.847,0.587222715173026,0.25977728482697393,False,1,
SIG246,0.78,0.543797953964194,0.23620204603580608,False,0,
SIG247,0.934,0.556425831202046,0.377574168797954,False,0,
SIG256,0.6,0.553333333333333,0.04666666666666697,True,1,
SIG258,0.7,0.504273504273504,0.19572649572649592,False,1,
SIG259,0.77,0.513586956521739,0.256413043478261,False,1,
SIG260,0.845,0.584239130434783,0.26076086956521694,False,1,
SIG261,0.782,0.545924225028703,0.23607577497129706,False,1,
SIG262,0.734,0.523017902813299,0.21098209718670102,False,1,
SIG263,0.7,0.535302319685638,0.16469768031436194,False,0,
SIG264,0.75,0.573369565217391,0.17663043478260898,False,0,
SIG266,0.662,0.539896670493685,0.12210332950631508,False,0,
SIG267,0.796,0.545584045584046,0.250415954415954,False,1,
SIG269,0.752,0.540441176470588,0.21155882352941202,False,0,
SIG273,0.634,0.541488148054253,0.09251185194574696,False,1,
SIG276,0.7484999999999999,0.572330654420207,0.1761693455797929,False,1,
SIG280,0.77,0.48,0.29000000000000004,False,1,
SIG282,0.7557,0.526632019267334,0.229067980732666,False,1,
SIG283,0.64,0.545595132462923,0.094404867537077,False,1,
SIG284,0.609,0.636666666666667,-0.02766666666666706,True,1,
SIG285,0.599,0.56980056980057,0.029199430199429943,True,1,
SIG286,0.947,0.544159544159544,0.4028404558404559,False,1,
SIG290,0.718,0.540760869565217,0.177239130434783,False,1,
SIG295,0.7250000000000001,0.506713554987212,0.21828644501278804,False,1,
SIG303,0.704,0.514386189258312,0.18961381074168793,False,0,
SIG306,0.77,0.568599311136625,0.20140068886337503,False,1,
SIG308,0.75,0.590700344431688,0.15929965556831205,False,0,
SIG310,0.7025,0.526374680306905,0.17612531969309497,False,1,
SIG312,0.975,0.537381163645582,0.437618836354418,False,0,
SIG313,0.655,0.535326086956522,0.11967391304347808,False,0,
SIG316,0.706,0.608695652173913,0.09730434782608699,False,1,
SIG318,0.65,0.567777918620864,0.082222081379136,False,0,
SIG323,0.64,0.537037037037037,0.10296296296296303,False,1,
SIG330,0.77,0.533088235294118,0.23691176470588204,False,1,
SIG331,0.761,0.566666666666667,0.19433333333333302,False,0,
