gene,coef
AGAP11,0.0831470340711323
IL22RA2,-0.0873763099422996
ATP23,-0.142980851643407
OGDHL,-0.254994276020152
XKRX,-0.0859015885509194
LINC00852,-0.0559573881255329
MIR1248,0.0831807727854322
MSLN,0.0317450167956019
ZEB1-AS1,0.132371866091052
PAXBP1-AS1,0.224261632171414
MIR31HG,-0.112079147333133
GPR174,-0.0413689211988803
L3MBTL4,-0.0807638678466891
IFNA8,-0.246390772946271
INHBB,0.270960654740556
NDUFA9,0.0665679154559117
CCL22,-0.354493256540504
PROC,-0.0701729060306617
LINC00216,0.166645919577158
IFI35,-0.189932169810512
PSME1,-0.0602308334520641
FAM69C,0.140834755036266
CCDC134,-0.252408794419245
FAM225B,0.181135188776553
ACOX2,-0.0459851357751525
ALPL,0.144721666212245
GJB6,0.174490691365253
LOC101929125,-0.167238229547249
LOC285692,-0.122911894289714
IL17RB,-0.091216482467129
DNM1P35,-0.401384343325192
BVES-AS1,0.05573172580785
LY75,-0.183737512560103
SERPINB7,0.168952612983641
PSG2,0.287246433771214
LOC101929504,0.0646244290429163
FOXA2,-0.126830382277551
ZNF442,0.156620136740735
