sig_id,n_cohort,C_mean,C_med,C_min,d_rand_mean,d_rand_med,d_clin_mean,calib,n_pos_rand,year,journal,n_gene,方法_单细胞/空间,方法_LASSO,是否外部验证,是否给出风险公式,是否多因素校正,偏倚_AUC5,偏倚_C,yr
SIG001,8,0.5579417123504851,0.553599071643439,0.512844365888341,0.0155819364177337,0.0048388050789215,0.0143081256356465,0.2141126195869282,6,2026,Asian Pacific journal of cancer prevention : APJCP,4,0,0,1,0,0,,,2026
SIG002,8,0.5692992485526721,0.574127489958193,0.533536220713118,0.0269394726199209,0.01932484220018,0.0075846694402359,0.4170848305403699,6,2026,Discover oncology,4,0,0,1,1,1,0.0406249999999999,,2026
SIG003,8,0.5489616975880652,0.5451596534849625,0.521873838145991,0.0053171869520112,0.0095643986043414,0.00939655638524,0.4531286613794185,6,2025,Frontiers in immunology,13,0,1,1,1,1,0.227551150895141,0.1958644356211,2025
SIG004,8,0.5468728063860282,0.5446176519258374,0.508890770533446,0.0027895876340711,0.005014755307812,0.0043104351949397,0.3591639818063107,4,2025,Scientific reports,9,0,0,1,0,1,,,2025
SIG005,8,0.5413667195952717,0.5295301172077095,0.516854628826373,-0.0018560294221848,-0.0074453717369504,0.0061644574884109,0.3559790587837103,4,2025,Discover oncology,6,0,0,1,1,1,,0.1702233250620349,2025
SIG006,8,0.5736682745495046,0.5737609187997125,0.535139712108383,0.0298855078189996,0.0384760041564504,0.0051733547947356,0.5752108643800165,6,2026,Cancer medicine,8,0,1,1,0,1,,,2026
SIG007,8,0.5579407075892863,0.533344737694164,0.501352569882777,0.0134285884847616,-0.004732407030422,0.0113085916784377,0.3202512191163118,4,2026,Discover oncology,15,0,0,1,0,0,,,2026
SIG009,8,0.5552588341251639,0.555373150097735,0.503608117267134,0.0120360851077072,0.0156189200603429,0.015031044443047,0.4328737179449258,5,2026,Discover oncology,6,0,0,1,0,1,,,2026
SIG010,8,0.5360389156775344,0.523940892081615,0.503076534612676,-0.0071838333399222,-0.0144014842822274,0.0062715089727337,0.2430347848833744,2,2025,BMC gastroenterology,6,0,0,1,1,1,0.1625792876156669,,2025
SIG011,8,0.5488093056649211,0.5229614287532509,0.505102566745696,0.0056865567918308,-0.0116258381613795,0.0096218113715945,0.2193295784997688,4,2025,Discover oncology,3,0,0,1,1,1,,,2025
SIG012,8,0.5531163126611647,0.549154938808267,0.510584250635055,0.0099935637880743,0.0200891252687359,0.0080329111726711,0.2977704113289981,5,2025,European journal of medical research,3,0,0,1,1,1,,,2025
SIG013,8,0.5572095603751575,0.5306289885766224,0.502254283137962,0.013695197904463,-0.0162661785180219,0.011138710603652,0.3496048219393279,3,2025,Frontiers in immunology,9,0,0,1,0,1,0.11079283887468,0.2591056592103911,2025
SIG014,8,0.5531811019925292,0.5512338985677809,0.50017940914588,0.0086689828880046,0.0019107673540719,0.0091249668421568,0.2689932878977593,4,2025,Frontiers in pharmacology,15,0,0,1,0,1,,0.198760545905707,2025
SIG015,8,0.5355299009061383,0.5263629142676816,0.516299653142318,-0.007592847966952,-0.0138536979460625,0.009731580096341,0.2004396003967474,2,2026,Scientific reports,3,1,0,1,0,1,,0.247481565513329,2026
SIG016,8,0.5399030288498123,0.5366414978762966,0.502272727272727,-0.0091030046749835,-0.0057244807101944,0.0145264577033875,0.5388262021043146,3,2026,Communications biology,57,0,0,1,0,0,,,2026
SIG018,8,0.6006928676042256,0.5865555730022041,0.503659416554994,0.057178505133531,0.0451376020564999,0.014701829083552,0.6940510977350897,7,2025,Heliyon,9,1,0,1,0,1,,0.265823028927964,2025
SIG019,8,0.5643535661659332,0.5581657844104555,0.509588422129786,0.0205758589791181,0.0169483820314115,0.0182054870808997,0.5333574345076416,7,2025,Discover oncology,12,0,0,0,0,0,,,2025
SIG020,8,0.5464288270402136,0.547001164387698,0.511802906916813,0.0032537426383191,0.006183831020721,0.011782093304884,0.2399953657610907,5,2025,Genes,5,0,0,1,0,0,,,2025
SIG021,8,0.5484063450558128,0.547482338988295,0.522120483208633,0.00492547872196,0.0029033333101395,0.012855206927449,0.3395311514572249,5,2026,Journal of Cancer,10,1,0,1,0,1,,,2026
SIG022,8,0.5562856895419517,0.5535584939803095,0.508044030482642,0.0139259136092003,0.0090540208213785,0.0112503352421491,0.2942391313825344,5,2026,Genes,4,1,0,1,0,0,,0.103141803743619,2026
SIG023,8,0.5359050576758368,0.5256838807817255,0.502254283137962,-0.0076093047948576,-0.0180130137831269,0.0022575808869062,0.3291354412060452,2,2026,Journal of gastrointestinal oncology,9,0,0,1,0,1,,,2026
SIG024,8,0.5673406290036556,0.5744203436330505,0.518606329244408,0.0239320560030244,0.027487942738883,0.0149398543043806,0.2561151972241714,6,2026,Frontiers in immunology,7,1,0,1,0,1,,,2026
SIG025,8,0.5570211259722557,0.5462377127161745,0.508259465493641,0.0133820455455384,0.0022521899017834,0.0061600262842457,0.4951346964338346,4,2025,Frontiers in immunology,13,1,0,1,1,1,,0.3137060096897229,2025
SIG026,8,0.5540388881657956,0.552497165240697,0.518961457429669,0.0084810621718201,-0.0048240106455754,0.0051702786150169,0.8462365558928424,3,2025,Discover oncology,31,0,0,1,0,1,0.275830484330484,0.0450056695186059,2025
SIG027,8,0.5607084102322499,0.5434073990525605,0.505824141841047,0.0183486342994986,-0.0036637240444954,0.0070620977266401,0.2433132198688462,4,2025,Translational cancer research,4,0,0,1,1,1,0.270545443021929,0.2840942928039699,2025
SIG028,8,0.5989208788239213,0.5924545857211274,0.544898799952158,0.05656110289117,0.057509687120805,0.0254138168042253,0.3448818280236926,8,2025,Scientific reports,4,0,0,1,1,0,,,2025
SIG029,8,0.552843423128789,0.5554766683019761,0.505455366991375,0.0105359827248419,0.0202359003425289,0.012201683760414,0.1980282103839749,5,2025,Scientific reports,5,0,0,0,0,1,,,2025
SIG030,8,0.5540973482633942,0.5516749379652606,0.533669116376733,0.0109981218306241,0.004675815416279,0.0019812813772858,0.3110881163586229,4,2026,Cancer cell international,7,0,0,1,1,1,,,2026
SIG031,8,0.5484727677509905,0.535617927796167,0.501494691268941,0.0061129918182392,-0.0062771510343149,0.0099538993064883,0.2074366184011122,3,2025,Oncology reports,4,0,0,1,0,0,,,2025
SIG032,8,0.5301451977076732,0.5167498207256676,0.500423370025402,-0.0135005767662058,-0.0236945258828775,0.0078532492441815,0.24258146928438,1,2026,Current medicinal chemistry,10,1,0,1,0,1,,,2026
SIG033,8,0.5693679442334096,0.5808577575971825,0.506203473945409,0.0256615694487857,0.0334120624641364,0.0121376819955061,0.55801637979259,6,2026,Journal of translational medicine,10,1,0,1,0,1,,,2026
SIG034,8,0.5640187811830938,0.5509706317200505,0.50117734539596,0.020714448638716,0.003119467323532,0.012670026550946,0.4437503900439243,5,2025,International journal of genomics,14,0,0,1,1,1,,,2025
SIG035,8,0.5654299404036432,0.5391438879881181,0.502717716320916,0.0223310224706265,0.0004183592635454,0.0175427651157971,0.2756940582588918,4,2025,Translational cancer research,3,1,0,1,1,1,,,2025
SIG036,8,0.5469005534666467,0.5344521718494555,0.504959422903517,0.0031282764891682,0.0057117715729935,0.0094294729823682,0.3944936260278232,5,2024,Journal of gastrointestinal oncology,13,0,0,1,0,1,,,2024
SIG037,8,0.5726787808073815,0.5701299172909531,0.538295021131842,0.0279066886245642,0.0348308510034225,0.021376109028604,0.3991061675611641,7,2026,Cancers,14,1,0,1,0,1,,,2026
SIG038,8,0.5769165189779075,0.5668044307580531,0.504959422903517,0.0337937701048172,0.0315818468150179,0.0167807078433478,0.3535682162998186,6,2025,Scientific reports,3,0,0,1,1,1,0.374715269804822,,2025
SIG039,8,0.5318730790218511,0.526185740178265,0.500283607487238,-0.0116052046615845,-0.014132237310941,0.0066272401968777,0.287262694536475,3,2025,Mediators of inflammation,14,0,0,0,1,1,0.2365508936493849,,2025
SIG040,8,0.579201328288006,0.5880508836444515,0.509925558312655,0.0348510494328697,0.0450446237351395,0.0142528865212645,0.7155653872714812,6,2025,Frontiers in medicine,15,0,0,1,1,1,0.1303133903133899,0.172730337078652,2025
SIG041,8,0.5652909501312338,0.54504868804598,0.502481389578164,0.0216567941974462,0.0113916059767479,0.0072555880660814,0.4258063938902007,4,2026,International journal of colorectal disease,10,0,0,1,1,1,,0.2901045987376011,2026
SIG042,8,0.5757161747572875,0.5740481427837361,0.521951219512195,0.032655604133197,0.0423235863797674,0.0141105709571936,0.3086115806386328,6,2025,Discover oncology,8,0,0,1,0,0,,,2025
SIG043,8,0.538619163240336,0.5368493893809845,0.506350550381033,-0.0049443230704387,-0.0070459408878849,0.0047037384544434,0.2896794126053169,2,2025,Frontiers in immunology,14,0,0,0,1,1,,,2025
SIG044,8,0.5603111195735331,0.563508064516129,0.520255643748067,0.0171883707004428,0.0137800969582314,0.0069945472442669,0.3116901405268865,6,2026,Frontiers in public health,3,0,0,1,1,1,,0.1825,2026
SIG045,8,0.5486560605339734,0.5251662419473685,0.503233125354509,0.0054333115165167,-0.0054084453241874,0.0081490349857852,0.3953035759684883,4,2024,Annals of gastroenterological surgery,6,0,0,1,1,1,,,2024
SIG046,8,0.5556534609462014,0.557890478661866,0.518774815655133,0.0124724283294143,0.0074771652560445,0.0064220861676492,0.265436054797851,5,2023,Frontiers in oncology,5,0,0,1,1,1,,,2023
SIG047,8,0.5548254483852625,0.544788922546099,0.517045454545455,0.0124656724525112,0.009544679803717,0.0172406505322602,0.3123699104074987,7,2025,Translational cancer research,4,0,0,1,1,1,0.2499595639498029,0.2944526375496309,2025
SIG048,8,0.5388819924509959,0.5359477036852665,0.510199742182413,-0.0047570879757213,-0.010917960184459,0.0064664565328817,0.1830780669979148,2,2026,Molecular therapy. Nucleic acids,11,0,0,1,0,1,,,2026
SIG049,8,0.5784462673327049,0.5725045700975775,0.526386434010658,0.0349679836492692,0.0225421505470175,0.0179598689634304,0.8169425695509784,7,2023,Journal of clinical laboratory analysis,14,0,0,1,1,1,,,2023
SIG050,8,0.5402685793730597,0.5377232156822109,0.503155996393147,-0.0022401714288731,0.0026862170135389,0.0068953972177267,0.3245494291569348,4,2025,Oncology research,6,0,0,1,0,1,,-0.0304594441293249,2025
SIG051,8,0.5567946738685327,0.5610085828650605,0.514359376453546,0.0136954474357626,0.0164893700126589,0.0162282865472729,0.417403725272353,5,2025,Molecular oncology,7,0,0,1,0,0,,,2025
SIG052,8,0.5561959918961402,0.539694852904685,0.515305490147478,0.0110038286347588,0.003739116832584,0.0168753524211998,0.487804514704688,5,2024,Journal of translational medicine,20,0,0,1,1,1,,,2024
SIG053,8,0.5475929219215079,0.541805182405229,0.510038418639237,0.003886547136884,-0.0029378414596429,0.0098601556332181,0.461840236341677,3,2025,Frontiers in immunology,11,0,0,1,1,1,0.1847470528584101,,2025
SIG054,8,0.565916971715133,0.5693172479255251,0.508671442050846,0.0181485877824058,0.0226877413730285,0.0220521026174758,0.8179343733678455,5,2024,BMC cancer,46,0,0,1,0,0,,,2024
SIG055,8,0.5609788587126695,0.5607245016966815,0.519705043995538,0.0166558391635233,0.0305333413558349,0.0037531115066426,0.7525347810981302,5,2026,Cell & bioscience,21,0,0,1,0,1,,0.059297205757832,2026
SIG056,8,0.5288688525881484,0.5207199108885625,0.504959422903517,-0.0143538964293082,-0.015412614073367,0.0043628882559635,0.0874239331080272,2,2025,PloS one,7,1,1,1,1,0,,0.090371718882303,2025
SIG057,8,0.5509482103796651,0.546404804872547,0.50117734539596,0.0071654436491601,0.001178443228539,0.0161215571770783,0.3595633471520693,4,2025,Discover oncology,8,0,0,0,1,1,,0.2428722084367239,2025
SIG058,8,0.542426420008484,0.546762312535148,0.517186613726602,-0.0025185725664158,-0.0098591815890664,0.0145113204047689,0.213202330673233,3,2025,Cell & bioscience,24,0,0,1,0,1,,,2025
SIG059,8,0.5406964516884962,0.523640620871488,0.502540220152413,-0.0034218923145628,-0.007355058490261,0.0137951512506788,0.2780462065969496,3,2024,Frontiers in oncology,14,0,0,1,0,1,0.2338516624040919,,2024
SIG060,8,0.546276079043514,0.5379694654657194,0.500846740050804,0.0027903034129632,-0.0074866609913774,0.0068287955089422,0.3004396972938644,3,2025,Human genomics,7,0,1,1,1,1,,0.3016771866546439,2025
SIG062,8,0.5422750087886734,0.5249361307755295,0.509314140558848,-0.0043716292192404,-0.0132825401971615,0.0129373088702372,0.4742688113662119,2,2025,Briefings in bioinformatics,43,0,0,1,0,1,,0.120040272263188,2025
SIG063,8,0.5580717037027993,0.5399148512633445,0.503010086780868,0.0132702620080819,-0.0031509584603264,0.006043893056489,0.7303124993462595,4,2025,Journal of gastroenterology,19,0,0,1,0,1,,,2025
SIG064,8,0.6135681203259526,0.608672115910081,0.554736245036869,0.0704453714528623,0.068456425880657,0.0301163182260591,0.4824974324536171,8,2026,Discover oncology,3,0,0,1,0,1,,,2026
SIG065,8,0.5432962772905977,0.541753467746094,0.506773920406435,0.0007875264886648,-0.001486361058114,0.0040496518946892,0.3031997829289413,4,2023,Frontiers in oncology,5,0,0,1,1,1,0.145,,2023
SIG066,8,0.5561306162862807,0.546820488476111,0.511329355323136,0.0124915358595634,-0.0041031536140975,0.0152258293024075,0.3598797193176459,3,2025,Scientific reports,11,0,0,1,0,1,0.125019517795637,,2025
SIG067,8,0.5198225266003582,0.5207961613810654,0.504312464284291,-0.0226862242015746,-0.0211906713528745,0.0041125374894351,0.086570780559254,1,2026,Journal of translational medicine,5,0,0,1,0,0,,,2026
SIG068,8,0.5594179509828809,0.5571853328127034,0.507156431485641,0.0177304568649837,0.0187851232106984,0.0155361065792565,0.3627224725728538,5,2025,iScience,5,0,0,1,0,0,,,2025
SIG069,8,0.5566033456407062,0.5488569844149596,0.502571531090941,0.0135041192079362,-0.0037254406200569,0.0054892424472496,0.2872929330057973,4,2025,Clinical proteomics,7,1,0,1,0,1,,,2025
SIG070,8,0.5546993838610728,0.5328865162016885,0.502113184207814,0.0115766349879825,0.0052838188915985,0.0185472727035732,0.3082634209460001,4,2024,Discover oncology,3,0,0,1,0,1,,,2024
SIG071,8,0.5661828163737312,0.5536564839767895,0.502481389578164,0.0214994727026327,0.0143432930578925,0.0066386474341937,0.5501185228937772,5,2025,BMC cancer,13,0,1,1,0,1,,0.182990924560408,2025
SIG072,8,0.5281423697724184,0.5230081965626454,0.505161656267726,-0.0155228593070741,-0.0178526949360329,0.0015225893587813,0.2687436303474405,3,2024,Journal of Cancer,15,0,0,1,1,1,,,2024
SIG073,8,0.5729557396141279,0.55451984408493,0.513647642679901,0.028793099491854,0.0116045841608415,0.0086233930633104,1.0424888253017806,5,2025,Oncology research,16,1,0,1,0,1,,,2025
SIG074,8,0.5497403070196465,0.5510651817804846,0.510369702434626,0.0061012265929292,0.0083685075056624,0.0005219233403678,0.4109634932905021,6,2023,Aging,11,0,0,0,1,1,,0.213630969937606,2023
SIG075,8,0.5688368604897378,0.5785561586902945,0.51982897508985,0.0241535168186392,0.0240905928161109,0.0165208815457974,0.3667697949637248,6,2025,Scientific reports,14,1,0,1,0,1,,,2025
SIG076,8,0.5598283962552905,0.5287731148181269,0.5125,0.0160456295247855,-0.0100455533926784,0.0155733495137687,0.3913970205632021,4,2025,Cell death & disease,9,0,0,1,0,0,,,2025
SIG077,8,0.5335048559941092,0.5326735051136865,0.5,-0.0095943704386607,-0.004637838264931,0.0046466415530198,0.2382020491127735,3,2023,Oncology letters,7,0,0,1,1,1,0.223644501278772,,2023
SIG078,8,0.5732388002095575,0.5666719952939709,0.509432017317802,0.0309930760207187,0.0220341439663604,0.0140143272889639,0.4448203829575196,5,2024,Translational cancer research,6,0,1,1,1,0,,0.0114292155094679,2024
SIG079,8,0.5615923267664353,0.55971139831217,0.503865580867952,0.0190835759645024,0.0134653810063,0.0160678702134055,0.3611489167943977,4,2025,Functional & integrative genomics,5,1,0,1,0,1,,0.2078566275924259,2025
SIG080,8,0.544428402317614,0.530628553010673,0.503865580867952,0.000645635587109,-0.0056976259597744,0.0059331039057571,0.5001519852645253,2,2025,IET systems biology,8,0,0,1,1,1,,,2025
SIG081,8,0.5727790789988245,0.5431472895170946,0.503144005772601,0.0302703281968916,0.0017510715091355,0.0158369940956448,0.4958870361449627,4,2025,Scientific reports,5,0,0,1,0,0,,0.137370433372759,2025
SIG082,8,0.6000657453558187,0.5844251245541026,0.531316863130756,0.0568429963383621,0.0474825749577509,0.0268853077883601,0.4988939843808932,7,2026,Journal of translational medicine,6,0,1,1,0,1,0.0049942594718709,,2026
SIG083,8,0.5414440852962608,0.536621074733262,0.507156431485641,-0.0027185548260131,-0.0132614473646349,0.0111617177272155,0.2194893043737087,3,2024,Journal of Cancer,17,0,0,1,0,0,,,2024
SIG084,8,0.6006557662525653,0.58409310202233,0.540181003893843,0.0561436471480407,0.0451079269373314,0.0229325827371043,0.5787553030032674,8,2024,Journal of cancer research and clinical oncology,15,0,0,1,0,1,,0.1066046511627909,2024
SIG085,8,0.5635135853609592,0.5713160188443305,0.520379550015283,0.0204143589281892,0.0212587963512929,0.0111898341670509,0.3486824682430526,6,2024,Medicine,7,0,0,1,1,1,0.113708439897698,,2024
SIG086,8,0.556247060817004,0.5361159241559386,0.524797114517583,0.0137383100150711,0.0072385279137545,0.0133507889219464,0.3662784181138891,4,2025,Scientific reports,5,0,0,1,1,0,0.1236278772378519,,2025
SIG087,8,0.5627422265010966,0.561979680080632,0.517841242840246,0.0202334756991637,0.020429802572594,0.013255194300687,0.434956415922625,5,2025,World journal of clinical oncology,5,0,0,1,1,1,0.1799196326062,,2025
SIG088,8,0.5697170950611402,0.5767532024921415,0.51520461808061,0.0264943460436836,0.026722762267036,0.0188068407297795,0.3590742492281567,6,2024,Discover oncology,6,0,0,1,0,1,,0.147636363636364,2024
SIG089,8,0.5835587989488155,0.5851391507500615,0.51365838573343,0.0410500481468826,0.0451453168853374,0.0158635702178361,0.565457738447433,7,2024,Heliyon,5,0,0,1,1,1,,,2024
SIG090,8,0.5649829641975895,0.545843950322601,0.508044030482642,0.0226231882648382,0.0150081945636135,0.0189599954982098,0.452902553917005,5,2024,BMC cancer,4,0,0,1,0,1,,,2024
SIG091,8,0.5362510743270672,0.5304467565427655,0.501867184073784,-0.0068481521057027,-0.016866471284759,0.0013785839916088,0.1828762602434247,1,2024,Clinical and experimental medicine,7,0,0,1,0,1,,,2024
SIG093,8,0.552108031731796,0.5591553998883115,0.51307484220018,0.0085936692611015,0.008127208211423,0.016088347282232,0.3269868582527756,6,2025,Journal of translational medicine,9,0,0,1,0,1,,0.2645933408926909,2025
SIG094,8,0.5414915410429619,0.5345254290547246,0.508299334192725,-0.0016312078301282,-0.0035477798825865,0.0134326754615713,0.1704361361908611,4,2022,Medicine,3,0,0,1,1,1,,,2022
SIG095,8,0.6136242611609745,0.62160364265782,0.544287479899531,0.0692991067940023,0.0734485693934859,0.0244728456593559,0.958739745691956,8,2023,International journal of molecular sciences,18,0,0,1,1,1,,,2023
SIG096,8,0.5503367608237313,0.5231699920650714,0.507528539343761,0.0066976803970139,-0.013263913277069,0.0112831674846819,0.3947467419215493,2,2025,Frontiers in immunology,11,0,1,1,0,1,0.12,,2025
SIG097,8,0.5402881922793061,0.5262310170389095,0.502481389578164,-0.0031900914041294,-0.017978639728903,0.0063909023159635,0.3405928636894412,3,2022,Frontiers in cell and developmental biology,14,0,0,1,0,1,,,2022
SIG098,8,0.5414921416714218,0.5366968389037194,0.501531480431083,-0.0010166091305111,0.0041384216510879,0.0086360724901344,0.1497340235670277,4,2022,Frontiers in immunology,5,0,1,1,1,1,0.0907887485648679,,2022
SIG099,8,0.5759858846064256,0.5886308561052105,0.506749858196256,0.0323468041797083,0.0399507027479619,0.0150520091375385,0.3924839912238284,6,2025,Frontiers in immunology,11,0,0,1,0,1,,0.129967322956396,2025
SIG101,8,0.540720875412856,0.5425591951618121,0.502540220152413,-0.003061891317649,0.0064474978304995,0.0111818435709109,0.2545898282258557,5,2024,Scientific reports,10,0,0,1,0,1,,,2024
SIG102,8,0.5423693222984382,0.5396114399223579,0.506818181818182,9.546365686896596e-06,0.0027804175684444,0.007068682173792,0.3064540655796143,4,2022,Cancer science,4,0,0,1,1,1,,,2022
SIG107,8,0.542331234736266,0.5402154259054479,0.5,-0.0026278028426081,-0.010487586965693,0.0046373667075163,0.2963325212875038,3,2025,Frontiers in immunology,15,1,0,1,0,1,0.097090792838875,,2025
SIG108,8,0.5421613816103852,0.53166627716073,0.517881111539331,-0.0024367594333742,-0.0058371229090675,0.0050602067971444,0.3490886036580916,2,2023,Cancer research communications,15,0,0,1,0,1,,,2023
SIG109,8,0.5654180384868599,0.5517461197339245,0.532222084521006,0.0223188120540898,0.0055648080675149,0.0069720462919527,0.4721570183483013,4,2022,Frontiers in genetics,7,0,0,1,1,1,0.087333333333333,,2022
SIG110,8,0.5379350817651631,0.531355572194965,0.50954269426199,-0.0055792807055313,-0.0047105097801049,0.0007016268837674,0.3751327521772027,4,2025,Genes and immunity,9,0,0,1,0,1,,,2025
SIG111,8,0.5579633301277791,0.5471215400967195,0.527295285359801,0.0141856229409639,0.0083557847740739,0.0083437038340664,0.3651692319217535,5,2024,Journal of cellular and molecular medicine,13,0,0,0,0,1,,,2024
SIG112,8,0.5688895343731719,0.582288469476009,0.50381033022862,0.0265297584404206,0.028947044839741,0.0210188965574029,0.3451603821083437,7,2024,Frontiers in oncology,4,0,0,1,0,1,,,2024
SIG113,8,0.5844754920589511,0.582639941281917,0.52007388998897,0.0408297175850719,0.0383199497436504,0.0233795383408649,0.7823152122583562,6,2024,Aging,10,0,0,1,1,1,,,2024
SIG114,8,0.5791015635171723,0.5844335547807424,0.510227272727273,0.0345344568990826,0.0416767979410449,0.0227186840650812,0.7736299987860671,6,2023,Frontiers in pharmacology,20,0,0,1,0,1,0.2247876004592419,,2023
SIG115,8,0.5306741508407417,0.5163034229166445,0.502834759303165,-0.0116856250920096,-0.0132551049347705,0.0044451482598561,0.1635052021149348,2,2025,BMC cancer,4,0,0,1,0,1,,,2025
SIG116,8,0.5563627945024368,0.5466915248213315,0.506762849413886,0.0138540437005038,0.0161625298599585,0.0128852011840777,0.3503387083901059,6,2025,Discover oncology,5,0,0,1,0,1,,,2025
SIG117,8,0.5500272902137523,0.5570928285028021,0.510864220500485,0.007404160705589,0.012767896256779,0.0063690466888425,0.2874877136864948,5,2021,Journal of inflammation research,4,0,0,1,1,1,0.138623906705539,,2021
SIG118,8,0.5786184937189948,0.563508064516129,0.503144005772601,0.0351402100355591,0.015439576570253,0.0060254263013535,0.5918387324989666,6,2024,Frontiers in immunology,15,0,0,1,1,1,0.206466979338319,,2024
SIG119,8,0.5549927088469725,0.561498826110384,0.521190261496844,0.0113469343730933,0.0100583880230865,0.0133197275089513,0.4408831347704066,5,2023,Discover oncology,10,1,0,1,1,1,,,2023
SIG120,8,0.5402418881401081,0.5456413049939159,0.507657402155417,-0.0028808607329821,0.005425614964492,0.0138026782307156,0.1801087981232977,5,2025,Journal of Cancer,4,0,0,0,0,1,,,2025
SIG121,8,0.5494342142997208,0.5458329883851281,0.52161089052751,0.0062114652822642,-0.0084018195365239,0.0177090594158151,0.2944427940874962,3,2025,Frontiers in immunology,6,1,1,1,1,1,,,2025
SIG122,8,0.5493601920295302,0.5536448794397011,0.501495076215663,0.0055774252990252,0.006080034794082,0.004941487131419,0.3629159725606289,5,2023,BMC medical genomics,8,0,0,1,1,1,0.0681308840413319,0.218897794041851,2023
SIG124,8,0.6073538126164785,0.5965952780504176,0.54262628410435,0.0649940366837272,0.0567332323249035,0.0242637268524059,0.5856885283296167,8,2026,Journal of translational medicine,4,1,0,1,1,1,,,2026
SIG125,8,0.5307509385791819,0.521841441921469,0.501531480431083,-0.0112931482493532,-0.0276609673419185,0.0051985612289267,0.1788003787275073,3,2025,Frontiers in medicine,4,0,0,1,1,1,0.2233333333333329,0.258409090909091,2025
SIG126,8,0.5353920337029393,0.5399337639287876,0.500450856627593,-0.0072310958052239,-0.0065629934581544,0.0068547512625197,0.2212161523982409,2,2026,Translational cancer research,4,0,0,1,1,1,,,2026
SIG127,8,0.5614544477079842,0.552040260499487,0.511854360711262,0.0182316986905276,0.0176532407815709,0.0158447649998709,0.207482369354223,5,2026,BioMed research international,6,1,0,1,0,1,,,2026
SIG128,8,0.5344798563065569,0.5222981848126835,0.504959422903517,-0.0091592241201603,-0.0120070120719675,0.0028331318799103,0.5089414320770017,2,2026,Mediators of inflammation,11,0,0,1,0,0,,,2026
SIG129,8,0.5480638393848967,0.5440919395810004,0.509096708174412,0.0045494769142021,-0.0065320495671919,0.0148774155554198,0.254814633631076,3,2026,Translational cancer research,9,0,0,0,1,1,0.2805741687979539,0.2762032176121929,2026
SIG130,8,0.5865015830715669,0.586116646084343,0.511854360711262,0.0429872206008723,0.0462057288303139,0.020210527975278,0.4558210305347816,7,2026,Translational oncology,9,1,1,1,0,1,0.1366304347826089,0.0782072603516729,2026
SIG132,8,0.5352070785570032,0.5277919597452669,0.508467400508044,-0.0064804155608938,-0.0071879560193084,0.003897900478611,0.3408672136450441,3,2026,Discover oncology,5,0,0,1,0,1,,,2026
SIG133,8,0.5702416538271462,0.56450525234573,0.529137374247478,0.0277329030252133,0.0191451092202304,0.0167632667244099,0.4856358896514851,8,2026,Frontiers in immunology,5,1,0,1,0,0,,0.1633053293474899,2026
SIG134,8,0.5360182042798709,0.539283379132593,0.500247862188623,-0.0075593015756806,-0.0060800347940829,0.0032688667266207,0.1654110846416446,1,2024,Oncology letters,8,0,0,0,1,1,,0.0677262137923919,2024
SIG135,8,0.5541040737069798,0.5423693653601325,0.509019688691887,0.0109185285070226,0.008199052646781,0.0097367034066114,0.3419097262125296,5,2026,Journal of gastrointestinal oncology,3,0,0,1,0,1,,,2026
SIG136,8,0.5886138855384109,0.5760069600192725,0.508401195753015,0.0450995230677163,0.0336282687105504,0.0187294749988501,0.5750537062370032,7,2026,Journal of gastrointestinal oncology,9,0,0,1,1,1,0.03,,2026
SIG138,8,0.5536314250263403,0.5439216701182045,0.500463869704154,0.0111226742244074,0.0020303125001594,0.0189236699199814,0.3373858688458565,5,2026,Journal of gastrointestinal oncology,5,0,0,1,1,1,,,2026
SIG139,8,0.5358616114866986,0.529691409507923,0.501673069773206,-0.0064981644460526,-0.0112490076268729,0.0013325340818896,0.2057377904919462,3,2025,Translational cancer research,4,0,0,1,0,1,,0.2608899082568811,2025
SIG140,8,0.5562740856773406,0.542192481889161,0.511802906916813,0.013051336659884,0.006449767862933,0.0072366440350367,0.3663716399347633,5,2026,Discover oncology,6,0,0,1,0,1,0.1105090632526298,,2026
SIG141,8,0.5376139377067264,0.533908482334758,0.5,-0.0054852887260436,-0.0092072757051134,0.0029056264468107,0.3486825167545809,1,2025,Translational cancer research,7,0,1,1,1,1,0.1982870264064289,,2025
SIG142,8,0.5344148088143658,0.5211097871209196,0.510266591038003,-0.0093628983724493,-0.0204523184217754,0.006732216549889,0.3598058298807939,3,2026,iScience,12,0,0,1,0,1,0.162984788946635,0.1255604077238959,2026
SIG143,8,0.5930131749712444,0.5901930834148525,0.508224617129892,0.0497904259537877,0.042943508024923,0.0141370213572973,0.7605042222171435,5,2025,Discover oncology,6,0,0,1,1,1,0.1180434782608689,,2025
SIG144,8,0.5582978754338704,0.558737005701236,0.511287577992059,0.0151751265607801,0.0203888034632145,0.0040799686969522,0.1847589930473428,4,2026,Discover oncology,3,0,0,1,1,1,,,2026
SIG145,8,0.5406925118315464,0.5362778896119196,0.514772727272727,-0.0030851953552687,-0.0034236883006004,0.0126564006415976,0.3041749017424507,4,2026,Scientific reports,12,0,0,1,0,0,,,2026
SIG146,8,0.5636951150632756,0.5566163585924625,0.509019688691887,0.0205723661901853,0.0197142624885044,0.0022923021751642,0.2927885029292542,6,2025,Frontiers in oncology,3,0,1,0,1,1,,,2025
SIG147,8,0.5584693890904129,0.559307938682859,0.507197290431837,0.0153466402173226,0.0229018800317539,0.0085201934198268,0.2713709865589582,6,2025,Frontiers in oncology,3,0,0,1,0,1,,0.0626253545093589,2025
SIG148,8,0.6026449174728951,0.6010297975243875,0.530357695082981,0.0592363444722638,0.051071441084332,0.0222490716459679,0.5479462344586362,7,2026,Medicine,8,0,1,1,0,1,0.0616666666666669,,2026
SIG149,8,0.5604643674290024,0.548504298851167,0.506339552623441,0.0168868615734508,0.0123926015198544,0.0056447369593128,0.4280146052459088,5,2026,Journal of gastrointestinal oncology,8,0,0,1,1,1,,,2026
SIG150,8,0.5353778738303467,0.526059962933336,0.50381033022862,-0.0082679006435323,-0.0129314030497169,0.0100516725447876,0.143034092425419,3,2026,Genes,10,0,0,1,0,1,0.111261249841552,0.316136363636364,2026
SIG151,8,0.5415142778159832,0.525952611456702,0.514772727272727,-0.0022684889145218,-0.0028681437442424,0.0131725552399929,0.4747407950357523,4,2026,Translational cancer research,8,0,1,1,1,1,0.2922135476463831,,2026
SIG152,8,0.5481764470854021,0.5344663522124925,0.504432070381544,0.0045989412298506,-0.0147618153050089,0.0029096854126015,0.3989159460979323,3,2025,Frontiers in immunology,8,0,0,1,1,1,,0.2359929904133589,2025
SIG153,8,0.5543148129908237,0.541774161051813,0.514623869128764,0.0105320462603187,-0.0070738340429225,0.0052943219110868,0.3964219705769085,3,2026,Translational cancer research,8,0,0,1,0,1,0.104960358056266,,2026
SIG154,8,0.6081319974117685,0.6028200660097065,0.54015442476112,0.0650092485386782,0.058776206840643,0.0159693472079877,0.5809739555601988,8,2026,Translational oncology,3,0,0,1,0,0,,0.0158026091888829,2026
SIG155,8,0.5498984256158077,0.5457211132914326,0.51595412441692,0.0065041213927276,-0.003040412388114,0.0107950482857192,0.3531136071721193,3,2026,Discover oncology,9,0,0,1,0,1,0.139878516624041,,2026
SIG156,8,0.5572475249909215,0.551706822035412,0.503155996393147,0.0147387741889886,0.0140612880342619,0.0114515566655741,0.2706388545289299,4,2025,Frontiers in immunology,5,0,0,1,1,1,0.217704936854191,,2025
SIG157,8,0.6023865975255345,0.587679054816152,0.545320476460579,0.0598778467236016,0.047798832511595,0.0109303923446432,0.7003691084264603,8,2026,Medicine,5,0,0,1,1,1,0.1255207250602099,,2026
SIG159,8,0.5308096872646091,0.53312844185123,0.501003362260289,-0.0124130617528474,-0.0161008784930994,-0.0004101773243842,0.1057833841043866,2,2026,Translational cancer research,6,0,0,1,0,1,0.198897698209719,,2026
SIG161,8,0.5675989794989099,0.5472336535436155,0.514772727272727,0.0252392035661586,0.014904286652593,0.013618501724591,0.3434539586663777,5,2025,Frontiers in oncology,4,1,0,1,0,1,,,2025
SIG163,8,0.6097188212161002,0.6207710665610684,0.530811859609021,0.067359045283349,0.074149411130783,0.0203435398833204,0.4808636087640302,8,2025,Translational cancer research,4,0,0,0,1,0,,,2025
SIG164,8,0.584157144611055,0.5831530650240375,0.515103592169788,0.0417973686783037,0.0489657113662384,0.0273803917647386,0.2946793228566261,5,2025,BMC cancer,4,0,0,1,1,1,,,2025
SIG165,8,0.5849477080945047,0.6030580619690765,0.539119678383672,0.0424389572925717,0.056377215965918,0.0104815716007045,0.5272580560116833,6,2024,Heliyon,5,0,0,1,1,1,,-0.102032176121931,2024
SIG166,8,0.5558672792768817,0.556277071623782,0.508870785546268,0.0127445304037915,0.0094252353133785,0.0136861715129176,0.3461584916608209,4,2026,"Contemporary oncology (Poznan, Poland)",3,0,0,0,0,0,,,2026
SIG167,8,0.5454432223021339,0.54126515354908,0.505189575664146,0.0023204734290436,0.002322063317713,0.0079331991091277,0.238265663782053,4,2025,"Advanced science (Weinheim, Baden-Wurttemberg, Germany)",3,0,0,1,0,0,,,2025
SIG168,8,0.6066744898151831,0.5898978434195494,0.538174279373264,0.0631601273444886,0.0499869261655204,0.0284537350336201,0.3836623156908572,8,2025,Scientific reports,9,0,1,1,1,1,0.1599942594718709,,2025
SIG169,8,0.5426357151118442,0.549422003742321,0.50159777342542,-0.0011470516186608,0.003155996393147,0.0091254654980865,0.4414889892350346,4,2024,"Open medicine (Warsaw, Poland)",8,0,0,1,0,1,0.1570416666666669,0.1923000651188749,2024
SIG170,8,0.550767237212928,0.5245993444056285,0.502540220152413,0.0075444881954713,-0.0187543254040644,0.0148505811494888,0.2542820201898413,3,2026,Discover oncology,6,0,0,1,0,1,,,2026
SIG171,8,0.559815674085925,0.5626278663895995,0.505102566745696,0.0174558981531737,0.027875383724245,0.0085394314752481,0.393521196764566,5,2026,Journal of gastrointestinal oncology,4,0,0,1,1,1,0.2291339031339029,0.2947253312424419,2026
SIG172,8,0.5320857852216192,0.5219354277316555,0.50742222281287,-0.0111369637958373,-0.010286619487318,0.008294722165135,0.2423741828703615,2,2026,Journal of gastrointestinal oncology,6,0,0,1,1,1,,,2026
SIG173,8,0.5404936852903173,0.5406072762869685,0.501985252410664,-0.0020150655116156,-0.0024659738366345,0.0098876088997393,0.214832058474485,4,2026,Journal of inflammation research,5,0,0,1,1,0,,,2026
SIG175,8,0.5500285049584361,0.5390091670451775,0.502119685834651,0.0075197541565032,-0.0099713221428145,0.0068960581847338,0.34089877234539,3,2025,Journal of gastrointestinal oncology,6,0,0,1,0,0,,0.12275834084761,2025
SIG176,8,0.5605688716242151,0.5349341474096034,0.500979280486548,0.0167861048937101,0.0071375965593845,0.0121969514387816,0.3624524634810818,4,2025,Scientific reports,8,1,0,1,1,1,,,2025
SIG177,8,0.5535856375732451,0.549004210493906,0.520454545454546,0.0101073538898095,0.0154412388371215,0.0071534141484866,0.4169363120821986,6,2024,Frontiers in immunology,14,0,0,0,0,1,,0.195557572319909,2024
SIG178,8,0.5585323551889249,0.556154144526906,0.508684863523573,0.0154096063158346,0.0204311762611165,0.0104335243408787,0.2061903170720094,5,2023,Frontiers in immunology,3,0,0,0,1,1,,,2023
SIG179,8,0.5602393095207102,0.5340392572468811,0.500883756163036,0.0164616023338951,-0.0099679864048569,0.0040017779833464,0.5668207518025122,4,2026,Scientific reports,12,0,0,1,1,0,0.2724999999999999,,2026
SIG180,8,0.5684861117584221,0.5686623181463946,0.508489279960342,0.0259773609564892,0.0322924628997304,0.0150416822098689,0.3784130321218046,6,2026,Frontiers in immunology,5,1,1,1,0,1,,,2026
SIG181,8,0.5798974822084111,0.5529417212241274,0.520127048254416,0.0373887314064782,0.0101222793533429,0.0051083220386278,0.331373847861722,5,2026,BMC cancer,5,1,1,1,0,0,,,2026
SIG182,8,0.5647777703794696,0.5585443916891795,0.500257705391197,0.0216550215063793,0.0217437825499254,0.0154882216433905,0.4309677059327869,6,2025,Biomedicines,3,0,0,0,0,1,,,2025
SIG183,8,0.5515438959060798,0.524274405554641,0.504962779156328,0.0091841199733285,-0.0053784360058869,0.0080477381110074,0.2640618016872506,4,2024,Journal of gastrointestinal oncology,4,0,0,1,1,1,,,2024
SIG184,8,0.5580602392001378,0.5431878177969931,0.512535450935905,0.0149374903270475,0.004562134557321,0.0164887687848757,0.2362978707773478,6,2026,Journal of gastrointestinal oncology,3,1,0,1,1,1,,,2026
SIG185,8,0.5586875772454888,0.553754746032265,0.513442994895065,0.0138220301262736,0.0006668734491315,0.0029052607110837,0.4880960216173128,4,2024,Translational oncology,22,1,1,1,0,1,,,2024
SIG186,8,0.6026140285756021,0.599095356571959,0.507576538501185,0.0571674635855786,0.0527358454081364,0.0169701909290133,0.7419778882946466,7,2025,Journal of Cancer,19,0,0,1,0,1,,,2025
SIG187,8,0.5491227194461722,0.5368183743872175,0.500724281366699,0.006762943513421,-0.0023724281222505,0.0033702954017206,0.1528501458593857,4,2026,BMC gastroenterology,4,0,1,1,0,1,,,2026
SIG188,8,0.5586352892185278,0.5608701782088881,0.511688173614895,0.0154125402010711,0.0039251071509135,0.0159255683941405,0.4356205218801969,4,2026,BMC cancer,6,0,1,1,0,1,0.424333333333333,0.1490909090909089,2026
SIG189,8,0.553902376813528,0.550126638479776,0.518610421836228,0.0104166011829772,0.0121095011119715,0.0092056232852799,0.3866397727608359,6,2026,ImmunoTargets and therapy,6,1,0,1,1,1,0.104833333333333,,2026
SIG190,8,0.5643738801264107,0.549206559334828,0.521123765731524,0.0212746536936406,0.0051687674349299,0.0038677941594812,0.4545768872658918,5,2023,BMC bioinformatics,7,0,1,1,1,1,0.1665549872122759,,2023
SIG191,8,0.5249607153654574,0.5196473058612545,0.501191151446398,-0.0182248298344997,-0.0238776313189504,0.0017053121536873,0.1601761576352257,2,2025,International journal of cancer,3,0,0,1,0,1,,,2025
SIG192,8,0.5454624243462762,0.525255019232547,0.508684863523573,0.002339675473186,-0.0145718121840469,0.0038462960552012,0.1805254450101058,2,2025,Discover oncology,3,1,1,1,1,1,,,2025
SIG193,8,0.5409271075874739,0.5341335751792584,0.507197290431837,-0.0019862948621216,-0.0057842725808089,0.0104996810082824,0.3209240070222949,3,2024,PeerJ,7,0,0,1,0,0,0.089125,,2024
SIG194,8,0.5591904582532174,0.5514197707049919,0.502098695405559,0.0159677092357608,0.006836572612008,0.0092156992322852,0.2818743802890754,5,2025,Frontiers in oncology,6,0,0,1,1,0,0.0649999999999999,,2025
SIG195,8,0.5546294817075275,0.5537153105718815,0.506203473945409,0.0108517745207123,0.008555204931707,0.0132886769477146,0.398609983778488,4,2026,Scientific reports,12,0,0,1,1,1,0.2426609686609689,,2026
SIG196,8,0.5738894694677983,0.5628332185766255,0.517060096897227,0.031529693535047,0.0227400268110085,0.0042086160365578,0.3421045083659261,6,2026,Biochemistry and biophysics reports,4,0,0,1,0,1,0.182934782608696,,2026
SIG197,8,0.5599607406940358,0.5593198751038785,0.511316065756774,0.0179166538655006,0.013898564390732,0.005716276098204,0.2651392246273539,5,2025,Translational cancer research,4,0,0,1,0,1,0.093333333333333,,2025
SIG198,8,0.5349070870599365,0.535886295134891,0.505081174866774,-0.0082156618131537,-0.008354574504971,0.0031938326360354,0.1087422840704298,3,2025,Discover oncology,3,0,0,1,0,1,,,2025
SIG199,8,0.5580687870394937,0.5563378473552385,0.511166253101737,0.0155600362375608,0.0144464897371934,0.0036529791339313,0.3057690295148892,5,2025,Infectious agents and cancer,5,0,0,0,0,1,,,2025
SIG200,8,0.5997971622679747,0.5893157946713365,0.545403803473893,0.0566744133948844,0.0527057019634664,0.0203015836356309,0.3802405156924653,7,2026,Journal of translational medicine,3,1,1,1,0,1,,,2026
SIG201,8,0.5782008817846446,0.5691605862940234,0.508551245507498,0.0350257973827502,0.025648037402804,0.0194244766575454,0.3817004295410415,5,2024,Cancer biomarkers : section A of Disease markers,4,0,0,1,0,1,0.260901262916188,,2024
SIG202,8,0.5697710888204832,0.5702244572497526,0.501043230959374,0.0242370811730338,0.0193581590836109,0.0142949603563071,0.882405314923476,5,2025,"Open medicine (Warsaw, Poland)",29,0,1,1,0,1,,0.18887383573243,2025
SIG203,8,0.5469193373083581,0.5493670341957144,0.507648145441014,0.0044105865064252,0.0119042616447769,0.0043904791869919,0.4243267288003107,5,2025,PloS one,5,0,1,1,1,1,,,2025
SIG204,8,0.5464744115666628,0.5366886493209635,0.501391609112463,0.0033516626935724,-0.00449530153422,0.0055538153868599,0.2289141816838346,3,2025,Frontiers in oncology,3,0,0,1,0,1,,,2025
SIG205,8,0.5777482555167658,0.5982254218322784,0.506773920406435,0.0346490290839957,0.0482098942536269,0.0177742598816712,0.2732354982836725,6,2026,Discover oncology,7,0,0,1,0,1,,,2026
SIG206,8,0.5420916462582235,0.5417393508911346,0.504057709648332,-0.0015474341684937,-0.0003441963595114,0.0027996409587028,0.2869108661773809,4,2025,BMC cancer,11,0,0,1,1,1,,0.0599940959488709,2025
SIG207,8,0.5681460016727938,0.567602383710374,0.532353449306949,0.0234626580016953,0.0189969502849454,0.0094603491124816,0.5837461294052227,6,2025,Scientific reports,13,1,0,1,1,1,,0.236755530346001,2025
SIG208,8,0.5932052527631393,0.5922602602538205,0.516129032258065,0.0497966797625081,0.05990467524602,0.0093329077233698,0.5148969148531792,6,2025,Scientific reports,7,0,1,1,1,0,0.183076923076923,,2025
SIG209,8,0.5548600908148495,0.5562114262149029,0.505442077425014,0.0123513400129166,0.011708344534539,0.010763801841772,0.2074047259185577,4,2025,European journal of medical research,5,0,1,0,0,1,,,2025
SIG210,8,0.592549679647989,0.594855758845512,0.537679932260796,0.0478663359768905,0.0489369416465584,0.0202786303674724,0.495270473138067,7,2026,Stem cells international,13,0,1,1,0,0,,,2026
SIG211,8,0.5744613004301691,0.561687548681725,0.502834759303165,0.0321015244974179,0.0234747725223379,0.0196718307746318,0.3777035579746325,5,2025,International journal of genomics,4,0,0,1,1,1,,,2025
SIG212,8,0.5263979124744176,0.5221041669013845,0.503155996393147,-0.0167248363986726,-0.0209661252794535,0.0071748513227111,0.1754759257961325,2,2026,Translational cancer research,3,0,1,0,1,1,,,2026
SIG213,8,0.574833376563708,0.5870069097096895,0.532353449306949,0.0323246257617751,0.0437670809054814,0.0216028176334445,0.3889891231105035,7,2025,Discover oncology,5,0,1,1,1,1,,,2025
SIG214,8,0.5534935805808914,0.55276710668798,0.522523451190599,0.0109848297789584,-0.0011363636363639,0.0053811323361458,0.2909144245340664,3,2025,Frontiers in immunology,5,0,0,1,0,1,0.336,,2025
SIG215,8,0.5522797043263282,0.545560098130894,0.502963590177815,0.009919928393577,-0.0018060408366564,0.0160536005166315,0.2339390497221881,4,2025,Journal of cell communication and signaling,4,0,1,1,1,1,,,2025
SIG216,8,0.569945493219066,0.5548543423656395,0.5125,0.0275857172863147,0.01533183952979,0.0217078285195172,0.5220895502434983,6,2026,Discover oncology,4,0,0,1,0,1,0.2173333333333329,0.0887552467385141,2026
SIG217,8,0.556697205514629,0.5320350640124345,0.512277730736664,0.012914438784124,0.0011984200024754,0.015499328383575,0.3635710567791471,4,2025,Discover oncology,8,0,0,0,1,1,,,2025
SIG218,8,0.5720615184799756,0.5620891386344395,0.522317286877641,0.0297017425472242,0.010749409506082,0.0060922033309186,0.5721063217754531,7,2024,Technology in cancer research & treatment,4,0,0,1,0,0,,,2024
SIG219,8,0.533776309976711,0.527715055403119,0.506173003574893,-0.009322916456059,-0.013831628193447,9.75916105258252e-05,0.1518386719478647,1,2024,Technology in cancer research & treatment,8,0,0,0,0,1,0.02,,2024
SIG220,8,0.5587183853590646,0.571972087876055,0.507913936768243,0.0156191589262946,0.024488626847143,0.0153606236831147,0.3577652413731363,6,2025,Discover oncology,7,0,0,1,1,1,,,2025
SIG221,8,0.5519155649865567,0.547505883133214,0.503409090909091,0.0095557890538055,0.012118514192475,0.006462008032296,0.2676246119157712,5,2023,Frontiers in oncology,4,1,0,1,1,1,,,2023
SIG222,8,0.5441331370869946,0.5305559144710045,0.502272727272727,0.0010103882139043,0.0029532171609144,0.0152375280694599,0.2541814002397097,4,2024,Heliyon,3,0,0,1,1,1,,0.2278367558706749,2024
SIG223,8,0.5218051512953237,0.5151956731363035,0.502053238002844,-0.0205546246374276,-0.0245804890482589,0.0060498297899382,0.167304136187395,1,2023,Frontiers in genetics,4,0,0,1,1,1,0.2177519181585679,,2023
SIG224,8,0.6121812115869036,0.6015355968173185,0.55931797945433,0.0690584627138133,0.0583150186147775,0.0250235181645758,0.4680788727433935,8,2025,Frontiers in immunology,3,0,0,1,1,1,,,2025
SIG225,8,0.5750548173922582,0.5848055208367531,0.528898162052972,0.0325460665903252,0.0329141270181055,0.0183912236886334,0.6347729431690209,7,2026,Frontiers in molecular biosciences,5,0,0,1,1,1,0.0299999999999999,,2026
SIG226,8,0.5795943749090832,0.5712655803052205,0.519342030629609,0.0373334862957732,0.020231919504858,0.0085907635138947,0.4073384140967909,5,2025,Discover oncology,5,0,0,1,1,1,0.164204603580563,0.196151221523554,2025
SIG227,8,0.5447590955383079,0.5369477017205845,0.509096708174412,0.0009763288078028,-0.0043853983305889,0.0077765469970519,0.4153613759142841,4,2025,Current issues in molecular biology,8,0,0,1,1,1,0.1587342135476459,,2025
SIG228,8,0.5495760042694445,0.5382231156164634,0.502481389578164,0.0063532552519878,0.0015571664332734,0.0086666101995706,0.2499906365480889,4,2025,Discover oncology,6,1,0,1,0,1,,,2025
SIG229,8,0.5708413980562893,0.5641462759367055,0.527502254283138,0.028481622123538,0.0222444594650145,0.01141006414743,0.274389864656662,7,2025,Discover oncology,4,0,0,1,0,1,,,2025
SIG230,8,0.5517358231432423,0.5533465782223326,0.504690238119782,0.0077124601854832,0.0179857706999195,0.0172741620338097,0.4460308943804315,5,2024,Scientific reports,16,1,1,1,1,1,0.116666666666667,,2024
SIG231,8,0.5625524829332762,0.5554359175991335,0.504399553848061,0.0194297340601858,0.0115755765569774,0.0218119787518875,0.3803556634806128,5,2025,PeerJ,3,0,0,0,1,1,,,2025
SIG232,8,0.5511623827954166,0.5503386380683599,0.503800340328985,0.0080631563626465,0.0085580681194349,0.0105267602544593,0.3619143105540795,5,2024,Medicine,7,0,0,1,1,0,,,2024
SIG233,8,0.5529805977571028,0.555047547409794,0.503762498711473,0.0093348232832237,0.011310782241015,0.0094507409774571,0.3977649278086875,4,2025,Scientific reports,10,1,0,1,0,1,,0.24129776674938,2025
SIG234,8,0.5522997007740416,0.5269752496994216,0.504962779156328,0.0085219935872263,-0.0108623491817955,0.0052131295665625,0.4107994113401377,3,2023,Heliyon,13,0,0,0,0,1,,,2023
SIG235,8,0.5771574546415961,0.5607375879712495,0.51985111662531,0.0339347056241394,0.0173343108913125,0.011329243944592,0.6110412205034447,5,2024,Frontiers in immunology,6,0,0,1,1,1,,,2024
SIG236,8,0.5951504576883857,0.5817420965840054,0.513452221420472,0.0526417068864528,0.0445330283052304,0.0115265441447373,0.5361141104623806,7,2025,Discover oncology,5,0,0,1,1,1,,,2025
SIG237,8,0.5722431928199181,0.561125410222261,0.520299812617114,0.0287574171893673,0.0146228716175024,0.0143757699659838,0.3821381757975798,6,2021,Aging,6,0,0,0,1,1,0.1735959079283889,,2021
SIG238,8,0.538508586071679,0.5315851216361605,0.500450856627593,-0.0047141629457776,-0.0054891026866659,0.00818341793338,0.3015203916151464,3,2024,Discover oncology,6,0,0,1,0,1,0.231336924832045,,2024
SIG239,8,0.5429158139832017,0.540055415125957,0.508020253299135,-0.0001834124495684,0.0010405956987714,0.0032943599341529,0.281391887050853,4,2025,BMC cancer,7,0,1,1,0,1,0.1616560102301789,,2025
SIG240,8,0.535234159822554,0.5378869227042575,0.522431528070393,-0.0079885891949026,-0.0117090482752019,0.0065477303850784,0.1677777503428701,2,2025,Scientific reports,6,0,0,1,0,1,,,2025
SIG241,8,0.5380742035336868,0.522655723564108,0.501240694789082,-0.0045489259744763,-0.0158573516738949,0.0080973791873232,0.0979173254622229,2,2025,Frontiers in oncology,4,0,0,1,0,1,,,2025
SIG242,8,0.5346530948831056,0.54374231075651,0.505615428247306,-0.0085696541343509,0.0028236960827299,0.014205131185477,0.2654448065713686,5,2024,Scientific reports,6,0,0,1,1,1,,,2024
SIG243,8,0.5570551861008364,0.5589964741758164,0.500495724377246,0.0134776802452848,0.0140920693033569,0.0067551560012218,0.465653708863757,4,2024,BMC genomics,8,0,0,1,0,1,,,2024
SIG244,8,0.5861872067371262,0.5689819807500689,0.545510772085352,0.0420742929434038,0.0223340095546479,0.0116431454570245,0.7236542110242637,7,2024,Scientific reports,13,0,0,1,1,1,0.2597772848269739,,2024
SIG245,8,0.5459330201487514,0.5383539238524995,0.510720363017584,0.0029922950704313,0.0010088100942689,-0.0011695131505701,0.3819950811723973,4,2026,"Open medicine (Warsaw, Poland)",3,0,0,1,1,1,,0.118612514173796,2026
SIG246,8,0.5457062277109169,0.547858468199155,0.516049076713347,0.003197476908984,-0.0019119397250514,0.0034346337333348,0.2410103151997903,4,2025,Translational gastroenterology and hepatology,5,1,0,1,0,1,0.236202046035806,,2025
SIG247,8,0.6016541153880709,0.5938502663568761,0.542711287577992,0.0585313665149806,0.05600068274735,0.0119290979403982,0.5030695615568084,8,2025,Translational cancer research,3,1,0,1,0,0,0.377574168797954,,2025
SIG248,8,0.5584367457098164,0.541977232635371,0.511363636363636,0.0159279949078835,0.001201827586471,0.012612762030396,0.346096341762695,4,2026,Frontiers in oncology,5,0,0,1,1,1,,0.1541686203787189,2026
SIG249,8,0.5542038633718078,0.5326329408402131,0.500623936471923,0.0118440874390566,-0.0033672385684034,0.0104078977038714,0.3388453079631636,3,2025,Frontiers in immunology,4,0,0,0,0,0,,,2025
SIG250,8,0.5488378198059936,0.5505580786698485,0.504020093824338,0.0064780438732422,0.002283442151489,0.0119363567671843,0.2884738666019491,5,2025,Frontiers in pharmacology,4,0,0,0,1,0,,,2025
SIG251,8,0.5672385448067931,0.553446647886568,0.506818181818182,0.0224664526239758,0.0003180097598179,0.0084606099335105,0.6001230025983184,4,2024,Discover oncology,14,0,0,0,1,1,,,2024
SIG252,8,0.5738787560653529,0.5600680622821586,0.505681818181818,0.0307560071922626,0.0322012852797189,0.0120362855113361,0.2664936263660745,5,2024,Frontiers in immunology,3,0,0,1,0,1,,,2024
SIG253,8,0.587312587964872,0.578450342907235,0.511339695129508,0.0441270427649148,0.0380239226044675,0.0213439020741283,0.5944916391805021,5,2024,Journal of cancer research and clinical oncology,3,1,0,1,0,0,,,2024
SIG254,8,0.5358993692964328,0.5342341251914076,0.503409090909091,-0.0072233795766574,-0.0059772687837479,0.0084943107064214,0.2087520984983232,3,2025,Cancer management and research,3,0,0,0,0,1,,-0.0294299556746729,2025
SIG255,8,0.553970420801065,0.5410672356746605,0.508684863523573,0.0111163229896851,0.0104925740074965,0.0155368262850797,0.2348757893367457,4,2025,Translational oncology,3,0,1,1,1,1,,,2025
SIG256,8,0.560722292590332,0.5665885749110825,0.517562161946656,0.0182135417883991,0.020630886028367,0.0084246527897011,0.3636076890729984,5,2025,Clinical and experimental medicine,5,1,0,1,1,1,0.0466666666666669,,2025
SIG257,8,0.5637296232788902,0.5520146729765535,0.5155820165588,0.0205545388769958,0.013732121924026,0.0092522045976625,0.3581883827341744,5,2025,Human vaccines & immunotherapeutics,4,0,0,1,1,1,,,2025
SIG258,8,0.5340243830138268,0.523363135928019,0.507954545454545,-0.0089087874143371,-0.016414364789521,0.0071156278366805,0.1796060548772771,2,2022,Evidence-based complementary and alternative medicine : eCAM,6,0,0,1,1,1,0.1957264957264959,,2022
SIG259,8,0.5269261973321777,0.5312551564997681,0.500557689924402,-0.0153195268566609,-0.0189643018272054,0.0131670978117251,0.2060612724337372,2,2024,Translational cancer research,6,0,0,1,1,1,0.256413043478261,0.1717727272727269,2024
SIG260,8,0.5652521479816235,0.5620293821677995,0.503408105093568,0.0227433971796906,0.0226801894437254,0.0116152268753426,0.4362398272838287,5,2022,Frontiers in genetics,5,0,1,1,1,1,0.2607608695652169,,2022
SIG261,8,0.5651492935624364,0.5611078543028285,0.521748375350512,0.0216710098790007,0.0188037134423815,0.0053086591585665,0.9351664066918391,5,2023,International journal of general medicine,14,0,1,1,1,1,0.236075774971297,,2023
SIG262,8,0.5295950409291117,0.519062877772676,0.509737510584251,-0.0137167835623812,-0.0219820886128829,0.0058405264803657,0.1527588987786481,1,2025,Oncology letters,6,0,0,1,1,1,0.210982097186701,,2025
SIG263,8,0.5538206499053331,0.52918485427138,0.506976744186046,0.011776563076798,-0.0060076778941769,0.0112414986425039,0.3039920439498254,4,2022,Frontiers in immunology,4,0,0,1,0,1,0.1646976803143619,0.0785445385266719,2022
SIG264,8,0.6141825280488451,0.613809691748994,0.524378930007216,0.0709597790313885,0.0728705783188854,0.0166779772521352,0.591058948368859,6,2025,Clinical and experimental medicine,6,0,0,1,0,1,0.1766304347826089,,2025
SIG265,8,0.5906848603637883,0.6088955215488565,0.502116850127011,0.0475856339310182,0.0579617494916174,0.022519619009149,0.7505331316783852,7,2025,Biological procedures online,7,0,0,1,0,0,,,2025
SIG266,8,0.5606810925468899,0.5566788297524761,0.511430990685859,0.0181723417449569,0.0120148779715769,0.0123469985713213,0.3413185477928844,5,2024,Scientific reports,5,0,0,1,0,1,0.122103329506315,,2024
SIG267,8,0.5686194890101954,0.5651805756504344,0.524299972091911,0.0249804085834781,0.021633547040902,0.0076892971107257,0.658615569096609,7,2022,Frontiers in genetics,11,0,0,0,1,1,0.250415954415954,0.191117222723174,2022
SIG268,8,0.560208176530254,0.5609163155899686,0.513976555455365,0.0169854275127974,0.0211620855525765,0.0142742534099702,0.2650496017950423,6,2024,BMC medical genomics,6,0,1,1,1,1,,,2024
SIG269,8,0.5428356764102578,0.537544102763539,0.509322630802557,-0.0001581628781862,-0.0098082503389684,0.00678777220729,0.2486312199838353,3,2025,Cell death & disease,3,0,0,1,0,1,0.211558823529412,,2025
SIG270,8,0.5675803091953,0.5837866847110715,0.506744454928436,0.0252205332625487,0.0428868708734405,0.0088771478324327,0.3376946010180299,5,2023,Frontiers in cell and developmental biology,4,0,0,1,0,0,,,2023
SIG271,8,0.5412656728035079,0.54362560716623,0.506305899238508,-0.0009952158098019,0.000616638483204,0.0141090992600857,0.1689203888515956,4,2025,International journal of molecular sciences,5,0,0,1,0,0,,,2025
SIG272,8,0.571568241531919,0.5835170974063759,0.502116850127011,0.0292084655991677,0.0413178194474814,0.0166932472461997,0.2380051731553935,7,2025,PeerJ,4,0,0,1,0,1,,,2025
SIG273,8,0.5380309905515553,0.530181471788161,0.504089726112282,-0.0043287853811958,-0.007991357560861,0.0074685042961783,0.2479980760310303,3,2023,Translational cancer research,4,0,0,1,1,1,0.0925118519457469,,2023
SIG274,8,0.5419667088807889,0.530043012589863,0.503722084367246,-0.0018160578497161,-0.0059440808243619,0.0029991175679731,0.2177665228452536,3,2023,Frontiers in oncology,8,0,1,1,0,1,,0.206218002046593,2023
SIG275,8,0.5333779046020343,0.5262898506536511,0.502943638949061,-0.0089818713307169,-0.0129996439434609,0.0017907550314991,0.2223295470961652,3,2025,Frontiers in immunology,4,0,0,1,1,1,,,2025
SIG276,8,0.5760092289700522,0.5749691201157795,0.51487826871055,0.0322315217832371,0.0237281208415225,0.0146980497032989,0.4527109970569829,7,2025,Discover oncology,12,0,0,1,1,0,0.1761693455797929,,2025
SIG277,8,0.5176615971902998,0.5096709015562115,0.500450856627593,-0.0255611518271568,-0.0304228799676454,0.0092846651659901,0.133627544265356,1,2022,BMC bioinformatics,6,0,0,1,1,1,,0.1917222692633359,2022
SIG278,8,0.5748254727397742,0.5726672801177055,0.51985111662531,0.0323167219378413,0.0362749073834284,0.0108835052567138,0.9396856772494449,7,2024,"Cancer reports (Hoboken, N.J.)",5,0,0,1,1,1,,,2024
SIG279,8,0.5758782804071212,0.573012669412855,0.527502254283138,0.0327790539743511,0.0413086301949305,0.009435209538765,0.3938681259016927,6,2022,Frontiers in genetics,7,0,1,0,1,1,,,2022
SIG280,8,0.5293200738832367,0.5141548245330856,0.502272727272727,-0.0130397020495145,-0.0166809312259019,0.0091797627401555,0.0584209338700431,1,2024,Translational cancer research,4,0,0,0,1,0,0.29,,2024
SIG281,8,0.5635710688482719,0.5623436891526921,0.519386834986474,0.0212112929155206,0.0229112953127414,0.0186656513108429,0.2309957843430297,7,2025,Current issues in molecular biology,4,0,0,1,0,1,,,2025
SIG282,8,0.5588996342695244,0.5435503430906155,0.500154623234718,0.0147369941472505,0.0079852134691435,0.012818478374681,0.558484783006828,4,2023,Frontiers in surgery,16,0,0,1,1,1,0.229067980732666,,2023
SIG283,8,0.5558513255611456,0.5506593779064946,0.518610421836228,0.0122171696273581,0.0153039604618895,0.0109602987007373,0.3787941726693471,6,2022,Scientific reports,10,0,0,1,1,1,0.094404867537077,0.215944412932501,2022
SIG284,8,0.6185364032314518,0.6332478757588085,0.518090918462014,0.0754136543583614,0.0876634965495594,0.0236189193072052,0.4952151790923976,7,2023,Journal of Cancer,3,0,0,0,1,1,-0.027666666666667,,2023
SIG285,8,0.563590991821595,0.5442241506155789,0.527942421676545,0.0200766293509005,0.0089947925023944,0.0136140935899269,0.4708957863612143,5,2024,Scientific reports,9,0,1,1,1,1,0.0291994301994299,,2024
SIG286,8,0.5555954643878804,0.5355912578313484,0.504830757372387,0.0130867135859474,-0.0038004005251485,0.0082171420934976,0.5405795932761003,2,2024,Heliyon,5,0,0,1,1,1,0.4028404558404559,0.2884733276883999,2024
SIG287,8,0.5840512405866748,0.5683793021812056,0.518628281117697,0.0409284917135844,0.0288676125578429,0.0263456962190769,0.4126982797500714,7,2022,Vaccines,3,1,0,1,0,1,,,2022
SIG288,8,0.5739371092221385,0.5726049052895674,0.518812493557365,0.0314283584202056,0.0262994219474195,0.0159423715559224,0.3283522885722149,7,2025,Human mutation,5,0,0,1,1,1,,,2025
SIG289,8,0.5642130620103192,0.564890846453854,0.524813895781638,0.0201793835710828,0.0232715133113264,0.0049148644212541,0.7108699477277385,5,2024,Heliyon,17,0,0,1,1,1,,,2024
SIG290,8,0.598018259323637,0.598344898415327,0.53448098134213,0.0548955104505467,0.0543010392462635,0.0176617845278803,0.4973964322853085,6,2023,Frontiers in oncology,3,0,1,1,1,1,0.177239130434783,,2023
SIG291,8,0.5966491869715275,0.595879947117626,0.549143372407574,0.0535264380984372,0.059269854409756,0.0120280947108161,0.3713774605261973,6,2024,International journal of medical sciences,3,0,0,0,1,1,,,2024
SIG292,8,0.5458618698158909,0.5467841557280805,0.503346568349405,0.0024723346441739,0.0101671931944299,0.0101781803768623,0.5431770965598881,5,2024,Nature communications,15,0,1,1,1,0,,0.190775473399459,2024
SIG293,8,0.5503533426205981,0.531413071303389,0.509043549908967,0.007091937794462,-0.0063878042003784,0.0092194039719092,0.3464058714737902,3,2023,Frontiers in oncology,7,0,1,0,0,1,,,2023
SIG294,8,0.5459138764472588,0.5426273471600656,0.517526942711288,0.0032907469390955,-0.0008038065429054,0.0060532879317186,0.324956544043273,4,2023,Frontiers in oncology,4,0,0,1,0,1,,,2023
SIG295,8,0.5351426955912746,0.5295895573089935,0.508905275099263,-0.008378489485762,-0.0093747019013885,0.0073729993329231,0.1448826158620632,3,2025,Scientific reports,9,0,0,0,1,1,0.218286445012788,,2025
SIG296,8,0.565212065105161,0.547523022714905,0.501487173131739,0.0217662637218413,4.5120947262999866e-05,0.0089894855644113,0.3435400177748966,4,2021,World journal of surgical oncology,11,0,0,1,1,1,,0.1861189669771379,2021
SIG297,8,0.5522237888443557,0.5478400711596965,0.51668169522092,0.0085847084176385,0.0065185851565204,0.0195573250887794,0.45703046623329,5,2025,Communications biology,11,0,0,0,0,0,,,2025
SIG298,8,0.5254560539860508,0.5247084928472074,0.505920501814026,-0.0179382502370293,-0.0167571201948124,0.0072510497317255,0.2879054756737106,1,2022,Frontiers in public health,9,0,0,1,1,1,,,2022
SIG300,8,0.5360439448926344,0.5408327526846465,0.501418037436188,-0.0064648059092985,-0.0123642306746455,0.0089905948129822,0.1425175086314616,3,2022,BioMed research international,5,0,0,1,1,1,,,2022
SIG301,8,0.5774750024339736,0.565623434575523,0.522729615503556,0.0343757760012036,0.0285204502964199,0.0181870119994357,0.3899568250313395,6,2024,Translational cancer research,7,0,1,1,0,0,,,2024
SIG302,8,0.5576930222968641,0.5358204107250919,0.503155996393147,0.0147806411617261,0.0074689711051134,0.0175919785074668,0.3776136504095899,4,2024,BMC cancer,6,0,1,1,1,1,,0.2618094157685761,2024
SIG303,8,0.5419847070969216,0.5191523372431854,0.500710991800338,-0.0011380417761686,-0.0142171519965565,0.011144719959167,0.2119821493028397,3,2024,World journal of gastrointestinal oncology,3,0,0,1,0,1,0.1896138107416879,,2024
SIG304,8,0.5675470841893121,0.5470973169847765,0.51307484220018,0.0251873082565609,0.0199463945779594,0.0103248752364575,0.3762088383811428,6,2024,Functional & integrative genomics,4,1,0,1,1,1,,,2024
SIG305,8,0.5559836202160381,0.5528270455400139,0.507664562669071,0.012884393783268,0.0117585252568204,0.0102910454217471,0.3696451816692986,6,2025,Discover oncology,7,0,0,1,1,1,,,2025
SIG306,8,0.5558912925185435,0.5425970096716705,0.525241066364152,0.0122522120918262,0.0134029793626674,0.0093673237730925,0.4361726648402515,5,2022,Disease markers,11,0,0,0,1,0,0.201400688863375,,2022
SIG307,8,0.5423220194849386,0.5488426281054319,0.509467989179441,-0.0017963245181204,-0.0004159945451119,0.0110862546854207,0.2516425820751624,4,2024,Scientific reports,13,0,0,1,1,1,,,2024
SIG308,8,0.5837671890997896,0.575057271322603,0.524555461473328,0.0412584382978567,0.0331659137045579,0.0185250223546764,0.3081116526993147,7,2023,Medicine,5,1,1,1,0,1,0.159299655568312,,2023
SIG309,8,0.5954354796352909,0.602900531119476,0.532522420369034,0.0522499344353337,0.0539817846645694,0.0236752054300249,0.3783517244567194,7,2025,Biomedicines,3,0,0,1,0,1,,,2025
SIG310,8,0.5285810691452362,0.5172149119721869,0.501270110076207,-0.0137787067875151,-0.0187332079561495,0.0065646631319212,0.1424670579028124,2,2024,Translational oncology,4,0,0,1,1,1,0.1761253196930949,,2024
SIG311,8,0.5565140507365514,0.5583312881255155,0.505681818181818,0.0133330181197644,0.0147232807078995,0.0159171272763889,0.3554365580484618,4,2023,Scientific reports,5,1,1,1,1,1,,,2023
SIG312,8,0.5536784500858639,0.5455731581745504,0.513976555455365,0.0101640876151693,0.0012005746434875,0.0132077425130494,0.5486954869052588,5,2024,Frontiers in oncology,9,0,0,0,0,1,0.437618836354418,0.245045046902381,2024
SIG313,8,0.550270950952595,0.550695687417417,0.504259306018845,0.0071482020795047,0.0005522940481049,-0.0006658758623979,0.1414032384637576,4,2024,Biomedicines,3,0,0,1,0,1,0.119673913043478,,2024
SIG314,8,0.5653227603572444,0.5721487398461005,0.509741263787239,0.0219216335278221,0.0230481556799874,0.0072666106689206,0.5342567735791376,5,2023,Cancers,8,0,1,1,0,0,,,2023
SIG315,8,0.547114636379394,0.5379092301603385,0.500126250880434,0.003331869648889,-0.0082979385741484,0.0061645171653977,0.249957333704055,4,2024,Heliyon,8,0,0,1,1,1,,,2024
SIG316,8,0.6089478199449144,0.5914845125761635,0.552500431910907,0.0653020454710352,0.045648630731792,0.0233634616480618,0.7128943808569014,8,2025,Discover oncology,10,1,1,1,1,1,0.0973043478260869,,2025
SIG317,8,0.5417883708092941,0.5358603695465964,0.504380991650345,-0.0013108556234758,-0.002204005202716,0.0059772363097919,0.2857886043210023,4,2023,IET systems biology,7,0,0,1,0,1,,,2023
SIG318,8,0.5708400467011727,0.5773381552591215,0.506636415201361,0.0284802707684215,0.021327594455593,0.014651053229662,0.4069826585549218,6,2020,Frontiers in oncology,4,0,0,1,0,0,0.082222081379136,,2020
SIG319,8,0.5503700591454683,0.552263865272892,0.511166253101737,0.0065872924149633,0.0063552541252345,0.0076995806783732,0.253341757871718,6,2022,Frontiers in surgery,8,0,1,1,1,1,,,2022
SIG320,8,0.5656495458344256,0.5598895604952735,0.517678589836099,0.0218667791039206,0.0136488603592769,0.010860993313186,0.50470551068654,7,2023,Aging,8,0,0,1,1,1,,,2023
SIG321,8,0.5357116248368239,0.5282529970899615,0.505455366991375,-0.0074111240362663,-0.0084469621485779,0.0023342201185521,0.2110957521930744,2,2024,Frontiers in oncology,3,0,0,1,1,1,,,2024
SIG322,8,0.5373333459122984,0.522183481632858,0.501240694789082,-0.0057658805204716,-0.006181488393893,0.0047335563724989,0.294821071725043,4,2024,World journal of clinical oncology,7,1,1,0,1,1,,,2024
SIG323,8,0.5795642998221613,0.5867445078365481,0.514704905178944,0.0370555490202283,0.0491494588441804,0.0056176609820204,0.5682819284041006,6,2021,Frontiers in oncology,5,0,0,1,1,1,0.102962962962963,0.2215833806012479,2021
SIG324,8,0.5749266222632659,0.5633960951979805,0.504897205204194,0.0318038733901756,0.0244530049666135,0.0134177095503805,0.3302383397828359,5,2023,Oncology research,3,0,0,1,1,1,,,2023
SIG325,8,0.6271066750364862,0.6071442827368785,0.537039137833239,0.0839839261633959,0.0708352191675379,0.0231668734341976,0.6282459033880219,8,2024,iScience,3,0,0,1,0,1,,,2024
SIG326,8,0.5355057669562843,0.5258005968004464,0.504027760565126,-0.0077081434929581,-0.0096805263640519,0.0040372583120451,0.3848953673107407,3,2021,Frontiers in genetics,9,0,0,1,0,1,,0.1614005080440299,2021
SIG327,8,0.5974543839603378,0.5766155233775769,0.51985111662531,0.0544182623541878,0.0450373759066005,0.016213306734096,0.3954278201021709,7,2024,The Turkish journal of gastroenterology : the official journal of Turkish Society of Gastroenterology,3,0,0,1,0,1,,,2024
SIG328,8,0.5684578015603625,0.558556564403339,0.508195031440058,0.0257316154909468,0.009068632728852,0.0015128447300053,0.3257212337582696,4,2025,Frontiers in immunology,9,0,0,1,1,0,,,2025
SIG329,8,0.5848429677825137,0.5721435325650726,0.50073757093306,0.0416619351657266,0.031375921626018,0.0227839900252796,0.3746679340048716,5,2022,Translational oncology,5,0,0,1,1,1,,0.0905673158340389,2022
SIG330,8,0.5420229201087786,0.5475354061794465,0.505681818181818,-0.0021397200134952,-0.0014644449764729,0.0072888026687455,0.242432143966321,4,2021,Oxidative medicine and cellular longevity,16,0,0,0,1,1,0.236911764705882,,2021
SIG331,8,0.5582644902746565,0.561125534454026,0.502116850127011,0.0159047143419052,0.016800602208003,0.0120095009774226,0.4222670765762319,7,2023,BMC cancer,4,0,0,1,0,1,0.194333333333333,0.246134355275022,2023
SIG332,8,0.5929032062887531,0.578332541414621,0.553963508916607,0.0497804574156628,0.0399479636694244,0.0246544664576049,0.333143478791835,8,2023,Translational cancer research,3,0,1,1,1,0,,,2023
SIG334,8,0.5402371454399577,0.537765387060179,0.502834759303165,-0.0021226304927934,-0.008228694076863,0.0090738390880248,0.2109228584543837,3,2022,Human genomics,4,0,0,1,1,1,,0.301131513647643,2022
SIG335,8,0.5643619878594648,0.540603818439326,0.512701100762066,0.0209608610300424,-0.006530314957777,0.0164739337516318,0.5553608409118623,3,2022,Frontiers in bioengineering and biotechnology,8,0,0,0,1,1,,,2022
SIG336,8,0.5767963741122104,0.5780236376867176,0.502254283137962,0.0336736252391201,0.0401740540771915,0.0126401330889985,0.3759475555562089,5,2022,Frontiers in genetics,3,0,0,0,1,1,,,2022
SIG337,8,0.5619687156262244,0.538603648679855,0.500805552113025,0.0196089396934731,-0.0035986578753279,0.0104737279560876,0.3000580506909227,4,2024,Heliyon,4,0,0,1,1,1,,,2024
SIG338,8,0.548073190966762,0.54166004739029,0.502425345860965,0.0049504420936717,-0.0093415549669159,0.0020024459117457,0.2416472514212492,3,2023,Frontiers in immunology,3,0,0,1,1,1,,0.304019851116625,2023
