sig_id,cohort,n_gene,n_measured,C,flipped,auc5,calib_slope,delta_C,nb,null_median,p_emp,status_r,p_adj,d_rand,d_clin,tcga_train,n_home
SIG002,TCGA_COADREAD,4,4,0.533709257652745,1,0.493628437290409,-0.044697163231551,0.0008960573476702,0.0251868703282418,0.536156896765399,0.531468531468532,ok,0.874142888741429,-0.0024476391126539987,0.0008960573476702,1.0,0
SIG003,TCGA_COADREAD,13,12,0.521873838145991,0,0.464788732394366,-0.17277318997787,0.0007582023711056,0.0219369515762106,0.540029743462635,0.718281718281718,ok,0.929174684296171,-0.018155905316644017,0.0007582023711056,1.0,0
SIG004,TCGA_COADREAD,9,9,0.593010286280828,1,0.673373574782026,0.731087653692424,0.0013096222773643,0.0186870328241794,0.541207088858595,0.0809190809190809,ok,0.499555239281267,0.05180319742223294,0.0013096222773643,1.0,1
SIG005,TCGA_COADREAD,6,6,0.516854628826373,0,0.547619047619048,0.0840405177525994,-0.0010339123242348,0.012187195320117,0.537427190482092,0.758241758241758,ok,0.94092965318298,-0.02057256165571897,-0.0010339123242348,1.0,2
SIG006,TCGA_COADREAD,8,8,0.584830834056265,1,0.580482897384306,0.58234061282586,0.003377446925834,0.0251868703282418,0.54024662287768,0.114885114885115,ok,0.580652991867945,0.04458421117858502,0.003377446925834,1.0,0
SIG009,TCGA_COADREAD,6,6,0.579377865906556,0,0.524144869215292,0.194987285163161,0.0053763440860215,0.012187195320117,0.537427190482092,0.138861138861139,ok,0.624398552267405,0.04195067542446407,0.0053763440860215,1.0,0
SIG012,TCGA_COADREAD,3,3,0.551989094063701,0,0.586183769282361,0.391026892600329,0.0021367521367521,0.0089372765680857,0.538263725368695,0.357642357642358,ok,0.785235816814764,0.013725368695005957,0.0021367521367521,1.0,0
SIG013,TCGA_COADREAD,9,9,0.70182178708638,0,0.712944332662643,0.984210299088944,0.0224703611800386,0.0414364640883978,0.541207088858595,0.0009990009990009,ok,0.0771799628942486,0.16061469822778496,0.0224703611800386,1.0,0
SIG014,TCGA_COADREAD,15,15,0.567728343041269,0,0.585848423876593,0.265436864674786,0.0026192445547284,0.0316867078323042,0.542477382575288,0.246753246753247,ok,0.720346320346321,0.025250960465980965,0.0026192445547284,1.0,0
SIG015,TCGA_COADREAD,3,3,0.55552113025158,1,0.558014755197854,0.233353510624052,0.0024813895781638,0.0316867078323042,0.538263725368695,0.332667332667333,ok,0.770807598571095,0.017257404882884964,0.0024813895781638,1.0,0
SIG018,TCGA_COADREAD,9,9,0.699529061841616,0,0.697518443997317,1.10171558755267,0.0164047422111939,0.0544361390965226,0.541207088858595,0.0009990009990009,ok,0.0771799628942486,0.15832197298302098,0.0164047422111939,1.0,1
SIG019,TCGA_COADREAD,12,12,0.553166439459661,1,0.549966465459423,0.657033739795148,0.0007582023711056,0.0251868703282418,0.540029743462635,0.363636363636364,ok,0.789143440828834,0.013136695997026049,0.0007582023711056,1.0,0
SIG020,TCGA_COADREAD,5,4,0.543561779650514,1,0.56841046277666,0.238534467012045,0.0011028398125172,0.0056873578160546,0.536156896765399,0.406593406593407,ok,0.817419012214551,0.007404882885114983,0.0011028398125172,1.0,0
SIG021,TCGA_COADREAD,10,7,0.577952658321973,0,0.584171696847753,0.312233946509979,0.0047559966914805,0.0219369515762106,0.538604535878052,0.152847152847153,ok,0.643767447505765,0.03934812244392094,0.0047559966914805,1.0,0
SIG022,TCGA_COADREAD,4,4,0.563204858098897,0,0.574111334674715,0.336620564941563,0.0077198786876207,0.0219369515762106,0.536156896765399,0.22977022977023,ok,0.712800223559001,0.02704796133349796,0.0077198786876207,1.0,0
SIG023,TCGA_COADREAD,9,9,0.595674804808527,0,0.587189805499665,1.03397874011974,0.0188172043010753,0.0186870328241794,0.541207088858595,0.0739260739260739,ok,0.494792336376495,0.05446771594993194,0.0188172043010753,1.0,0
SIG024,TCGA_COADREAD,7,7,0.59121328541331,0,0.605298457411133,0.253296409373751,0.0010339123242348,0.012187195320117,0.538604535878052,0.0859140859140859,ok,0.510575139146568,0.05260874953525796,0.0010339123242348,1.0,0
SIG025,TCGA_COADREAD,13,11,0.544181435122072,1,0.513413816230718,0.453588471121495,-0.0020678246484697,0.0154371140721482,0.538852398066675,0.446553446553447,ok,0.831740081224617,0.005329037055397001,-0.0020678246484697,1.0,0
SIG026,TCGA_COADREAD,31,28,0.518961457429669,1,0.631120053655265,0.690528358166639,0.0033085194375517,0.0056873578160546,0.549541454951047,0.828171828171828,ok,0.962930813830557,-0.030579997521377966,0.0033085194375517,1.0,0
SIG028,TCGA_COADREAD,4,4,0.596480356921552,0,0.626425217974514,0.262125147296398,0.0061345464571271,0.0186870328241794,0.536156896765399,0.0579420579420579,ok,0.45021645021645,0.060323460156152975,0.0061345464571271,1.0,1
SIG029,TCGA_COADREAD,5,3,0.55905316643946,0,0.44131455399061,-0.0433440917196643,-0.0019988971601874,0.012187195320117,0.538263725368695,0.296703296703297,ok,0.749099639855942,0.02078944107076497,-0.0019988971601874,1.0,1
SIG030,TCGA_COADREAD,7,7,0.576775312926013,0,0.601609657947686,0.448450535396267,0.000206782464847,0.0219369515762106,0.538604535878052,0.157842157842158,ok,0.648801349707694,0.03817077704796101,0.000206782464847,1.0,0
SIG031,TCGA_COADREAD,4,4,0.505019209319618,1,0.48054996646546,0.0149527112050604,-0.0004824924179762,0.012187195320117,0.536156896765399,0.914085914085914,ok,0.981900639043496,-0.031137687445781048,-0.0004824924179762,1.0,0
SIG032,TCGA_COADREAD,10,10,0.505452968149709,0,0.488262910798122,-0.0510521482240928,0.0022746071133168,0.012187195320117,0.541300037179328,0.939060939060939,ok,0.989563826664372,-0.03584706902961898,0.0022746071133168,1.0,0
SIG033,TCGA_COADREAD,10,10,0.624178956500186,0,0.585177733065057,0.697332668146999,0.0038599393438103,0.0349366265843354,0.541300037179328,0.010989010989011,ok,0.249699879951981,0.082878919320858,0.0038599393438103,1.0,0
SIG034,TCGA_COADREAD,14,14,0.50117734539596,1,0.490610328638498,-0.0663742810256883,0.0002757099531293,0.0024374390640233,0.54201264097162,0.987012987012987,ok,0.996595637372336,-0.04083529557566001,0.0002757099531293,1.0,0
SIG035,TCGA_COADREAD,3,2,0.538914363613831,0,0.533869885982562,0.117195698515171,0.003377446925834,0.0219369515762106,0.536807535010534,0.470529470529471,ok,0.844828478294614,0.0021068286032970285,0.003377446925834,1.0,0
SIG036,TCGA_COADREAD,13,11,0.579191969265089,0,0.610999329309188,0.808346624837863,0.0034463744141164,0.0056873578160546,0.538852398066675,0.163836163836164,ok,0.656315536315536,0.040339571198414026,0.0034463744141164,1.0,2
SIG037,TCGA_COADREAD,14,14,0.592638492997893,0,0.603286384976526,0.281461411155,0.0022746071133168,0.0186870328241794,0.54201264097162,0.0909090909090909,ok,0.527506827936012,0.0506258520262729,0.0022746071133168,1.0,0
SIG038,TCGA_COADREAD,3,3,0.579439831453712,0,0.613346747149564,0.436294024275504,-0.0004135649296939,0.0186870328241794,0.538263725368695,0.141858141858142,ok,0.625749454460711,0.041176106085016984,-0.0004135649296939,1.0,0
SIG039,TCGA_COADREAD,14,14,0.528566117238815,0,0.597250167672703,0.356187881250334,0.006341328921974,0.0056873578160546,0.54201264097162,0.661338661338661,ok,0.91369473593953,-0.013446523732805082,0.006341328921974,1.0,1
SIG040,TCGA_COADREAD,15,12,0.641715206345272,1,0.633802816901409,1.80478404858739,0.0121312379376896,0.044686382840429,0.540029743462635,0.002997002997003,ok,0.15007215007215,0.10168546288263702,0.0121312379376896,1.0,0
SIG041,TCGA_COADREAD,10,9,0.662287768000991,0,0.646210596914822,0.737881945560554,0.0093052109181142,0.028436789080273,0.541207088858595,0.002997002997003,ok,0.15007215007215,0.12108067914239595,0.0093052109181142,1.0,0
SIG043,TCGA_COADREAD,14,13,0.535816086256042,1,0.537894030851777,0.285316006553328,0.0006203473945409,0.0089372765680857,0.542694261990333,0.571428571428571,ok,0.88400539027677,-0.006878175734290948,0.0006203473945409,1.0,0
SIG044,TCGA_COADREAD,3,3,0.604721774693271,0,0.64654594232059,0.484792865716204,0.0059966914805624,0.0251868703282418,0.538263725368695,0.042957042957043,ok,0.423926438524979,0.066458049324576,0.0059966914805624,1.0,0
SIG045,TCGA_COADREAD,6,6,0.504709381583839,0,0.536552649228706,0.0185371446474844,0.0004135649296939,0.012187195320117,0.537427190482092,0.932067932067932,ok,0.985551948051948,-0.03271780889825293,0.0004135649296939,1.0,0
SIG046,TCGA_COADREAD,5,5,0.561036063948445,1,0.508718980549967,0.390291533307523,6.89274882823554e-05,0.0251868703282418,0.538139794274383,0.270729270729271,ok,0.733323931744465,0.022896269674061998,6.89274882823554e-05,1.0,0
SIG047,TCGA_COADREAD,4,4,0.536559672821911,1,0.581824279007378,0.183361371521197,-0.0010339123242348,0.0349366265843354,0.536156896765399,0.496503496503497,ok,0.859504132231405,0.00040277605651195536,-0.0010339123242348,1.0,0
SIG048,TCGA_COADREAD,11,11,0.57256165571942,0,0.559356136820926,0.163155373130129,0.0007582023711056,0.0186870328241794,0.538852398066675,0.215784215784216,ok,0.698779065246131,0.03370925765274502,0.0007582023711056,1.0,1
SIG049,TCGA_COADREAD,14,14,0.605713223447763,0,0.570757880617036,0.659729667183527,0.0014474772539289,0.0186870328241794,0.54201264097162,0.046953046953047,ok,0.427478245660064,0.06370058247614296,0.0014474772539289,1.0,0
SIG050,TCGA_COADREAD,6,5,0.544986987235097,0,0.612005365526492,0.356101338271052,-0.0015164047422111,0.0056873578160546,0.538139794274383,0.424575424575425,ok,0.822976306847275,0.00684719296071401,-0.0015164047422111,1.0,0
SIG052,TCGA_COADREAD,20,19,0.515305490147478,1,0.525486250838364,0.220359080396254,-0.0008271298593878,-0.004062398440039,0.544925021687942,0.83016983016983,ok,0.962930813830557,-0.02961953154046404,-0.0008271298593878,1.0,0
SIG053,TCGA_COADREAD,11,10,0.510038418639237,1,0.527162977867203,0.0908401499061382,-0.0030328094844223,0.0186870328241794,0.541300037179328,0.885114885114885,ok,0.976386286899734,-0.03126161854009091,-0.0030328094844223,1.0,0
SIG054,TCGA_COADREAD,46,43,0.567108687569711,0,0.574782025486251,0.322113979123344,0.0049627791563275,0.0186870328241794,0.553724129384063,0.341658341658342,ok,0.779264469760685,0.013384558185647988,0.0049627791563275,1.0,0
SIG055,TCGA_COADREAD,21,20,0.519705043995538,1,0.520120724346077,0.166559141364345,-0.0009649848359525,0.0251868703282418,0.54523484942372,0.799200799200799,ok,0.954450930630904,-0.025529805428182062,-0.0009649848359525,1.0,0
SIG056,TCGA_COADREAD,7,6,0.595550873714215,1,0.576123407109323,0.418493289986546,0.0006203473945409,0.028436789080273,0.537427190482092,0.0699300699300699,ok,0.481147351376359,0.058123683232123025,0.0006203473945409,1.0,2
SIG057,TCGA_COADREAD,8,8,0.50117734539596,0,0.455063715627096,-0.310900515288794,-0.0007582023711055,0.0089372765680857,0.54024662287768,0.987012987012987,ok,0.996595637372336,-0.039069277481719955,-0.0007582023711055,1.0,0
SIG058,TCGA_COADREAD,24,22,0.533523361011278,1,0.569081153588196,0.260943627541421,-0.0006203473945409,-0.0008124796880078,0.544832073367208,0.628371628371628,ok,0.902813738350492,-0.011308712355930006,-0.0006203473945409,1.0,0
SIG059,TCGA_COADREAD,14,12,0.550997645309208,0,0.587860496311201,0.15705208964694,0.003170664460987,0.0219369515762106,0.540029743462635,0.388611388611389,ok,0.811213177066836,0.010967901846573036,0.003170664460987,1.0,1
SIG060,TCGA_COADREAD,7,5,0.529557565993308,0,0.599262240107311,0.272235154111385,-0.0016542597187758,0.0219369515762106,0.538139794274383,0.618381618381618,ok,0.898014981795863,-0.00858222828107491,-0.0016542597187758,1.0,0
SIG062,TCGA_COADREAD,43,41,0.582476143264345,0,0.60261569416499,0.568629879368795,0.0010339123242348,0.0219369515762106,0.552825628950304,0.182817182817183,ok,0.666223264606014,0.029650514314041088,0.0010339123242348,1.0,1
SIG063,TCGA_COADREAD,19,18,0.658507869624489,0,0.703219315895372,1.82225950012965,0.0081334436173146,0.0381865453363666,0.543654727971248,0.001998001998002,ok,0.108051948051948,0.11485314165324101,0.0081334436173146,0.0,0
SIG064,TCGA_COADREAD,3,3,0.6189738505391,0,0.647216633132126,0.415656921818926,0.0056520540391509,0.0316867078323042,0.538263725368695,0.018981018981019,ok,0.322796700155191,0.08071012517040499,0.0056520540391509,1.0,1
SIG066,TCGA_COADREAD,11,11,0.593815838393853,0,0.596914822266935,0.308124198551473,0.0044113592500689,0.0219369515762106,0.538852398066675,0.0859140859140859,ok,0.510575139146568,0.05496344032717804,0.0044113592500689,1.0,1
SIG067,TCGA_COADREAD,5,5,0.544429297310695,1,0.548960429242119,0.22463463810627,-0.0006892748828232,0.028436789080273,0.538139794274383,0.430569430569431,ok,0.826032724337809,0.0062895030363120386,-0.0006892748828232,0.0,0
SIG069,TCGA_COADREAD,7,7,0.688932953277977,0,0.743460764587525,1.1850853172913,0.0155776123518059,0.0544361390965226,0.538604535878052,0.0009990009990009,ok,0.0771799628942486,0.15032841739992497,0.0155776123518059,1.0,1
SIG071,TCGA_COADREAD,13,13,0.520448630561408,0,0.557344064386318,0.0278608872050729,-0.0003446374414115,0.0089372765680857,0.542694261990333,0.731268731268731,ok,0.933499645364052,-0.022245631428924995,-0.0003446374414115,0.0,2
SIG072,TCGA_COADREAD,15,15,0.566179204362375,0,0.542253521126761,0.791114241921313,6.89274882823554e-05,0.0154371140721482,0.542477382575288,0.25974025974026,ok,0.731601731601732,0.02370182178708702,6.89274882823554e-05,1.0,1
SIG073,TCGA_COADREAD,16,16,0.595860701449994,0,0.655264922870557,1.31916231134324,0.0034463744141164,0.0316867078323042,0.542973106952534,0.0659340659340659,ok,0.47041085563513,0.052887594497460055,0.0034463744141164,1.0,0
SIG074,TCGA_COADREAD,11,11,0.547961333498575,1,0.544936284372904,0.361605347240421,0.0024124620898815,0.0251868703282418,0.538852398066675,0.40959040959041,ok,0.81857536402991,0.009108935431900056,0.0024124620898815,1.0,1
SIG078,TCGA_COADREAD,6,6,0.56977320609741,1,0.573775989268947,0.555552980671465,0.0100634132892198,0.028436789080273,0.537427190482092,0.196803196803197,ok,0.677905533956489,0.032346015615318024,0.0100634132892198,1.0,1
SIG079,TCGA_COADREAD,5,5,0.580617176849672,0,0.650234741784038,0.543634214824945,0.0028949545078578,0.0154371140721482,0.538139794274383,0.128871128871129,ok,0.607086293497443,0.04247738257528899,0.0028949545078578,1.0,1
SIG080,TCGA_COADREAD,8,8,0.608129879786839,0,0.607310529845741,0.811795093631298,0.0092362834298318,0.0251868703282418,0.54024662287768,0.02997002997003,ok,0.373451433359267,0.06788325690915897,0.0092362834298318,1.0,1
SIG081,TCGA_COADREAD,5,5,0.685710744825877,0,0.697853789403085,1.19588388857765,0.0263992280121312,0.0576860578485538,0.538139794274383,0.0009990009990009,ok,0.0771799628942486,0.14757095055149405,0.0263992280121312,1.0,0
SIG082,TCGA_COADREAD,6,6,0.605279464617673,0,0.635814889336016,0.46862668768011,0.0073063137579266,0.0186870328241794,0.537427190482092,0.045954045954046,ok,0.427478245660064,0.06785227413558104,0.0073063137579266,1.0,1
SIG084,TCGA_COADREAD,15,15,0.621948196802578,0,0.675385647216633,0.690637028719218,0.011373035566584,0.028436789080273,0.542477382575288,0.016983016983017,ok,0.3001443001443,0.07947081422728997,0.011373035566584,1.0,2
SIG085,TCGA_COADREAD,7,7,0.582600074358657,0,0.616029510395708,0.393321560444996,0.0084091535704439,0.028436789080273,0.538604535878052,0.116883116883117,ok,0.589649156813336,0.043995538480605,0.0084091535704439,1.0,1
SIG086,TCGA_COADREAD,5,5,0.5273268062957,0,0.532863849765258,0.444778234702527,0.003997794320375,0.0219369515762106,0.538139794274383,0.646353646353646,ok,0.911705925790433,-0.01081298797868302,0.003997794320375,1.0,0
SIG087,TCGA_COADREAD,5,5,0.567294584211179,0,0.552984574111335,0.348978769299286,0.0021367521367521,0.0154371140721482,0.538139794274383,0.206793206793207,ok,0.686882799352237,0.02915478993679599,0.0021367521367521,1.0,0
SIG088,TCGA_COADREAD,6,6,0.592142768620647,0,0.505365526492287,0.202320951373074,0.0034463744141164,0.028436789080273,0.537427190482092,0.0769230769230769,ok,0.495767761650115,0.05471557813855499,0.0034463744141164,1.0,0
SIG089,TCGA_COADREAD,5,5,0.6066427066551,0,0.600603621730382,0.593632566953327,0.0004135649296939,0.028436789080273,0.538139794274383,0.034965034965035,ok,0.385899814471243,0.06850291238071704,0.0004135649296939,1.0,0
SIG090,TCGA_COADREAD,4,4,0.521625975957368,0,0.537894030851777,0.0296357850641163,-0.0007582023711055,0.012187195320117,0.536156896765399,0.68031968031968,ok,0.915671685208768,-0.014530920808030978,-0.0007582023711055,0.0,0
SIG093,TCGA_COADREAD,9,9,0.563886479117611,0,0.557679409792086,0.168775635346737,0.0026881720430107,0.0186870328241794,0.541207088858595,0.272727272727273,ok,0.733323931744465,0.022679390259015997,0.0026881720430107,1.0,0
SIG095,TCGA_COADREAD,18,18,0.619221712727723,0,0.610663983903421,0.672457460001947,0.0052384891094569,0.0349366265843354,0.543654727971248,0.015984015984016,ok,0.296032734388899,0.07556698475647494,0.0052384891094569,1.0,0
SIG097,TCGA_COADREAD,14,14,0.523856735654976,0,0.527498323272971,0.0316097599434494,-0.0001378549765646,0.0089372765680857,0.54201264097162,0.713286713286713,ok,0.928530902606755,-0.018155905316644017,-0.0001378549765646,1.0,1
SIG098,TCGA_COADREAD,5,5,0.549014747800223,0,0.578806170355466,0.122256195674371,-0.0004135649296939,0.0251868703282418,0.538139794274383,0.393606393606394,ok,0.811213177066836,0.010874953525840003,-0.0004135649296939,1.0,1
SIG099,TCGA_COADREAD,11,11,0.620337092576528,0,0.623407109322602,0.440354205494941,0.0089605734767025,0.0349366265843354,0.538852398066675,0.020979020979021,ok,0.33968426782798,0.08148469450985307,0.0089605734767025,0.0,3
SIG101,TCGA_COADREAD,10,8,0.524786218862313,0,0.530516431924883,0.0565231357099697,0.0,0.0251868703282418,0.54024662287768,0.673326673326673,ok,0.913912434870519,-0.015460404015366969,0.0,1.0,2
SIG102,TCGA_COADREAD,4,4,0.546226298178213,0,0.546277665995976,0.206793331841971,0.0008271298593879,0.0219369515762106,0.536156896765399,0.37962037962038,ok,0.801322019120614,0.010069401412813983,0.0008271298593879,1.0,0
SIG107,TCGA_COADREAD,15,15,0.507249969017226,1,0.536217303822938,0.445315461785587,0.0004824924179762,0.0154371140721482,0.542477382575288,0.919080919080919,ok,0.982678847447531,-0.035227413558062026,0.0004824924179762,1.0,4
SIG108,TCGA_COADREAD,15,14,0.534762671954393,0,0.573440643863179,0.262626886927864,0.0005514199062586,0.0024374390640233,0.54201264097162,0.572427572427572,ok,0.88400539027677,-0.007249969017227076,0.0005514199062586,1.0,1
SIG110,TCGA_COADREAD,9,9,0.50954269426199,1,0.513413816230718,0.253874724503956,0.0005514199062586,0.0219369515762106,0.541207088858595,0.873126873126873,ok,0.972423230725814,-0.03166439459660508,0.0005514199062586,1.0,0
SIG111,TCGA_COADREAD,13,12,0.649460899739745,0,0.645875251509054,0.731890598363228,0.0226771436448856,0.0316867078323042,0.540029743462635,0.001998001998002,ok,0.108051948051948,0.10943115627710998,0.0226771436448856,1.0,0
SIG113,TCGA_COADREAD,10,10,0.586379972735159,0,0.580818242790074,0.675061040599926,0.0,0.0251868703282418,0.541300037179328,0.124875124875125,ok,0.602968460111317,0.04507993555583101,0.0,1.0,1
SIG114,TCGA_COADREAD,20,14,0.547651505762796,0,0.496981891348089,0.237974313848954,0.0017231872070582,0.012187195320117,0.54201264097162,0.448551448551449,ok,0.833024118738405,0.005638864791175924,0.0017231872070582,1.0,0
SIG116,TCGA_COADREAD,5,5,0.561221960589912,0,0.5700871898055,0.357905240030303,0.0053763440860215,0.0219369515762106,0.538139794274383,0.268731268731269,ok,0.733323931744465,0.023082166315529062,0.0053763440860215,1.0,1
SIG117,TCGA_COADREAD,4,3,0.575412070888586,0,0.599597585513079,0.425787361524995,0.0046181417149159,0.0251868703282418,0.538263725368695,0.161838161838162,ok,0.654126142915381,0.03714834551989099,0.0046181417149159,1.0,1
SIG118,TCGA_COADREAD,15,14,0.513570454827116,1,0.449698189134809,0.256028095201318,0.0022056796250344,0.0219369515762106,0.54201264097162,0.85014985014985,ok,0.9671735299876,-0.028442186144504,0.0022056796250344,1.0,1
SIG119,TCGA_COADREAD,10,10,0.593691907299542,0,0.581824279007378,0.412219318558269,0.0036531568789632,0.0251868703282418,0.541300037179328,0.0859140859140859,ok,0.510575139146568,0.05239187012021407,0.0036531568789632,1.0,0
SIG120,TCGA_COADREAD,4,3,0.516296938901971,1,0.489268947015426,0.0889663822372787,-0.0033085194375517,0.0024374390640233,0.538263725368695,0.765234765234765,ok,0.943056943056943,-0.02196678646672401,-0.0033085194375517,1.0,0
SIG121,TCGA_COADREAD,6,6,0.55552113025158,1,0.581824279007378,0.331852924896011,-0.0002757099531292,0.0186870328241794,0.537427190482092,0.311688311688312,ok,0.753407228252771,0.018093939769488032,-0.0002757099531292,1.0,0
SIG122,TCGA_COADREAD,8,8,0.531974222332383,1,0.526492287055667,0.327180812963861,-0.0002067824648469,0.028436789080273,0.54024662287768,0.592407592407592,ok,0.88795461744464,-0.008272400545296987,-0.0002067824648469,1.0,1
SIG124,TCGA_COADREAD,4,4,0.652497211550378,0,0.610999329309188,0.705023199632727,0.0075130962227736,0.0316867078323042,0.536156896765399,0.0009990009990009,ok,0.0771799628942486,0.11634031478497897,0.0075130962227736,1.0,0
SIG125,TCGA_COADREAD,4,4,0.583343660924526,1,0.585848423876593,0.523563197796301,0.0044802867383513,0.0251868703282418,0.536156896765399,0.0969030969030969,ok,0.54025974025974,0.04718676415912704,0.0044802867383513,1.0,0
SIG126,TCGA_COADREAD,4,3,0.554591647044243,1,0.529510395707579,0.203893185822533,0.0051006341328923,0.028436789080273,0.538263725368695,0.342657342657343,ok,0.779264469760685,0.016327921675547974,0.0051006341328923,1.0,0
SIG128,TCGA_COADREAD,11,11,0.514933696864543,0,0.545271629778672,0.32910870013994,0.0027570995312931,0.0186870328241794,0.538852398066675,0.819180819180819,ok,0.95890256929218,-0.02391870120213191,0.0027570995312931,1.0,0
SIG129,TCGA_COADREAD,9,9,0.559548890816706,0,0.587525150905433,0.200810686594797,0.0010339123242348,0.0316867078323042,0.541207088858595,0.307692307692308,ok,0.753407228252771,0.01834180195811097,0.0010339123242348,1.0,0
SIG130,TCGA_COADREAD,9,9,0.596790184657331,0,0.6140174379611,0.336249175859739,0.0048249241797628,0.0186870328241794,0.541207088858595,0.0719280719280719,ok,0.48990807680984,0.05558309579873599,0.0048249241797628,1.0,0
SIG132,TCGA_COADREAD,5,4,0.573800966662536,1,0.673708920187793,0.75956622403822,0.0064102564102563,0.0479363015924602,0.536156896765399,0.141858141858142,ok,0.625749454460711,0.03764406989713698,0.0064102564102563,1.0,1
SIG133,TCGA_COADREAD,5,5,0.600384186392366,0,0.560697518443997,0.620126196653433,0.0073063137579266,0.028436789080273,0.538139794274383,0.0529470529470529,ok,0.441879108545775,0.06224439211798305,0.0073063137579266,1.0,1
SIG134,TCGA_COADREAD,8,7,0.500247862188623,1,0.518779342723005,-0.0813776190679819,-0.0005514199062586,-0.0008124796880078,0.538604535878052,0.998001998001998,ok,1.0,-0.038356673689428966,-0.0005514199062586,1.0,0
SIG135,TCGA_COADREAD,3,2,0.546102367083901,0,0.581824279007378,0.141069640458918,-0.0003446374414115,0.0154371140721482,0.536807535010534,0.38961038961039,ok,0.811213177066836,0.00929483207336701,-0.0003446374414115,1.0,0
SIG136,TCGA_COADREAD,9,9,0.654604040153675,0,0.690476190476191,0.926705994766211,0.0184725668596637,0.0316867078323042,0.541207088858595,0.003996003996004,ok,0.163715072805982,0.11339695129507998,0.0184725668596637,1.0,2
SIG138,TCGA_COADREAD,5,5,0.558247614326435,0,0.572769953051643,0.292298949159011,0.0014474772539289,0.0056873578160546,0.538139794274383,0.306693306693307,ok,0.753407228252771,0.020107820052052028,0.0014474772539289,0.0,1
SIG139,TCGA_COADREAD,4,4,0.501673069773206,1,0.471160295103957,-0.0983437202307394,-0.0012406947890818,0.0056873578160546,0.536156896765399,0.97002997002997,ok,0.996331023236853,-0.03448382699219299,-0.0012406947890818,1.0,1
SIG140,TCGA_COADREAD,6,6,0.554839509232867,0,0.502347417840376,-0.194549382082043,-0.0012406947890818,0.0251868703282418,0.537427190482092,0.315684315684316,ok,0.753407228252771,0.01741231875077498,-0.0012406947890818,1.0,1
SIG141,TCGA_COADREAD,7,7,0.531912256785228,0,0.546948356807512,0.244271272304714,0.0051695616211745,0.0154371140721482,0.538604535878052,0.579420579420579,ok,0.884172261147431,-0.006692279092823994,0.0051695616211745,1.0,3
SIG142,TCGA_COADREAD,12,12,0.512207212789689,0,0.528504359490275,-0.0203535777978816,0.0002757099531293,0.012187195320117,0.540029743462635,0.847152847152847,ok,0.9671735299876,-0.027822530672946044,0.0002757099531293,1.0,0
SIG143,TCGA_COADREAD,6,6,0.620832816953774,1,0.555667337357478,0.54524251254492,0.0022056796250344,0.028436789080273,0.537427190482092,0.014985014985015,ok,0.285348454362539,0.08340562647168204,0.0022056796250344,0.0,1
SIG144,TCGA_COADREAD,3,3,0.584706902961953,0,0.595238095238095,0.457078069597889,0.0012406947890819,0.0186870328241794,0.538263725368695,0.107892107892108,ok,0.563205134633706,0.046443177593258,0.0012406947890819,1.0,1
SIG146,TCGA_COADREAD,3,3,0.660738629322097,0,0.705902079141516,0.468740959012363,0.0161290322580645,0.0251868703282418,0.538263725368695,0.0009990009990009,ok,0.0771799628942486,0.12247490395340199,0.0161290322580645,1.0,0
SIG147,TCGA_COADREAD,3,3,0.551741231875077,1,0.535546613011402,0.292586040983991,0.0007582023711056,0.012187195320117,0.538263725368695,0.357642357642358,ok,0.785235816814764,0.013477506506381909,0.0007582023711056,1.0,0
SIG148,TCGA_COADREAD,8,7,0.66334118230264,0,0.606639839034205,0.730642444999098,0.0047559966914805,0.0316867078323042,0.538604535878052,0.0009990009990009,ok,0.0771799628942486,0.12473664642458804,0.0047559966914805,1.0,1
SIG149,TCGA_COADREAD,8,7,0.638492997893171,0,0.616700201207244,0.795589688268159,0.0074441687344912,0.0381865453363666,0.538604535878052,0.001998001998002,ok,0.108051948051948,0.09988846201511903,0.0074441687344912,1.0,1
SIG150,TCGA_COADREAD,10,10,0.528256289503036,1,0.567404426559356,0.187898555593213,-0.0001378549765646,0.0024374390640233,0.541300037179328,0.662337662337662,ok,0.91369473593953,-0.013043747676291906,-0.0001378549765646,1.0,0
SIG151,TCGA_COADREAD,8,8,0.516358904449126,0,0.537558685446009,0.174288724427153,-0.0012406947890818,-0.0008124796880078,0.54024662287768,0.79020979020979,ok,0.95134785072452,-0.023887718428553972,-0.0012406947890818,1.0,0
SIG152,TCGA_COADREAD,8,7,0.67523856735655,0,0.643527833668679,1.37107710125918,0.0238489109456852,0.0349366265843354,0.538604535878052,0.0009990009990009,ok,0.0771799628942486,0.13663403147849795,0.0238489109456852,1.0,0
SIG153,TCGA_COADREAD,8,8,0.514623869128764,0,0.519114688128773,0.159147522151806,-0.0011717673007996,0.0154371140721482,0.54024662287768,0.818181818181818,ok,0.95890256929218,-0.025622753748915983,-0.0011717673007996,1.0,0
SIG154,TCGA_COADREAD,3,3,0.561036063948445,0,0.562374245472837,0.419522893915956,6.89274882823554e-05,0.0251868703282418,0.538263725368695,0.280719280719281,ok,0.737672434465437,0.022772338579749918,6.89274882823554e-05,1.0,2
SIG155,TCGA_COADREAD,9,8,0.536311810633288,0,0.517437961099933,0.191760380498397,0.003584229390681,0.0154371140721482,0.54024662287768,0.544455544455544,ok,0.877358636595824,-0.003934812244391961,0.003584229390681,1.0,0
SIG156,TCGA_COADREAD,5,5,0.586875697112406,1,0.629778672032193,0.409802590151591,0.0030328094844224,0.0186870328241794,0.538139794274383,0.101898101898102,ok,0.545608846598946,0.04873590283802298,0.0030328094844224,1.0,2
SIG157,TCGA_COADREAD,5,5,0.629446028008427,0,0.594567404426559,0.805463059304606,0.0087537910118555,0.0414364640883978,0.538139794274383,0.011988011988012,ok,0.261416003351487,0.091306233734044,0.0087537910118555,1.0,0
SIG159,TCGA_COADREAD,6,6,0.554901474780022,1,0.603286384976526,0.121659248314057,-0.0013785497656464,0.0219369515762106,0.537427190482092,0.315684315684316,ok,0.753407228252771,0.017474284297930076,-0.0013785497656464,1.0,0
SIG161,TCGA_COADREAD,4,4,0.602367083901351,0,0.518108651911469,0.408502591446663,0.0096498483595257,0.0251868703282418,0.536156896765399,0.041958041958042,ok,0.418651459241865,0.06621018713595195,0.0096498483595257,1.0,0
SIG163,TCGA_COADREAD,4,4,0.68552484818441,0,0.687458081824279,0.803481118623226,0.0190239867659223,0.0414364640883978,0.536156896765399,0.0009990009990009,ok,0.0771799628942486,0.14936795141901094,0.0190239867659223,1.0,0
SIG164,TCGA_COADREAD,4,4,0.575721898624365,0,0.62709590878605,0.247702833838909,0.0060656189688448,0.0154371140721482,0.536156896765399,0.132867132867133,ok,0.617307091533896,0.03956500185896594,0.0060656189688448,1.0,1
SIG166,TCGA_COADREAD,3,3,0.605341430164828,0,0.667002012072435,0.775037307224055,0.0137165701681832,0.0381865453363666,0.538263725368695,0.042957042957043,ok,0.423926438524979,0.06707770479613295,0.0137165701681832,1.0,0
SIG167,TCGA_COADREAD,3,3,0.51146362622382,1,0.505700871898055,0.223035094304325,-0.0002757099531292,0.0089372765680857,0.538263725368695,0.829170829170829,ok,0.962930813830557,-0.026800099144875023,-0.0002757099531292,1.0,3
SIG168,TCGA_COADREAD,9,9,0.636757962572809,0,0.649228705566734,0.386697786750379,0.011373035566584,0.0251868703282418,0.541207088858595,0.0069930069930069,ok,0.205533596837945,0.095550873714214,0.011373035566584,1.0,0
SIG170,TCGA_COADREAD,6,6,0.528008427314413,0,0.498993963782696,0.0223054763574746,-6.89274882823554e-05,0.0089372765680857,0.537427190482092,0.616383616383616,ok,0.897523585730371,-0.009418763167678978,-6.89274882823554e-05,1.0,1
SIG171,TCGA_COADREAD,4,4,0.599454703185029,1,0.594902749832327,0.71188193030632,0.0043424317617866,0.0576860578485538,0.536156896765399,0.0529470529470529,ok,0.441879108545775,0.06329780641963001,0.0043424317617866,1.0,0
SIG172,TCGA_COADREAD,6,6,0.548085264592887,1,0.572434607645875,0.547319761527537,0.0002757099531293,0.0154371140721482,0.537427190482092,0.387612387612388,ok,0.811213177066836,0.010658074110795002,0.0002757099531293,1.0,1
SIG173,TCGA_COADREAD,5,5,0.541888709877308,0,0.574782025486251,0.0938494933216571,-0.0003446374414115,0.0251868703282418,0.538139794274383,0.457542457542458,ok,0.837894404988134,0.003748915602925007,-0.0003446374414115,1.0,1
SIG175,TCGA_COADREAD,6,5,0.512579006072624,1,0.471160295103957,0.0037236798949066,0.0004824924179762,0.028436789080273,0.538139794274383,0.827172827172827,ok,0.962930813830557,-0.025560788201759,0.0004824924179762,1.0,0
SIG176,TCGA_COADREAD,8,8,0.625418267443302,1,0.618376928236083,0.581678148822521,0.0077198786876207,0.0414364640883978,0.54024662287768,0.010989010989011,ok,0.249699879951981,0.08517164456562198,0.0077198786876207,1.0,0
SIG177,TCGA_COADREAD,14,14,0.557565993307721,0,0.542588866532529,0.528260333979728,0.0028949545078578,0.0349366265843354,0.54201264097162,0.345654345654346,ok,0.782133347823724,0.015553352336101,0.0028949545078578,1.0,1
SIG178,TCGA_COADREAD,3,3,0.618664022803321,1,0.647887323943662,0.577629523705432,0.0077198786876207,0.0381865453363666,0.538263725368695,0.01998001998002,ok,0.333493666827,0.08040029743462596,0.0077198786876207,1.0,1
SIG179,TCGA_COADREAD,12,12,0.540091709009791,0,0.535546613011402,-0.185388762329224,-0.0011028398125172,0.0056873578160546,0.540029743462635,0.500499500499501,ok,0.86258534439212,6.196554715598435e-05,-0.0011028398125172,1.0,0
SIG180,TCGA_COADREAD,5,5,0.508489279960342,0,0.467136150234742,0.0358717377705669,6.89274882823554e-05,0.0089372765680857,0.538139794274383,0.893106893106893,ok,0.980097824253668,-0.029650514314040977,6.89274882823554e-05,1.0,0
SIG181,TCGA_COADREAD,5,5,0.522307596976081,1,0.476861167002012,0.09190524125408,-6.89274882823554e-05,0.0381865453363666,0.538139794274383,0.697302697302697,ok,0.925629108250611,-0.015832197298301987,-6.89274882823554e-05,1.0,1
SIG182,TCGA_COADREAD,3,3,0.558495476515058,0,0.523474178403756,0.173335905768367,0.0015164047422111,0.0154371140721482,0.538263725368695,0.2997002997003,ok,0.749666614606485,0.020231751146362997,0.0015164047422111,1.0,0
SIG183,TCGA_COADREAD,4,4,0.628640475895402,0,0.653923541247485,0.586202543556417,0.0059966914805624,0.0186870328241794,0.536156896765399,0.004995004995005,ok,0.182520182520183,0.09248357913000294,0.0059966914805624,1.0,0
SIG184,TCGA_COADREAD,3,3,0.545606642706655,1,0.534540576794098,0.155799050504406,-0.0005514199062586,0.0186870328241794,0.538263725368695,0.421578421578422,ok,0.820868786386028,0.007342917337959998,-0.0005514199062586,1.0,0
SIG185,TCGA_COADREAD,22,21,0.614016606766638,1,0.589872568745808,1.05297589199861,0.0033085194375517,0.0316867078323042,0.546722022555459,0.021978021978022,ok,0.349579831932773,0.06729458421117906,0.0033085194375517,1.0,0
SIG187,TCGA_COADREAD,4,4,0.517288387656463,0,0.552313883299799,0.0236354554687895,-0.0002757099531292,0.028436789080273,0.536156896765399,0.738261738261738,ok,0.935016271784422,-0.018868509108936005,-0.0002757099531292,1.0,2
SIG188,TCGA_COADREAD,6,6,0.521687941504523,1,0.46747149564051,-0.0135694119068448,-0.0003446374414115,0.0056873578160546,0.537427190482092,0.683316683316683,ok,0.917422200441068,-0.015739248977568954,-0.0003446374414115,1.0,1
SIG189,TCGA_COADREAD,6,5,0.551989094063701,0,0.571428571428571,0.237107422803733,0.0013785497656465,0.0251868703282418,0.538139794274383,0.360639360639361,ok,0.785792772899944,0.013849299789318037,0.0013785497656465,1.0,1
SIG190,TCGA_COADREAD,7,7,0.557504027760565,0,0.540241448692153,0.349950259250978,-0.002550317066446,0.028436789080273,0.538604535878052,0.310689310689311,ok,0.753407228252771,0.018899491882512942,-0.002550317066446,1.0,1
SIG191,TCGA_COADREAD,3,2,0.521440079315901,0,0.517102615694165,0.0751791775857486,0.0011717673007996,0.012187195320117,0.536807535010534,0.688311688311688,ok,0.919562650787947,-0.015367455694633048,0.0011717673007996,0.0,0
SIG192,TCGA_COADREAD,3,3,0.626037922914859,1,0.620724346076459,0.578103351044569,0.0091673559415494,0.044686382840429,0.538263725368695,0.010989010989011,ok,0.249699879951981,0.087774197546164,0.0091673559415494,1.0,0
SIG193,TCGA_COADREAD,7,6,0.531540463502293,0,0.568745808182428,0.114463476503857,0.0043424317617866,0.0186870328241794,0.537427190482092,0.566433566433567,ok,0.88400539027677,-0.005886726979798973,0.0043424317617866,1.0,2
SIG194,TCGA_COADREAD,6,6,0.644007931590036,1,0.66934942991281,0.644584860626138,0.0073063137579266,0.0251868703282418,0.537427190482092,0.002997002997003,ok,0.15007215007215,0.10658074110794402,0.0073063137579266,1.0,1
SIG195,TCGA_COADREAD,12,12,0.606456810013632,0,0.626425217974514,0.689203137908845,0.011166253101737,0.0349366265843354,0.540029743462635,0.045954045954046,ok,0.427478245660064,0.06642706655099706,0.011166253101737,1.0,1
SIG196,TCGA_COADREAD,4,4,0.569835171644566,0,0.577129443326626,0.365235420555524,-0.0013096222773642,0.0089372765680857,0.536156896765399,0.168831168831169,ok,0.66548029230245,0.03367827487916697,-0.0013096222773642,1.0,0
SIG198,TCGA_COADREAD,3,3,0.505081174866774,1,0.477531857813548,0.0949845002292354,-0.0003446374414115,-0.0008124796880078,0.538263725368695,0.921078921078921,ok,0.983161948461633,-0.03318255050192109,-0.0003446374414115,1.0,1
SIG199,TCGA_COADREAD,5,5,0.60193332507126,0,0.641851106639839,0.546239370404921,0.0032395919492693,0.0186870328241794,0.538139794274383,0.044955044955045,ok,0.427478245660064,0.063793530796877,0.0032395919492693,1.0,0
SIG200,TCGA_COADREAD,3,3,0.627834923782377,0,0.588195841716969,0.384681724184202,0.011373035566584,0.0251868703282418,0.538263725368695,0.0089910089910089,ok,0.231539888682746,0.089571198413682,0.011373035566584,1.0,0
SIG201,TCGA_COADREAD,4,4,0.508551245507498,1,0.449362843729041,-0.0361006502410158,0.000206782464847,-0.0073123171920702,0.536156896765399,0.863136863136863,ok,0.969639417499825,-0.027605651257901043,0.000206782464847,1.0,0
SIG202,TCGA_COADREAD,29,29,0.531974222332383,0,0.530181086519115,0.0603656740863725,6.89274882823554e-05,0.012187195320117,0.546876936423349,0.678321678321678,ok,0.914347865494426,-0.014902714090965996,6.89274882823554e-05,1.0,0
SIG203,TCGA_COADREAD,5,5,0.572499690172264,1,0.640845070422535,0.842684980857271,0.0023435346015992,0.0414364640883978,0.538139794274383,0.173826173826174,ok,0.666223264606014,0.03435989589788102,0.0023435346015992,1.0,0
SIG204,TCGA_COADREAD,3,3,0.645371173627463,0,0.657276995305164,0.64202787566645,0.0153019023986767,0.0186870328241794,0.538263725368695,0.003996003996004,ok,0.163715072805982,0.10710744825876795,0.0153019023986767,0.0,0
SIG206,TCGA_COADREAD,11,11,0.531912256785228,0,0.566063044936284,0.330207463454552,0.0007582023711056,0.028436789080273,0.538852398066675,0.585414585414585,ok,0.88631637119879,-0.006940141281446932,0.0007582023711056,1.0,2
SIG207,TCGA_COADREAD,13,13,0.653426694757715,0,0.603957075788062,1.14078058554867,0.0127515853322305,0.044686382840429,0.542694261990333,0.0009990009990009,ok,0.0771799628942486,0.11073243276738198,0.0127515853322305,1.0,1
SIG208,TCGA_COADREAD,7,7,0.651072003965795,0,0.624077800134138,0.741014432485037,0.0093052109181142,0.0414364640883978,0.538604535878052,0.0009990009990009,ok,0.0771799628942486,0.112467468087743,0.0093052109181142,1.0,0
SIG209,TCGA_COADREAD,5,5,0.592204734167803,1,0.539570757880617,0.364706126388175,-0.0006892748828232,0.028436789080273,0.538139794274383,0.0819180819180819,ok,0.503423848878394,0.05406493989341998,-0.0006892748828232,1.0,0
SIG210,TCGA_COADREAD,13,13,0.597285909034577,0,0.617706237424547,0.371501063741087,0.0053763440860215,0.0251868703282418,0.542694261990333,0.0659340659340659,ok,0.47041085563513,0.05459164704424402,0.0053763440860215,0.0,0
SIG211,TCGA_COADREAD,4,4,0.535134465237328,0,0.514084507042254,0.10704863657601,-0.0003446374414115,0.0219369515762106,0.536156896765399,0.516483516483517,ok,0.866422741345342,-0.0010224315280710217,-0.0003446374414115,1.0,0
SIG212,TCGA_COADREAD,3,3,0.52261742471186,0,0.591549295774648,0.0523108959049145,-0.0006892748828232,0.0186870328241794,0.538263725368695,0.676323676323676,ok,0.913912434870519,-0.015646300656835033,-0.0006892748828232,1.0,1
SIG213,TCGA_COADREAD,5,5,0.596790184657331,0,0.628101945003354,0.41312713607201,0.0082712985938793,0.0316867078323042,0.538139794274383,0.0669330669330669,ok,0.47503153014964,0.05865039038294806,0.0082712985938793,1.0,0
SIG214,TCGA_COADREAD,5,5,0.603048704920064,1,0.59121395036888,0.59895321067585,0.0041356492969396,0.028436789080273,0.538139794274383,0.041958041958042,ok,0.418651459241865,0.06490891064568105,0.0041356492969396,1.0,0
SIG215,TCGA_COADREAD,4,4,0.555892923534515,1,0.528169014084507,0.405387855472309,-0.0013096222773642,0.0154371140721482,0.536156896765399,0.293706293706294,ok,0.748521977551195,0.01973602676911601,-0.0013096222773642,1.0,0
SIG216,TCGA_COADREAD,4,4,0.613706779030859,0,0.563715627095909,0.655902279179304,0.0075130962227736,0.0349366265843354,0.536156896765399,0.018981018981019,ok,0.322796700155191,0.07754988226546,0.0075130962227736,1.0,0
SIG217,TCGA_COADREAD,8,8,0.590221836658818,0,0.601609657947686,0.316893665709141,0.0013785497656465,0.0251868703282418,0.54024662287768,0.0929070929070929,ok,0.533377450574903,0.049975213781138006,0.0013785497656465,1.0,0
SIG218,TCGA_COADREAD,4,4,0.576589416284546,0,0.569751844399732,0.329623848821363,-0.0002757099531292,0.0154371140721482,0.536156896765399,0.12987012987013,ok,0.60966810966811,0.04043251951914695,-0.0002757099531292,1.0,3
SIG221,TCGA_COADREAD,4,4,0.536001982897509,0,0.530516431924883,0.169449286746251,0.0022746071133168,0.0219369515762106,0.536156896765399,0.504495504495505,ok,0.86258534439212,-0.00015491386789001638,0.0022746071133168,1.0,0
SIG222,TCGA_COADREAD,3,3,0.556574544553229,1,0.521462105969148,0.364498741717486,0.0055831265508685,0.0414364640883978,0.538263725368695,0.322677322677323,ok,0.76136080324562,0.018310819184533922,0.0055831265508685,0.0,0
SIG223,TCGA_COADREAD,4,4,0.511339695129508,1,0.504024144869215,0.173431404757684,6.89274882823554e-05,0.0349366265843354,0.536156896765399,0.817182817182817,ok,0.95890256929218,-0.024817201635890962,6.89274882823554e-05,1.0,0
SIG224,TCGA_COADREAD,3,3,0.631924649894659,0,0.613346747149564,0.392004748734478,0.0108216156603254,0.0186870328241794,0.538263725368695,0.0069930069930069,ok,0.205533596837945,0.09366092452596397,0.0108216156603254,1.0,1
SIG225,TCGA_COADREAD,5,5,0.567604411946958,0,0.557344064386318,0.519194622623292,0.0006203473945409,0.0219369515762106,0.538139794274383,0.202797202797203,ok,0.684552714366379,0.029464617672575022,0.0006203473945409,1.0,1
SIG226,TCGA_COADREAD,5,4,0.665138183170157,0,0.680415828303152,0.689247591075252,0.01392335263303,0.0381865453363666,0.536156896765399,0.0009990009990009,ok,0.0771799628942486,0.12898128640475803,0.01392335263303,1.0,0
SIG228,TCGA_COADREAD,6,6,0.529991324823398,0,0.538229376257545,0.0792375654633351,0.000206782464847,0.0251868703282418,0.537427190482092,0.588411588411588,ok,0.886903858523224,-0.00743586565869403,0.000206782464847,1.0,0
SIG229,TCGA_COADREAD,4,4,0.624798611971744,0,0.639503688799463,0.409916468971768,0.0153019023986767,0.0349366265843354,0.536156896765399,0.0059940059940059,ok,0.2000962000962,0.088641715206345,0.0153019023986767,1.0,0
SIG230,TCGA_COADREAD,16,15,0.549634403271781,1,0.552313883299799,0.394358400748212,-0.0004824924179762,0.0219369515762106,0.542477382575288,0.412587412587413,ok,0.819472924736083,0.007157020696493044,-0.0004824924179762,1.0,1
SIG231,TCGA_COADREAD,3,3,0.504399553848061,0,0.517437961099933,0.0135256784019176,-0.0010339123242348,-0.0073123171920702,0.538263725368695,0.936063936063936,ok,0.987945699889494,-0.033864171520634034,-0.0010339123242348,1.0,0
SIG232,TCGA_COADREAD,7,7,0.618416160614698,0,0.605969148222669,0.596407470893309,0.0112351805900193,0.0316867078323042,0.538604535878052,0.013986013986014,ok,0.276045122760451,0.07981162473664594,0.0112351805900193,1.0,1
SIG233,TCGA_COADREAD,10,10,0.570392861568968,1,0.575452716297787,0.440353892343715,0.0015164047422111,0.012187195320117,0.541300037179328,0.22977022977023,ok,0.712800223559001,0.029092824389640004,0.0015164047422111,1.0,1
SIG234,TCGA_COADREAD,13,12,0.62015119593506,0,0.574782025486251,0.736952660163357,0.0093741384063965,0.028436789080273,0.540029743462635,0.015984015984016,ok,0.296032734388899,0.08012145247242497,0.0093741384063965,1.0,0
SIG235,TCGA_COADREAD,6,6,0.538542570330896,1,0.470824949698189,0.257787234564135,0.0013096222773643,0.0349366265843354,0.537427190482092,0.493506493506494,ok,0.857059446654822,0.0011153798488040545,0.0013096222773643,1.0,0
SIG237,TCGA_COADREAD,6,5,0.590407733300285,0,0.574446680080483,0.506740839241776,0.010545905707196,0.028436789080273,0.538139794274383,0.0929070929070929,ok,0.533377450574903,0.05226793902590199,0.010545905707196,0.0,0
SIG238,TCGA_COADREAD,6,6,0.517102491014996,1,0.550301810865191,0.233522110298198,0.0018610421836229,0.0219369515762106,0.537427190482092,0.756243756243756,ok,0.939312410143829,-0.02032469946709603,0.0018610421836229,1.0,1
SIG240,TCGA_COADREAD,6,6,0.522431528070393,0,0.544600938967136,0.0669908004630238,0.0049627791563275,0.0219369515762106,0.537427190482092,0.677322677322677,ok,0.913912434870519,-0.014995662411699029,0.0049627791563275,1.0,0
SIG242,TCGA_COADREAD,6,6,0.543313917461891,0,0.553655264922871,0.422147474507086,0.0024124620898815,0.012187195320117,0.537427190482092,0.443556443556444,ok,0.831168831168831,0.005886726979798973,0.0024124620898815,1.0,1
SIG244,TCGA_COADREAD,13,11,0.728095179080431,0,0.698859825620389,1.50468113495388,0.0303970223325063,0.0414364640883978,0.538852398066675,0.0009990009990009,ok,0.0771799628942486,0.18924278101375602,0.0303970223325063,1.0,0
SIG245,TCGA_COADREAD,3,2,0.535320361878795,0,0.579476861167002,0.29600148699645,-0.0004824924179762,0.012187195320117,0.536807535010534,0.517482517482518,ok,0.866422741345342,-0.0014871731317390724,-0.0004824924179762,0.0,0
SIG246,TCGA_COADREAD,5,5,0.516049076713347,1,0.532193158953722,0.246493447476249,-0.0003446374414115,0.0024374390640233,0.538139794274383,0.779220779220779,ok,0.950278293135436,-0.022090717561035977,-0.0003446374414115,1.0,1
SIG247,TCGA_COADREAD,3,3,0.631181063328789,0,0.585513078470825,0.566075712193545,0.0042735042735042,0.012187195320117,0.538263725368695,0.0069930069930069,ok,0.205533596837945,0.09291733796009394,0.0042735042735042,1.0,0
SIG248,TCGA_COADREAD,5,5,0.531354566860825,1,0.502347417840376,0.314351463821066,0.0003446374414116,0.0154371140721482,0.538139794274383,0.59040959040959,ok,0.886926406926407,-0.006785227413557915,0.0003446374414116,1.0,0
SIG251,TCGA_COADREAD,14,14,0.707832445160491,0,0.724010731052985,1.49864810566687,0.0217121588089331,0.044686382840429,0.54201264097162,0.0009990009990009,ok,0.0771799628942486,0.165819804188871,0.0217121588089331,1.0,0
SIG252,TCGA_COADREAD,3,3,0.532841739992564,1,0.508718980549967,0.18177752457536,0.0012406947890819,0.0349366265843354,0.538263725368695,0.555444555444555,ok,0.881959775277478,-0.005421985376131033,0.0012406947890819,1.0,0
SIG253,TCGA_COADREAD,3,2,0.511339695129508,0,0.569416498993964,0.213470643957906,0.0004824924179762,0.0251868703282418,0.536807535010534,0.829170829170829,ok,0.962930813830557,-0.025467839881025967,0.0004824924179762,0.0,0
SIG255,TCGA_COADREAD,3,2,0.621576403519643,0,0.615358819584172,0.3165782461835,0.007788806175903,0.0316867078323042,0.536807535010534,0.013986013986014,ok,0.276045122760451,0.08476886850910903,0.007788806175903,1.0,0
SIG256,TCGA_COADREAD,5,5,0.585016730697732,0,0.577464788732394,0.278662666604411,0.0064791838985387,0.0251868703282418,0.538139794274383,0.110889110889111,ok,0.57113172541744,0.046876936423349,0.0064791838985387,1.0,2
SIG257,TCGA_COADREAD,4,4,0.548828851158756,0,0.577129443326626,0.294615863459405,0.0095119933829611,0.0251868703282418,0.536156896765399,0.357642357642358,ok,0.785235816814764,0.012671954393356999,0.0095119933829611,1.0,0
SIG258,TCGA_COADREAD,6,4,0.600817945222456,0,0.621730382293763,0.520010927955518,0.0001378549765647,0.028436789080273,0.536156896765399,0.048951048951049,ok,0.432560903149138,0.064661048457057,0.0001378549765647,1.0,2
SIG259,TCGA_COADREAD,6,6,0.500557689924402,0,0.5,0.118005440721469,0.0006203473945409,0.0316867078323042,0.537427190482092,0.989010989010989,ok,0.998240281554951,-0.036869500557690005,0.0006203473945409,1.0,0
SIG260,TCGA_COADREAD,5,5,0.503408105093568,0,0.501341381623072,-0.0827995070311907,-0.0002757099531292,0.012187195320117,0.538139794274383,0.953046953046953,ok,0.99269605587017,-0.03473168918081493,-0.0002757099531292,1.0,2
SIG261,TCGA_COADREAD,14,14,0.577085140661792,0,0.591884641180416,1.08387318580387,0.0022746071133168,0.0349366265843354,0.54201264097162,0.175824175824176,ok,0.666223264606014,0.0350724996901719,0.0022746071133168,1.0,1
SIG262,TCGA_COADREAD,6,5,0.511959350601066,1,0.499664654594232,0.265334787397113,0.0002757099531293,0.0349366265843354,0.538139794274383,0.84015984015984,ok,0.966720088422216,-0.026180443673316955,0.0002757099531293,1.0,0
SIG263,TCGA_COADREAD,4,4,0.584582971867642,1,0.657612340710932,0.599744776541412,0.0068238213399504,0.0381865453363666,0.536156896765399,0.0879120879120879,ok,0.520162550797124,0.04842607510224295,0.0068238213399504,1.0,1
SIG264,TCGA_COADREAD,6,6,0.621266575783864,0,0.655600268276325,0.59156214812992,0.0051695616211745,0.0219369515762106,0.537427190482092,0.012987012987013,ok,0.266036993309721,0.08383938530177204,0.0051695616211745,1.0,0
SIG265,TCGA_COADREAD,7,7,0.541331019952906,0,0.516431924882629,0.108434297633697,0.000206782464847,0.0251868703282418,0.538604535878052,0.473526473526474,ok,0.847957340672572,0.0027264840748539854,0.000206782464847,1.0,1
SIG267,TCGA_COADREAD,11,11,0.560478374024043,0,0.573105298457411,0.394033918942307,0.0048938516680452,0.0414364640883978,0.538852398066675,0.311688311688312,ok,0.753407228252771,0.021625975957368038,0.0048938516680452,1.0,0
SIG268,TCGA_COADREAD,6,6,0.583839385301772,0,0.583165660630449,0.333217333744212,0.0059966914805624,0.0154371140721482,0.537427190482092,0.111888111888112,ok,0.574090046575815,0.046412194819680064,0.0059966914805624,1.0,0
SIG269,TCGA_COADREAD,3,1,0.512702937166935,0,0.574111334674715,-0.0636596542281578,0.0019299696719051,0.012187195320117,0.535273887718429,0.803196803196803,ok,0.955496768959154,-0.02257095055149394,0.0019299696719051,1.0,0
SIG270,TCGA_COADREAD,4,4,0.596728219110175,0,0.625083836351442,0.428669798441676,0.0056520540391509,0.0316867078323042,0.536156896765399,0.0579420579420579,ok,0.45021645021645,0.060571322344776024,0.0056520540391509,1.0,0
SIG272,TCGA_COADREAD,4,4,0.582724005452968,0,0.607310529845741,0.216776357559624,0.0013785497656465,0.012187195320117,0.536156896765399,0.0999000999000999,ok,0.542429458092109,0.04656710868756897,0.0013785497656465,1.0,2
SIG273,TCGA_COADREAD,4,4,0.504089726112282,0,0.577800134138162,0.171538533620502,-0.0021367521367521,-0.0008124796880078,0.536156896765399,0.926073926073926,ok,0.983446526012238,-0.03206717065311704,-0.0021367521367521,1.0,3
SIG274,TCGA_COADREAD,8,8,0.521254182674433,0,0.579141515761234,0.0564175710818215,-0.0009649848359525,0.0186870328241794,0.54024662287768,0.73026973026973,ok,0.932758313958125,-0.018992440203246974,-0.0009649848359525,1.0,1
SIG275,TCGA_COADREAD,4,4,0.539967777915479,0,0.567404426559356,0.258037980615745,0.0104080507306314,0.0219369515762106,0.536156896765399,0.453546453546454,ok,0.835415265932977,0.003810881150079992,0.0104080507306314,1.0,0
SIG276,TCGA_COADREAD,12,12,0.626409716197794,0,0.603957075788062,0.482059281362319,0.0150951199338296,0.0381865453363666,0.540029743462635,0.0079920079920079,ok,0.218286763741309,0.08637997273515896,0.0150951199338296,1.0,0
SIG277,TCGA_COADREAD,6,6,0.507064072375759,1,0.467806841046278,-0.0291738707461652,-0.0018610421836228,0.0219369515762106,0.537427190482092,0.898101898101898,ok,0.981507735292596,-0.030363118106332965,-0.0018610421836228,1.0,0
SIG278,TCGA_COADREAD,5,5,0.543437848556203,1,0.601945003353454,0.828737279687469,0.0012406947890819,0.044686382840429,0.538139794274383,0.440559440559441,ok,0.828999810210666,0.005298054281820064,0.0012406947890819,1.0,0
SIG279,TCGA_COADREAD,7,7,0.608935431899864,0,0.668343393695506,0.604715922393919,0.0122001654259719,0.0154371140721482,0.538604535878052,0.023976023976024,ok,0.358183253210878,0.07033089602181197,0.0122001654259719,1.0,0
SIG281,TCGA_COADREAD,4,4,0.569649275003098,0,0.595908786049631,0.16723632593464,0.0037220843672456,0.0349366265843354,0.536156896765399,0.16983016983017,ok,0.666223264606014,0.033492378237699016,0.0037220843672456,1.0,0
SIG283,TCGA_COADREAD,10,9,0.545792539348122,1,0.461770623742455,0.11313893366679,0.0088916459884201,-0.004062398440039,0.541207088858595,0.447552447552448,ok,0.831740081224617,0.0045854504895269654,0.0088916459884201,1.0,0
SIG284,TCGA_COADREAD,3,3,0.669723633659685,0,0.672367538564722,0.557407196683463,0.0166115246760408,0.0316867078323042,0.538263725368695,0.0009990009990009,ok,0.0771799628942486,0.13145990829098997,0.0166115246760408,1.0,1
SIG285,TCGA_COADREAD,9,9,0.561221960589912,0,0.533199195171026,0.156700174704504,-0.0008271298593878,0.0056873578160546,0.541207088858595,0.294705294705295,ok,0.749099639855942,0.020014871731316997,-0.0008271298593878,1.0,0
SIG287,TCGA_COADREAD,3,3,0.591461147601933,0,0.569751844399732,0.267562040922992,0.0077198786876207,0.012187195320117,0.538263725368695,0.0759240759240759,ok,0.495767761650115,0.05319742223323798,0.0077198786876207,1.0,0
SIG288,TCGA_COADREAD,5,5,0.60385425703309,0,0.576123407109323,0.297109404679714,0.0059277639922801,0.0251868703282418,0.538139794274383,0.03996003996004,ok,0.410843908942768,0.06571446275870707,0.0059277639922801,1.0,0
SIG289,TCGA_COADREAD,17,17,0.565187755607882,1,0.526827632461435,0.753629604984653,0.0036531568789632,0.0349366265843354,0.542508365348866,0.265734265734266,ok,0.733323931744465,0.022679390259015997,0.0036531568789632,1.0,1
SIG290,TCGA_COADREAD,3,3,0.630561407857231,0,0.650570087189806,0.366892883696609,0.0008960573476702,0.0251868703282418,0.538263725368695,0.0069930069930069,ok,0.205533596837945,0.09229768248853598,0.0008960573476702,1.0,0
SIG291,TCGA_COADREAD,3,3,0.646362622381956,0,0.632461435278337,0.495112239687446,0.0028949545078578,0.0251868703282418,0.538263725368695,0.002997002997003,ok,0.15007215007215,0.10809889701326092,0.0028949545078578,1.0,0
SIG293,TCGA_COADREAD,7,6,0.523422976824885,0,0.535211267605634,0.027582866057354,0.0016542597187758,0.0056873578160546,0.537427190482092,0.663336663336663,ok,0.91369473593953,-0.014004213657206943,0.0016542597187758,1.0,0
SIG294,TCGA_COADREAD,4,3,0.567542446399802,0,0.564050972501677,0.397196703983695,0.0026192445547284,0.0154371140721482,0.538263725368695,0.228771228771229,ok,0.712800223559001,0.029278721031106958,0.0026192445547284,1.0,2
SIG295,TCGA_COADREAD,9,9,0.536373776180444,0,0.551307847082495,0.129616372125256,0.0009649848359525,0.0186870328241794,0.541207088858595,0.547452547452548,ok,0.878042029018939,-0.004833312678151014,0.0009649848359525,0.0,0
SIG296,TCGA_COADREAD,11,11,0.501487173131739,1,0.482226693494299,0.106729303820701,-0.0002757099531292,0.0349366265843354,0.538852398066675,0.986013986013986,ok,0.996331023236853,-0.03736522493493599,-0.0002757099531292,1.0,0
SIG298,TCGA_COADREAD,9,8,0.522121700334614,0,0.508048289738431,-0.0009859000048953,0.0060656189688448,0.0219369515762106,0.54024662287768,0.717282717282717,ok,0.929174684296171,-0.01812492254306597,0.0060656189688448,1.0,0
SIG300,TCGA_COADREAD,5,5,0.548642954517288,1,0.569416498993964,0.228541257163096,-0.0005514199062586,-0.0008124796880078,0.538139794274383,0.395604395604396,ok,0.812235600390498,0.010503160242904985,-0.0005514199062586,1.0,1
SIG301,TCGA_COADREAD,7,7,0.647973726608006,1,0.659959758551308,0.823401433494421,0.0141301350978771,0.0479363015924602,0.538604535878052,0.0009990009990009,ok,0.0771799628942486,0.10936919072995399,0.0141301350978771,1.0,0
SIG302,TCGA_COADREAD,6,5,0.595364977072748,1,0.570422535211268,0.581325884381477,0.0073063137579266,0.0381865453363666,0.538139794274383,0.0699300699300699,ok,0.481147351376359,0.05722518279836508,0.0073063137579266,1.0,0
SIG303,TCGA_COADREAD,3,3,0.553724129384063,0,0.561703554661301,0.316041813671878,0.003377446925834,0.0186870328241794,0.538263725368695,0.347652347652348,ok,0.782306802108782,0.015460404015367968,0.003377446925834,1.0,0
SIG304,TCGA_COADREAD,4,4,0.683789812864048,1,0.730046948356808,0.965202222919745,0.0225392886683209,0.044686382840429,0.536156896765399,0.0009990009990009,ok,0.0771799628942486,0.14763291609864904,0.0225392886683209,1.0,1
SIG305,TCGA_COADREAD,7,7,0.595612839261371,0,0.591884641180416,0.37169449522198,0.0062034739454094,0.0316867078323042,0.538604535878052,0.0699300699300699,ok,0.481147351376359,0.05700830338331897,0.0062034739454094,1.0,0
SIG306,TCGA_COADREAD,11,11,0.550873714214897,0,0.530181086519115,0.0323964889883403,0.0004135649296939,0.0154371140721482,0.538852398066675,0.385614385614386,ok,0.809550697749456,0.012021316148221994,0.0004135649296939,1.0,0
SIG307,TCGA_COADREAD,13,12,0.563266823646053,0,0.593226022803488,0.241660213532227,0.0021367521367521,0.0381865453363666,0.540029743462635,0.267732267732268,ok,0.733323931744465,0.02323708018341797,0.0021367521367521,1.0,0
SIG309,TCGA_COADREAD,3,2,0.646672450117735,0,0.673708920187793,0.491842024463768,0.021298593879239,0.0251868703282418,0.536807535010534,0.001998001998002,ok,0.108051948051948,0.10986491510720098,0.021298593879239,1.0,1
SIG311,TCGA_COADREAD,5,5,0.598587185524848,0,0.599597585513079,0.498264922148961,0.0093052109181142,0.0381865453363666,0.538139794274383,0.0579420579420579,ok,0.45021645021645,0.060447391250465055,0.0093052109181142,1.0,0
SIG312,TCGA_COADREAD,9,9,0.601871359524105,0,0.570757880617036,0.459266028709451,0.0117176730079955,0.0186870328241794,0.541207088858595,0.054945054945055,ok,0.444824636441403,0.060664270665509945,0.0117176730079955,0.0,0
SIG313,TCGA_COADREAD,3,3,0.528132358408725,0,0.566063044936284,0.0453179303737557,0.000206782464847,0.0316867078323042,0.538263725368695,0.605394605394606,ok,0.892091015251778,-0.010131366959970078,0.000206782464847,1.0,3
SIG314,TCGA_COADREAD,8,8,0.571570206964928,0,0.625754527162978,0.637931460551969,0.0043424317617866,0.0089372765680857,0.54024662287768,0.204795204795205,ok,0.685354249710685,0.031323584087248,0.0043424317617866,0.0,1
SIG315,TCGA_COADREAD,8,8,0.54480109059363,0,0.560362173038229,0.107939582945879,0.0015164047422111,0.028436789080273,0.54024662287768,0.445554445554446,ok,0.831740081224617,0.004554467715950028,0.0015164047422111,1.0,2
SIG316,TCGA_COADREAD,10,10,0.58005948692527,0,0.582159624413146,0.403391786009994,0.0059966914805624,0.0186870328241794,0.541300037179328,0.158841158841159,ok,0.648801349707694,0.03875944974594203,0.0059966914805624,1.0,0
SIG317,TCGA_COADREAD,7,7,0.542818193084645,1,0.562709590878605,0.55440453024207,-0.0011717673007996,0.0186870328241794,0.538604535878052,0.45954045954046,ok,0.837894404988134,0.004213657206592947,-0.0011717673007996,1.0,2
SIG318,TCGA_COADREAD,4,4,0.62250588672698,0,0.594567404426559,0.416635604681371,0.0096498483595257,0.0219369515762106,0.536156896765399,0.0079920079920079,ok,0.218286763741309,0.08634898996158102,0.0096498483595257,1.0,0
SIG319,TCGA_COADREAD,8,8,0.542136572065931,0,0.507042253521127,-0.0155497354916496,-0.0002757099531292,0.012187195320117,0.54024662287768,0.477522477522478,ok,0.851920746795911,0.0018899491882510278,-0.0002757099531292,1.0,0
SIG320,TCGA_COADREAD,8,8,0.549324575536002,0,0.561032863849765,0.170119990019959,-0.0011717673007996,0.012187195320117,0.54024662287768,0.396603396603397,ok,0.812436048799685,0.009077952658322008,-0.0011717673007996,1.0,0
SIG321,TCGA_COADREAD,3,3,0.505638864791176,1,0.510395707578806,0.159498473652505,0.0004135649296939,0.0186870328241794,0.538263725368695,0.91008991008991,ok,0.981507735292596,-0.03262486057751901,0.0004135649296939,1.0,1
SIG322,TCGA_COADREAD,7,7,0.506506382451357,1,0.5,0.214212262680875,0.0010339123242348,0.0316867078323042,0.538604535878052,0.903096903096903,ok,0.981507735292596,-0.032098153426694975,0.0010339123242348,1.0,0
SIG323,TCGA_COADREAD,5,5,0.636138307101252,0,0.66130114017438,1.04505576014764,0.0068238213399504,0.0381865453363666,0.538139794274383,0.0089910089910089,ok,0.231539888682746,0.097998512826869,0.0068238213399504,1.0,0
SIG324,TCGA_COADREAD,3,3,0.651010038418639,0,0.658618376928236,0.690427617780043,0.0097187758478081,0.028436789080273,0.538263725368695,0.001998001998002,ok,0.108051948051948,0.11274631304994398,0.0097187758478081,1.0,0
SIG325,TCGA_COADREAD,3,3,0.678770603544429,0,0.586854460093897,0.668769635474135,0.0130272952853598,0.0251868703282418,0.538263725368695,0.0009990009990009,ok,0.0771799628942486,0.14050687817573393,0.0130272952853598,1.0,0
SIG326,TCGA_COADREAD,9,8,0.504027760565126,1,0.470154258886653,0.0446939021156885,-0.0004135649296939,0.0056873578160546,0.54024662287768,0.94005994005994,ok,0.989845045919812,-0.036218862312554,-0.0004135649296939,0.0,2
SIG327,TCGA_COADREAD,3,3,0.675734291733796,0,0.663313212608987,0.828684300160832,0.0208161014612628,0.044686382840429,0.538263725368695,0.0009990009990009,ok,0.0771799628942486,0.1374705663651009,0.0208161014612628,1.0,2
SIG328,TCGA_COADREAD,9,6,0.527388771842855,1,0.485915492957747,0.136916143816081,0.0002757099531293,0.0381865453363666,0.537427190482092,0.622377622377622,ok,0.898989898989899,-0.010038418639236935,0.0002757099531293,1.0,0
SIG329,TCGA_COADREAD,5,5,0.574854380964184,0,0.47887323943662,0.266148694765539,-0.0009649848359525,0.012187195320117,0.538139794274383,0.157842157842158,ok,0.648801349707694,0.03671458668980099,-0.0009649848359525,1.0,0
SIG330,TCGA_COADREAD,16,16,0.583591523113149,0,0.627431254191818,0.394395102066302,0.0093741384063965,0.028436789080273,0.542973106952534,0.137862137862138,ok,0.623376623376623,0.04061841616061501,0.0093741384063965,1.0,0
SIG331,TCGA_COADREAD,4,4,0.56977320609741,0,0.553655264922871,0.19436048369495,-0.0004135649296939,0.012187195320117,0.536156896765399,0.16983016983017,ok,0.666223264606014,0.033616309332010985,-0.0004135649296939,1.0,1
SIG332,TCGA_COADREAD,3,3,0.598587185524848,0,0.632796780684105,0.275626566049442,0.0055141990625862,0.0154371140721482,0.538263725368695,0.0609390609390609,ok,0.460111317254174,0.060323460156152975,0.0055141990625862,1.0,1
SIG334,TCGA_COADREAD,4,4,0.524662287768001,0,0.445003353454058,-0.178726641783691,-0.0053763440860215,0.0056873578160546,0.536156896765399,0.648351648351648,ok,0.912619915222726,-0.01149460899739807,-0.0053763440860215,1.0,0
SIG335,TCGA_COADREAD,8,8,0.599330772090718,0,0.64654594232059,0.831449530814279,0.0001378549765647,0.028436789080273,0.54024662287768,0.0609390609390609,ok,0.460111317254174,0.05908414921303795,0.0001378549765647,1.0,0
SIG336,TCGA_COADREAD,3,3,0.668794150452349,0,0.670355466130114,0.935326667224101,0.0210918114143921,0.044686382840429,0.538263725368695,0.0009990009990009,ok,0.0771799628942486,0.13053042508365398,0.0210918114143921,1.0,0
SIG337,TCGA_COADREAD,4,4,0.500805552113025,1,0.45439302481556,0.061178280130305,-0.0001378549765646,0.0251868703282418,0.536156896765399,0.983016983016983,ok,0.996331023236853,-0.035351344652373995,-0.0001378549765646,1.0,0
SIG338,TCGA_COADREAD,3,3,0.582600074358657,1,0.616700201207244,0.479205642822842,0.0037220843672456,0.0186870328241794,0.538263725368695,0.118881118881119,ok,0.593089567259309,0.04433634898996197,0.0037220843672456,1.0,0
