sig_id,pmcid,k,tcga_train,home
SIG001,PMC13380873,PMC13380873,,
SIG002,PMC13530082,PMC13530082,1.0,
SIG003,PMC12640859,PMC12640859,1.0,
SIG004,PMC11842742,PMC11842742,1.0,GSE39582
SIG005,PMC12830534,PMC12830534,1.0,GSE17536;GSE39582
SIG006,PMC13392207,PMC13392207,1.0,
SIG007,PMC13407781,PMC13407781,,
SIG009,PMC13234113,PMC13234113,1.0,
SIG010,PMC11895157,PMC11895157,,
SIG011,PMC11780071,PMC11780071,,GSE38832;GSE39582
SIG012,PMC12629019,PMC12629019,1.0,
SIG013,PMC12813002,PMC12813002,1.0,
SIG014,PMC12872855,PMC12872855,1.0,
SIG015,PMC12873357,PMC12873357,1.0,
SIG016,PMC13379586,PMC13379586,,
SIG018,PMC11815678,PMC11815678,1.0,GSE39582
SIG019,PMC12325823,PMC12325823,1.0,
SIG020,PMC12193651,PMC12193651,1.0,
SIG021,PMC13104719,PMC13104719,1.0,
SIG022,PMC13512344,PMC13512344,1.0,
SIG023,PMC12972033,PMC12972033,1.0,
SIG024,PMC13291139,PMC13291139,1.0,
SIG025,PMC12714941,PMC12714941,1.0,
SIG026,PMC12049353,PMC12049353,1.0,
SIG027,PMC11912041,PMC11912041,,
SIG028,PMC12075585,PMC12075585,1.0,GSE39582
SIG029,PMC11695588,PMC11695588,1.0,GSE39582
SIG030,PMC13227730,PMC13227730,1.0,
SIG031,PMC12308843,PMC12308843,1.0,
SIG032,PMC13555847,PMC13555847,1.0,
SIG033,PMC13474844,PMC13474844,1.0,
SIG034,PMC12714093,PMC12714093,1.0,
SIG035,PMC12604944,PMC12604944,1.0,
SIG036,PMC11565104,PMC11565104,1.0,GSE17536;GSE39582
SIG037,PMC13255607,PMC13255607,1.0,
SIG038,PMC12141457,PMC12141457,1.0,
SIG039,PMC12162164,PMC12162164,1.0,GSE39582
SIG040,PMC12279720,PMC12279720,1.0,
SIG041,PMC12789220,PMC12789220,1.0,
SIG042,PMC12796083,PMC12796083,,
SIG043,PMC11830669,PMC11830669,1.0,
SIG044,PMC13161029,PMC13161029,1.0,
SIG045,PMC11368510,PMC11368510,1.0,
SIG046,PMC9947833,PMC9947833,1.0,
SIG047,PMC12432772,PMC12432772,1.0,
SIG048,PMC13068838,PMC13068838,1.0,GSE39582
SIG049,PMC9833974,PMC9833974,1.0,
SIG050,PMC12573216,PMC12573216,1.0,
SIG051,PMC11887667,PMC11887667,,
SIG052,PMC10900655,PMC10900655,1.0,
SIG053,PMC12011795,PMC12011795,1.0,
SIG054,PMC11437988,PMC11437988,1.0,
SIG055,PMC13202878,PMC13202878,1.0,
SIG056,PMC12711009,PMC12711009,1.0,GSE17536;GSE39582
SIG057,PMC12370611,PMC12370611,1.0,
SIG058,PMC12632091,PMC12632091,1.0,
SIG059,PMC11153738,PMC11153738,1.0,GSE38832
SIG060,PMC12560344,PMC12560344,1.0,
SIG062,PMC13223593,PMC13223593,1.0,GSE39582
SIG063,PMC12549743,PMC12549743,0.0,
SIG064,PMC13144465,PMC13144465,1.0,GSE39582
SIG065,PMC10064275,PMC10064275,,
SIG066,PMC12475495,PMC12475495,1.0,GSE39582
SIG067,PMC12955017,PMC12955017,0.0,
SIG068,PMC12051713,PMC12051713,,
SIG069,PMC12372309,PMC12372309,1.0,GSE29621
SIG070,PMC11330954,PMC11330954,,GSE38832
SIG071,PMC11724613,PMC11724613,0.0,GSE29621;GSE38832
SIG072,PMC11064262,PMC11064262,1.0,GSE17536
SIG073,PMC12774564,PMC12774564,1.0,
SIG074,PMC10120913,PMC10120913,1.0,GSE39582
SIG075,PMC12657517,PMC12657517,,
SIG076,PMC12264272,PMC12264272,,
SIG077,PMC9932052,PMC9932052,,
SIG078,PMC11231763,PMC11231763,1.0,GSE39582
SIG079,PMC12354152,PMC12354152,1.0,GSE39582
SIG080,PMC12668565,PMC12668565,1.0,GSE39582
SIG081,PMC11992224,PMC11992224,1.0,
SIG082,PMC12903564,PMC12903564,1.0,GSE17537
SIG083,PMC10988322,PMC10988322,,
SIG084,PMC11315798,PMC11315798,1.0,GSE29621;GSE39582
SIG085,PMC11460896,PMC11460896,1.0,GSE39582
SIG086,PMC11700200,PMC11700200,1.0,
SIG087,PMC12019262,PMC12019262,1.0,
SIG088,PMC10914658,PMC10914658,1.0,
SIG089,PMC11379549,PMC11379549,1.0,
SIG090,PMC11165834,PMC11165834,0.0,
SIG091,PMC11127854,PMC11127854,,
SIG093,PMC11776142,PMC11776142,1.0,
SIG094,PMC9678618,PMC9678618,,
SIG095,PMC10531437,PMC10531437,1.0,
SIG096,PMC12832467,PMC12832467,,
SIG097,PMC8893267,PMC8893267,1.0,GSE29621
SIG098,PMC9660228,PMC9660228,1.0,GSE39582
SIG099,PMC12307400,PMC12307400,0.0,GSE17536;GSE17537;GSE29621
SIG101,PMC11549462,PMC11549462,1.0,GSE17536;GSE39582
SIG102,PMC9530871,PMC9530871,1.0,
SIG107,PMC11936967,PMC11936967,1.0,GSE17536;GSE17537;GSE29621;GSE39582
SIG108,PMC10467603,PMC10467603,1.0,GSE39582
SIG109,PMC9515384,PMC9515384,,
SIG110,PMC12353796,PMC12353796,1.0,
SIG111,PMC11312262,PMC11312262,1.0,
SIG112,PMC11220232,PMC11220232,,
SIG113,PMC11210223,PMC11210223,1.0,GSE39582
SIG114,PMC10501863,PMC10501863,1.0,
SIG115,PMC12442288,PMC12442288,,GSE39582
SIG116,PMC11832829,PMC11832829,1.0,GSE39582
SIG117,PMC8364916,PMC8364916,1.0,GSE39582
SIG118,PMC11335547,PMC11335547,1.0,GSE39582
SIG119,PMC10499771,PMC10499771,1.0,
SIG120,PMC12170993,PMC12170993,1.0,
SIG121,PMC12137356,PMC12137356,1.0,
SIG122,PMC10169504,PMC10169504,1.0,GSE29621
SIG124,PMC13330288,PMC13330288,1.0,
SIG125,PMC12434033,PMC12434033,1.0,
SIG126,PMC13462155,PMC13462155,1.0,
SIG127,PMC13140166,PMC13140166,,GSE39582
SIG128,PMC13140268,PMC13140268,1.0,
SIG129,PMC13190658,PMC13190658,1.0,
SIG130,PMC13495355,PMC13495355,1.0,
SIG132,PMC13365090,PMC13365090,1.0,GSE87211
SIG133,PMC13139068,PMC13139068,1.0,GSE39582
SIG134,PMC11240279,PMC11240279,1.0,
SIG135,PMC13546553,PMC13546553,1.0,
SIG136,PMC12972029,PMC12972029,1.0,GSE17536;GSE39582
SIG138,PMC13546582,PMC13546582,0.0,GSE87211
SIG139,PMC12686144,PMC12686144,1.0,GSE39582
SIG140,PMC13323481,PMC13323481,1.0,GSE39582
SIG141,PMC12605350,PMC12605350,1.0,GSE17536;GSE38832;GSE39582
SIG142,PMC13311190,PMC13311190,1.0,
SIG143,PMC12528531,PMC12528531,0.0,GSE39582
SIG144,PMC12957696,PMC12957696,1.0,GSE87211
SIG145,PMC13493825,PMC13493825,,GSE87211
SIG146,PMC12256226,PMC12256226,1.0,
SIG147,PMC12807941,PMC12807941,1.0,
SIG148,PMC13480840,PMC13480840,1.0,GSE39582
SIG149,PMC13188045,PMC13188045,1.0,GSE17537
SIG150,PMC13408991,PMC13408991,1.0,
SIG151,PMC13190656,PMC13190656,1.0,
SIG152,PMC12816288,PMC12816288,1.0,
SIG153,PMC13191011,PMC13191011,1.0,
SIG154,PMC13590056,PMC13590056,1.0,GSE17536;GSE38832
SIG155,PMC13554000,PMC13554000,1.0,
SIG156,PMC12827789,PMC12827789,1.0,GSE17536;GSE39582
SIG157,PMC12778156,PMC12778156,1.0,
SIG159,PMC12885891,PMC12885891,1.0,
SIG161,PMC12537406,PMC12537406,1.0,
SIG163,PMC12268895,PMC12268895,1.0,
SIG164,PMC11706142,PMC11706142,1.0,GSE87211
SIG165,PMC11315090,PMC11315090,,
SIG166,PMC13137426,PMC13137426,1.0,
SIG167,PMC12499476,PMC12499476,1.0,GSE17536;GSE29621;GSE39582
SIG168,PMC12358598,PMC12358598,1.0,
SIG169,PMC11669901,PMC11669901,,GSE17536;GSE39582
SIG170,PMC13391988,PMC13391988,1.0,GSE39582
SIG171,PMC13350268,PMC13350268,1.0,
SIG172,PMC13188049,PMC13188049,1.0,GSE29621
SIG173,PMC13269035,PMC13269035,1.0,GSE17537
SIG175,PMC11921271,PMC11921271,1.0,
SIG176,PMC11889094,PMC11889094,1.0,
SIG177,PMC11693697,PMC11693697,1.0,GSE39582
SIG178,PMC10693327,PMC10693327,1.0,GSE39582
SIG179,PMC13201555,PMC13201555,1.0,
SIG180,PMC12929418,PMC12929418,1.0,
SIG181,PMC12888615,PMC12888615,1.0,GSE17536
SIG182,PMC12109330,PMC12109330,1.0,
SIG183,PMC11565111,PMC11565111,1.0,
SIG184,PMC13350010,PMC13350010,1.0,
SIG185,PMC11402624,PMC11402624,1.0,
SIG186,PMC12036084,PMC12036084,,
SIG187,PMC13224667,PMC13224667,1.0,GSE38832;GSE39582
SIG188,PMC13059483,PMC13059483,1.0,GSE39582
SIG189,PMC13033421,PMC13033421,1.0,GSE17536
SIG190,PMC10026208,PMC10026208,1.0,GSE39582
SIG191,PMC12375848,PMC12375848,0.0,
SIG192,PMC12748437,PMC12748437,1.0,
SIG193,PMC11246022,PMC11246022,1.0,GSE17536;GSE39582
SIG194,PMC12832349,PMC12832349,1.0,GSE87211
SIG195,PMC12855974,PMC12855974,1.0,GSE39582
SIG196,PMC12704202,PMC12704202,1.0,
SIG197,PMC12554512,PMC12554512,,
SIG198,PMC12748476,PMC12748476,1.0,GSE39582
SIG199,PMC11806682,PMC11806682,1.0,
SIG200,PMC13088502,PMC13088502,1.0,
SIG201,PMC11905983,PMC11905983,1.0,
SIG202,PMC12452079,PMC12452079,1.0,
SIG203,PMC11781745,PMC11781745,1.0,
SIG204,PMC12062125,PMC12062125,0.0,
SIG205,PMC13486420,PMC13486420,,GSE17536;GSE39582
SIG206,PMC12487216,PMC12487216,1.0,GSE17537;GSE39582
SIG207,PMC11701073,PMC11701073,1.0,GSE39582
SIG208,PMC12003684,PMC12003684,1.0,
SIG209,PMC11823094,PMC11823094,1.0,
SIG210,PMC13446019,PMC13446019,0.0,
SIG211,PMC12648302,PMC12648302,1.0,
SIG212,PMC12971587,PMC12971587,1.0,GSE39582
SIG213,PMC12373585,PMC12373585,1.0,
SIG214,PMC12436457,PMC12436457,1.0,
SIG215,PMC12582976,PMC12582976,1.0,
SIG216,PMC13187096,PMC13187096,1.0,
SIG217,PMC11914417,PMC11914417,1.0,
SIG218,PMC11135095,PMC11135095,1.0,GSE17536;GSE29621;GSE39582
SIG219,PMC11331578,PMC11331578,,
SIG220,PMC12705519,PMC12705519,,
SIG221,PMC10644708,PMC10644708,1.0,
SIG222,PMC11315184,PMC11315184,0.0,
SIG223,PMC10187888,PMC10187888,1.0,
SIG224,PMC12378483,PMC12378483,1.0,GSE87211
SIG225,PMC12890678,PMC12890678,1.0,GSE39582
SIG226,PMC12092877,PMC12092877,1.0,
SIG227,PMC12731441,PMC12731441,,
SIG228,PMC11805743,PMC11805743,1.0,
SIG229,PMC12819916,PMC12819916,1.0,
SIG230,PMC11133358,PMC11133358,1.0,GSE39582
SIG231,PMC12182055,PMC12182055,1.0,
SIG232,PMC11688056,PMC11688056,1.0,GSE17536
SIG233,PMC12457583,PMC12457583,1.0,GSE39582
SIG234,PMC10782177,PMC10782177,1.0,
SIG235,PMC11089903,PMC11089903,1.0,
SIG236,PMC12644335,PMC12644335,,
SIG237,PMC8351728,PMC8351728,0.0,
SIG238,PMC11133253,PMC11133253,1.0,GSE38832
SIG239,PMC12542104,PMC12542104,,
SIG240,PMC12218319,PMC12218319,1.0,
SIG241,PMC12696748,PMC12696748,,
SIG242,PMC10891168,PMC10891168,1.0,GSE39582
SIG243,PMC10782594,PMC10782594,,
SIG244,PMC10762008,PMC10762008,1.0,
SIG245,PMC13150367,PMC13150367,0.0,
SIG246,PMC12596427,PMC12596427,1.0,GSE17536
SIG247,PMC12605414,PMC12605414,1.0,
SIG248,PMC13006312,PMC13006312,1.0,
SIG249,PMC12708551,PMC12708551,,
SIG250,PMC12868254,PMC12868254,,
SIG251,PMC11297001,PMC11297001,1.0,
SIG252,PMC11743568,PMC11743568,1.0,
SIG253,PMC11646222,PMC11646222,0.0,
SIG254,PMC12628777,PMC12628777,,
SIG255,PMC12481119,PMC12481119,1.0,
SIG256,PMC12712030,PMC12712030,1.0,GSE29621;GSE39582
SIG257,PMC12439576,PMC12439576,1.0,
SIG258,PMC9129977,PMC9129977,1.0,GSE39582;GSE87211
SIG259,PMC11319978,PMC11319978,1.0,
SIG260,PMC9240351,PMC9240351,1.0,GSE17536;GSE39582
SIG261,PMC10281280,PMC10281280,1.0,GSE17536
SIG262,PMC12117421,PMC12117421,1.0,
SIG263,PMC9755665,PMC9755665,1.0,GSE72970
SIG264,PMC11762008,PMC11762008,1.0,
SIG265,PMC12706935,PMC12706935,1.0,GSE39582
SIG266,PMC11026370,PMC11026370,,
SIG267,PMC9485806,PMC9485806,1.0,
SIG268,PMC10763205,PMC10763205,1.0,
SIG269,PMC12246428,PMC12246428,1.0,
SIG270,PMC10720326,PMC10720326,1.0,
SIG271,PMC12692440,PMC12692440,,
SIG272,PMC12374693,PMC12374693,1.0,GSE17536;GSE39582
SIG273,PMC10007896,PMC10007896,1.0,GSE29621;GSE38832;GSE39582
SIG274,PMC10369052,PMC10369052,1.0,GSE17537
SIG275,PMC12328357,PMC12328357,1.0,
SIG276,PMC11807041,PMC11807041,1.0,
SIG277,PMC9552517,PMC9552517,1.0,
SIG278,PMC10809275,PMC10809275,1.0,
SIG279,PMC9024084,PMC9024084,1.0,
SIG280,PMC11543054,PMC11543054,,
SIG281,PMC12562277,PMC12562277,1.0,
SIG282,PMC9947352,PMC9947352,,GSE39582
SIG283,PMC9636133,PMC9636133,1.0,
SIG284,PMC10367930,PMC10367930,1.0,GSE17536
SIG285,PMC11574123,PMC11574123,1.0,
SIG286,PMC11000021,PMC11000021,,
SIG287,PMC9506318,PMC9506318,1.0,
SIG288,PMC12534154,PMC12534154,1.0,
SIG289,PMC11233961,PMC11233961,1.0,GSE39582
SIG290,PMC10243598,PMC10243598,1.0,
SIG291,PMC11103399,PMC11103399,1.0,
SIG292,PMC11473805,PMC11473805,,
SIG293,PMC10411999,PMC10411999,1.0,
SIG294,PMC9931195,PMC9931195,1.0,GSE39582;GSE72970
SIG295,PMC12267444,PMC12267444,0.0,
SIG296,PMC7807455,PMC7807455,1.0,
SIG297,PMC12441128,PMC12441128,,
SIG298,PMC9197389,PMC9197389,1.0,
SIG300,PMC9039781,PMC9039781,1.0,GSE39582
SIG301,PMC11231782,PMC11231782,1.0,
SIG302,PMC11197172,PMC11197172,1.0,
SIG303,PMC11099447,PMC11099447,1.0,
SIG304,PMC11004054,PMC11004054,1.0,GSE39582
SIG305,PMC11893970,PMC11893970,1.0,
SIG306,PMC8927973,PMC8927973,1.0,
SIG307,PMC10837438,PMC10837438,1.0,
SIG308,PMC9997814,PMC9997814,,
SIG309,PMC12024535,PMC12024535,1.0,GSE17537
SIG310,PMC10907202,PMC10907202,,
SIG311,PMC10403602,PMC10403602,1.0,
SIG312,PMC11246870,PMC11246870,0.0,
SIG313,PMC11592260,PMC11592260,1.0,GSE17536;GSE38832;GSE39582
SIG314,PMC9913156,PMC9913156,0.0,GSE17536
SIG315,PMC10909728,PMC10909728,1.0,GSE38832;GSE39582
SIG316,PMC12328883,PMC12328883,1.0,
SIG317,PMC10439494,PMC10439494,1.0,GSE17536;GSE39582
SIG318,PMC7251179,PMC7251179,1.0,
SIG319,PMC9633963,PMC9633963,1.0,
SIG320,PMC10756133,PMC10756133,1.0,
SIG321,PMC11603958,PMC11603958,1.0,GSE39582
SIG322,PMC10915942,PMC10915942,1.0,
SIG323,PMC7969881,PMC7969881,1.0,
SIG324,PMC10767253,PMC10767253,1.0,
SIG325,PMC10829884,PMC10829884,1.0,
SIG326,PMC8280527,PMC8280527,0.0,GSE17536;GSE39582
SIG327,PMC11562497,PMC11562497,1.0,GSE17536;GSE29621
SIG328,PMC12434122,PMC12434122,1.0,
SIG329,PMC9493070,PMC9493070,1.0,
SIG330,PMC8420973,PMC8420973,1.0,
SIG331,PMC10303343,PMC10303343,1.0,GSE87211
SIG332,PMC10583018,PMC10583018,1.0,GSE39582
SIG334,PMC8812245,PMC8812245,1.0,
SIG335,PMC9340224,PMC9340224,1.0,
SIG336,PMC9513147,PMC9513147,1.0,
SIG337,PMC10987941,PMC10987941,1.0,
SIG338,PMC9992543,PMC9992543,1.0,
